id,employee_id,task_type_code,start_week,end_week,start_date,end_date,topic,location,notes,imported_at,import_batch_id,source_file_name,created_at,updated_at,task_date,year_month,cw_week,day_of_month,task_type
1775,2c1769ec-018d-46e5-a052-78351dc59866,P,CW01,CW01,2025-01-02,2025-01-02,LBP,SU,,2025-11-26 06:51:57.90379+00,7802c383-1ec0-41ae-9739-8ecc2faf327c,Task.xlsx,2025-11-26 06:51:57.90379+00,2025-11-26 06:51:57.90379+00,2025-01-02,2025-01,CW01,2,P
1776,2c1769ec-018d-46e5-a052-78351dc59866,WS,CW01,CW01,2025-01-03,2025-01-03,AM,ED,,2025-11-26 06:51:57.90379+00,7802c383-1ec0-41ae-9739-8ecc2faf327c,Task.xlsx,2025-11-26 06:51:57.90379+00,2025-11-26 06:51:57.90379+00,2025-01-03,2025-01,CW01,3,WS
1777,2c1769ec-018d-46e5-a052-78351dc59866,M,CW02,CW02,2025-01-06,2025-01-06,SC,CG,,2025-11-26 06:51:57.90379+00,7802c383-1ec0-41ae-9739-8ecc2faf327c,Task.xlsx,2025-11-26 06:51:57.90379+00,2025-11-26 06:51:57.90379+00,2025-01-06,2025-01,CW02,6,M
1778,2c1769ec-018d-46e5-a052-78351dc59866,P,CW02,CW02,2025-01-07,2025-01-07,LBP,SU,,2025-11-26 06:51:57.90379+00,7802c383-1ec0-41ae-9739-8ecc2faf327c,Task.xlsx,2025-11-26 06:51:57.90379+00,2025-11-26 06:51:57.90379+00,2025-01-07,2025-01,CW02,7,P
1779,2c1769ec-018d-46e5-a052-78351dc59866,WS,CW02,CW02,2025-01-08,2025-01-08,Strategy,OP,,2025-11-26 06:51:57.90379+00,7802c383-1ec0-41ae-9739-8ecc2faf327c,Task.xlsx,2025-11-26 06:51:57.90379+00,2025-11-26 06:51:57.90379+00,2025-01-08,2025-01,CW02,8,WS
1780,2c1769ec-018d-46e5-a052-78351dc59866,WS,CW02,CW02,2025-01-09,2025-01-09,Pillar,LCN,,2025-11-26 06:51:57.90379+00,7802c383-1ec0-41ae-9739-8ecc2faf327c,Task.xlsx,2025-11-26 06:51:57.90379+00,2025-11-26 06:51:57.90379+00,2025-01-09,2025-01,CW02,9,WS
1781,2c1769ec-018d-46e5-a052-78351dc59866,T,CW02,CW02,2025-01-10,2025-01-10,PCS,HA,,2025-11-26 06:51:57.90379+00,7802c383-1ec0-41ae-9739-8ecc2faf327c,Task.xlsx,2025-11-26 06:51:57.90379+00,2025-11-26 06:51:57.90379+00,2025-01-10,2025-01,CW02,10,T
1782,2c1769ec-018d-46e5-a052-78351dc59866,P,CW03,CW03,2025-01-13,2025-01-13,CABLEX,SU,,2025-11-26 06:51:57.90379+00,7802c383-1ec0-41ae-9739-8ecc2faf327c,Task.xlsx,2025-11-26 06:51:57.90379+00,2025-11-26 06:51:57.90379+00,2025-01-13,2025-01,CW03,13,P
1783,2c1769ec-018d-46e5-a052-78351dc59866,P,CW03,CW03,2025-01-14,2025-01-14,,SU,,2025-11-26 06:51:57.90379+00,7802c383-1ec0-41ae-9739-8ecc2faf327c,Task.xlsx,2025-11-26 06:51:57.90379+00,2025-11-26 06:51:57.90379+00,2025-01-14,2025-01,CW03,14,P
1784,2c1769ec-018d-46e5-a052-78351dc59866,WS,CW03,CW03,2025-01-15,2025-01-15,FI,LCN,,2025-11-26 06:51:57.90379+00,7802c383-1ec0-41ae-9739-8ecc2faf327c,Task.xlsx,2025-11-26 06:51:57.90379+00,2025-11-26 06:51:57.90379+00,2025-01-15,2025-01,CW03,15,WS
1785,2c1769ec-018d-46e5-a052-78351dc59866,M,CW03,CW03,2025-01-16,2025-01-16,FPR,LCC,,2025-11-26 06:51:57.90379+00,7802c383-1ec0-41ae-9739-8ecc2faf327c,Task.xlsx,2025-11-26 06:51:57.90379+00,2025-11-26 06:51:57.90379+00,2025-01-16,2025-01,CW03,16,M
1786,2c1769ec-018d-46e5-a052-78351dc59866,M,CW03,CW03,2025-01-17,2025-01-17,LBP,SU,,2025-11-26 06:51:57.90379+00,7802c383-1ec0-41ae-9739-8ecc2faf327c,Task.xlsx,2025-11-26 06:51:57.90379+00,2025-11-26 06:51:57.90379+00,2025-01-17,2025-01,CW03,17,M
1787,2c1769ec-018d-46e5-a052-78351dc59866,WS,CW04,CW04,2025-01-20,2025-01-20,FI,ED,,2025-11-26 06:51:57.90379+00,7802c383-1ec0-41ae-9739-8ecc2faf327c,Task.xlsx,2025-11-26 06:51:57.90379+00,2025-11-26 06:51:57.90379+00,2025-01-20,2025-01,CW04,20,WS
1788,2c1769ec-018d-46e5-a052-78351dc59866,P,CW04,CW04,2025-01-21,2025-01-21,LBP,SU,,2025-11-26 06:51:57.90379+00,7802c383-1ec0-41ae-9739-8ecc2faf327c,Task.xlsx,2025-11-26 06:51:57.90379+00,2025-11-26 06:51:57.90379+00,2025-01-21,2025-01,CW04,21,P
1789,2c1769ec-018d-46e5-a052-78351dc59866,WS,CW04,CW04,2025-01-23,2025-01-23,Strategy,CP,,2025-11-26 06:51:57.90379+00,7802c383-1ec0-41ae-9739-8ecc2faf327c,Task.xlsx,2025-11-26 06:51:57.90379+00,2025-11-26 06:51:57.90379+00,2025-01-23,2025-01,CW04,23,WS
1790,2c1769ec-018d-46e5-a052-78351dc59866,M,CW04,CW04,2025-01-24,2025-01-24,BMT,SC,,2025-11-26 06:51:57.90379+00,7802c383-1ec0-41ae-9739-8ecc2faf327c,Task.xlsx,2025-11-26 06:51:57.90379+00,2025-11-26 06:51:57.90379+00,2025-01-24,2025-01,CW04,24,M
1791,2c1769ec-018d-46e5-a052-78351dc59866,WS,CW06,CW06,2025-02-06,2025-02-06,Strategy,SNa,,2025-11-26 06:51:57.90379+00,7802c383-1ec0-41ae-9739-8ecc2faf327c,Task.xlsx,2025-11-26 06:51:57.90379+00,2025-11-26 06:51:57.90379+00,2025-02-06,2025-02,CW06,6,WS
1792,2c1769ec-018d-46e5-a052-78351dc59866,P,CW06,CW06,2025-02-07,2025-02-07,LBP,SU,,2025-11-26 06:51:57.90379+00,7802c383-1ec0-41ae-9739-8ecc2faf327c,Task.xlsx,2025-11-26 06:51:57.90379+00,2025-11-26 06:51:57.90379+00,2025-02-07,2025-02,CW06,7,P
1793,2c1769ec-018d-46e5-a052-78351dc59866,T,CW06,CW06,2025-02-08,2025-02-08,Pillar,EA,,2025-11-26 06:51:57.90379+00,7802c383-1ec0-41ae-9739-8ecc2faf327c,Task.xlsx,2025-11-26 06:51:57.90379+00,2025-11-26 06:51:57.90379+00,2025-02-08,2025-02,CW06,8,T
1794,2c1769ec-018d-46e5-a052-78351dc59866,P,CW07,CW07,2025-02-11,2025-02-11,LBP,SU,,2025-11-26 06:51:57.90379+00,7802c383-1ec0-41ae-9739-8ecc2faf327c,Task.xlsx,2025-11-26 06:51:57.90379+00,2025-11-26 06:51:57.90379+00,2025-02-11,2025-02,CW07,11,P
1795,2c1769ec-018d-46e5-a052-78351dc59866,P,CW07,CW07,2025-02-12,2025-02-12,KAM,SU,,2025-11-26 06:51:57.90379+00,7802c383-1ec0-41ae-9739-8ecc2faf327c,Task.xlsx,2025-11-26 06:51:57.90379+00,2025-11-26 06:51:57.90379+00,2025-02-12,2025-02,CW07,12,P
1796,2c1769ec-018d-46e5-a052-78351dc59866,P,CW07,CW07,2025-02-13,2025-02-13,,SU,,2025-11-26 06:51:57.90379+00,7802c383-1ec0-41ae-9739-8ecc2faf327c,Task.xlsx,2025-11-26 06:51:57.90379+00,2025-11-26 06:51:57.90379+00,2025-02-13,2025-02,CW07,13,P
1797,2c1769ec-018d-46e5-a052-78351dc59866,M,CW07,CW07,2025-02-14,2025-02-14,FI,EA,,2025-11-26 06:51:57.90379+00,7802c383-1ec0-41ae-9739-8ecc2faf327c,Task.xlsx,2025-11-26 06:51:57.90379+00,2025-11-26 06:51:57.90379+00,2025-02-14,2025-02,CW07,14,M
1798,2c1769ec-018d-46e5-a052-78351dc59866,P,CW08,CW08,2025-02-18,2025-02-18,LBP,SU,,2025-11-26 06:51:57.90379+00,7802c383-1ec0-41ae-9739-8ecc2faf327c,Task.xlsx,2025-11-26 06:51:57.90379+00,2025-11-26 06:51:57.90379+00,2025-02-18,2025-02,CW08,18,P
1799,2c1769ec-018d-46e5-a052-78351dc59866,M,CW08,CW08,2025-02-20,2025-02-20,FPR,CG,,2025-11-26 06:51:57.90379+00,7802c383-1ec0-41ae-9739-8ecc2faf327c,Task.xlsx,2025-11-26 06:51:57.90379+00,2025-11-26 06:51:57.90379+00,2025-02-20,2025-02,CW08,20,M
1800,2c1769ec-018d-46e5-a052-78351dc59866,T,CW08,CW08,2025-02-21,2025-02-21,LBP,LN,,2025-11-26 06:51:57.90379+00,7802c383-1ec0-41ae-9739-8ecc2faf327c,Task.xlsx,2025-11-26 06:51:57.90379+00,2025-11-26 06:51:57.90379+00,2025-02-21,2025-02,CW08,21,T
1801,2c1769ec-018d-46e5-a052-78351dc59866,P,CW09,CW09,2025-02-24,2025-02-24,FSP KYOBEN,SC,,2025-11-26 06:51:57.90379+00,7802c383-1ec0-41ae-9739-8ecc2faf327c,Task.xlsx,2025-11-26 06:51:57.90379+00,2025-11-26 06:51:57.90379+00,2025-02-24,2025-02,CW09,24,P
1802,2c1769ec-018d-46e5-a052-78351dc59866,P,CW09,CW09,2025-02-25,2025-02-25,,SC,,2025-11-26 06:51:57.90379+00,7802c383-1ec0-41ae-9739-8ecc2faf327c,Task.xlsx,2025-11-26 06:51:57.90379+00,2025-11-26 06:51:57.90379+00,2025-02-25,2025-02,CW09,25,P
1803,2c1769ec-018d-46e5-a052-78351dc59866,P,CW09,CW09,2025-02-26,2025-02-26,,SC,,2025-11-26 06:51:57.90379+00,7802c383-1ec0-41ae-9739-8ecc2faf327c,Task.xlsx,2025-11-26 06:51:57.90379+00,2025-11-26 06:51:57.90379+00,2025-02-26,2025-02,CW09,26,P
1804,2c1769ec-018d-46e5-a052-78351dc59866,M,CW09,CW09,2025-02-27,2025-02-27,FPR,CG,,2025-11-26 06:51:57.90379+00,7802c383-1ec0-41ae-9739-8ecc2faf327c,Task.xlsx,2025-11-26 06:51:57.90379+00,2025-11-26 06:51:57.90379+00,2025-02-27,2025-02,CW09,27,M
1805,2c1769ec-018d-46e5-a052-78351dc59866,P,CW09,CW09,2025-02-28,2025-02-28,,SC,,2025-11-26 06:51:57.90379+00,7802c383-1ec0-41ae-9739-8ecc2faf327c,Task.xlsx,2025-11-26 06:51:57.90379+00,2025-11-26 06:51:57.90379+00,2025-02-28,2025-02,CW09,28,P
1806,2c1769ec-018d-46e5-a052-78351dc59866,WS,CW10,CW10,2025-03-03,2025-03-03,HPC,OP,,2025-11-26 06:51:57.90379+00,7802c383-1ec0-41ae-9739-8ecc2faf327c,Task.xlsx,2025-11-26 06:51:57.90379+00,2025-11-26 06:51:57.90379+00,2025-03-03,2025-03,CW10,3,WS
1807,2c1769ec-018d-46e5-a052-78351dc59866,P,CW10,CW10,2025-03-04,2025-03-04,LBP,SU,,2025-11-26 06:51:57.90379+00,7802c383-1ec0-41ae-9739-8ecc2faf327c,Task.xlsx,2025-11-26 06:51:57.90379+00,2025-11-26 06:51:57.90379+00,2025-03-04,2025-03,CW10,4,P
1808,2c1769ec-018d-46e5-a052-78351dc59866,T,CW10,CW10,2025-03-05,2025-03-05,HPC,HR,,2025-11-26 06:51:57.90379+00,7802c383-1ec0-41ae-9739-8ecc2faf327c,Task.xlsx,2025-11-26 06:51:57.90379+00,2025-11-26 06:51:57.90379+00,2025-03-05,2025-03,CW10,5,T
1809,2c1769ec-018d-46e5-a052-78351dc59866,T,CW10,CW10,2025-03-07,2025-03-07,STUDY,EA,,2025-11-26 06:51:57.90379+00,7802c383-1ec0-41ae-9739-8ecc2faf327c,Task.xlsx,2025-11-26 06:51:57.90379+00,2025-11-26 06:51:57.90379+00,2025-03-07,2025-03,CW10,7,T
1810,2c1769ec-018d-46e5-a052-78351dc59866,WS,CW11,CW11,2025-03-10,2025-03-10,Stra,CP,,2025-11-26 06:51:57.90379+00,7802c383-1ec0-41ae-9739-8ecc2faf327c,Task.xlsx,2025-11-26 06:51:57.90379+00,2025-11-26 06:51:57.90379+00,2025-03-10,2025-03,CW11,10,WS
1811,2c1769ec-018d-46e5-a052-78351dc59866,P,CW11,CW11,2025-03-11,2025-03-11,LBP,SU,,2025-11-26 06:51:57.90379+00,7802c383-1ec0-41ae-9739-8ecc2faf327c,Task.xlsx,2025-11-26 06:51:57.90379+00,2025-11-26 06:51:57.90379+00,2025-03-11,2025-03,CW11,11,P
1812,2c1769ec-018d-46e5-a052-78351dc59866,WS,CW11,CW11,2025-03-12,2025-03-12,PM,LC,,2025-11-26 06:51:57.90379+00,7802c383-1ec0-41ae-9739-8ecc2faf327c,Task.xlsx,2025-11-26 06:51:57.90379+00,2025-11-26 06:51:57.90379+00,2025-03-12,2025-03,CW11,12,WS
1813,2c1769ec-018d-46e5-a052-78351dc59866,P,CW11,CW11,2025-03-13,2025-03-13,LBP,SU,,2025-11-26 06:51:57.90379+00,7802c383-1ec0-41ae-9739-8ecc2faf327c,Task.xlsx,2025-11-26 06:51:57.90379+00,2025-11-26 06:51:57.90379+00,2025-03-13,2025-03,CW11,13,P
1814,2c1769ec-018d-46e5-a052-78351dc59866,T,CW11,CW11,2025-03-14,2025-03-14,HPC,HR,,2025-11-26 06:51:57.90379+00,7802c383-1ec0-41ae-9739-8ecc2faf327c,Task.xlsx,2025-11-26 06:51:57.90379+00,2025-11-26 06:51:57.90379+00,2025-03-14,2025-03,CW11,14,T
1815,2c1769ec-018d-46e5-a052-78351dc59866,M,CW12,CW12,2025-03-17,2025-03-17,FPR,DC,,2025-11-26 06:51:57.90379+00,7802c383-1ec0-41ae-9739-8ecc2faf327c,Task.xlsx,2025-11-26 06:51:57.90379+00,2025-11-26 06:51:57.90379+00,2025-03-17,2025-03,CW12,17,M
1816,2c1769ec-018d-46e5-a052-78351dc59866,P,CW12,CW12,2025-03-18,2025-03-18,LBP,SU,,2025-11-26 06:51:57.90379+00,7802c383-1ec0-41ae-9739-8ecc2faf327c,Task.xlsx,2025-11-26 06:51:57.90379+00,2025-11-26 06:51:57.90379+00,2025-03-18,2025-03,CW12,18,P
1817,2c1769ec-018d-46e5-a052-78351dc59866,P,CW12,CW12,2025-03-19,2025-03-19,Nidec,SU,,2025-11-26 06:51:57.90379+00,7802c383-1ec0-41ae-9739-8ecc2faf327c,Task.xlsx,2025-11-26 06:51:57.90379+00,2025-11-26 06:51:57.90379+00,2025-03-19,2025-03,CW12,19,P
1818,2c1769ec-018d-46e5-a052-78351dc59866,T,CW12,CW12,2025-03-20,2025-03-20,,SU,,2025-11-26 06:51:57.90379+00,7802c383-1ec0-41ae-9739-8ecc2faf327c,Task.xlsx,2025-11-26 06:51:57.90379+00,2025-11-26 06:51:57.90379+00,2025-03-20,2025-03,CW12,20,T
1819,2c1769ec-018d-46e5-a052-78351dc59866,P,CW12,CW12,2025-03-21,2025-03-21,,SU,,2025-11-26 06:51:57.90379+00,7802c383-1ec0-41ae-9739-8ecc2faf327c,Task.xlsx,2025-11-26 06:51:57.90379+00,2025-11-26 06:51:57.90379+00,2025-03-21,2025-03,CW12,21,P
1820,2c1769ec-018d-46e5-a052-78351dc59866,P,CW13,CW13,2025-03-24,2025-03-24,FSP KYOBEN WK2,HA,,2025-11-26 06:51:57.90379+00,7802c383-1ec0-41ae-9739-8ecc2faf327c,Task.xlsx,2025-11-26 06:51:57.90379+00,2025-11-26 06:51:57.90379+00,2025-03-24,2025-03,CW13,24,P
1821,2c1769ec-018d-46e5-a052-78351dc59866,P,CW13,CW13,2025-03-25,2025-03-25,,HA,,2025-11-26 06:51:57.90379+00,7802c383-1ec0-41ae-9739-8ecc2faf327c,Task.xlsx,2025-11-26 06:51:57.90379+00,2025-11-26 06:51:57.90379+00,2025-03-25,2025-03,CW13,25,P
1822,2c1769ec-018d-46e5-a052-78351dc59866,P,CW13,CW13,2025-03-26,2025-03-26,,HA,,2025-11-26 06:51:57.90379+00,7802c383-1ec0-41ae-9739-8ecc2faf327c,Task.xlsx,2025-11-26 06:51:57.90379+00,2025-11-26 06:51:57.90379+00,2025-03-26,2025-03,CW13,26,P
1823,2c1769ec-018d-46e5-a052-78351dc59866,P,CW13,CW13,2025-03-27,2025-03-27,,HA,,2025-11-26 06:51:57.90379+00,7802c383-1ec0-41ae-9739-8ecc2faf327c,Task.xlsx,2025-11-26 06:51:57.90379+00,2025-11-26 06:51:57.90379+00,2025-03-27,2025-03,CW13,27,P
1824,2c1769ec-018d-46e5-a052-78351dc59866,P,CW13,CW13,2025-03-28,2025-03-28,,HA,,2025-11-26 06:51:57.90379+00,7802c383-1ec0-41ae-9739-8ecc2faf327c,Task.xlsx,2025-11-26 06:51:57.90379+00,2025-11-26 06:51:57.90379+00,2025-03-28,2025-03,CW13,28,P
1825,2c1769ec-018d-46e5-a052-78351dc59866,P,CW14,CW14,2025-04-01,2025-04-01,LBP,SU,,2025-11-26 06:51:57.90379+00,7802c383-1ec0-41ae-9739-8ecc2faf327c,Task.xlsx,2025-11-26 06:51:57.90379+00,2025-11-26 06:51:57.90379+00,2025-04-01,2025-04,CW14,1,P
1826,2c1769ec-018d-46e5-a052-78351dc59866,T,CW14,CW14,2025-04-03,2025-04-03,STUDY,EA,,2025-11-26 06:51:57.90379+00,7802c383-1ec0-41ae-9739-8ecc2faf327c,Task.xlsx,2025-11-26 06:51:57.90379+00,2025-11-26 06:51:57.90379+00,2025-04-03,2025-04,CW14,3,T
1827,2c1769ec-018d-46e5-a052-78351dc59866,WS,CW15,CW15,2025-04-07,2025-04-07,AM,ED,,2025-11-26 06:51:57.90379+00,7802c383-1ec0-41ae-9739-8ecc2faf327c,Task.xlsx,2025-11-26 06:51:57.90379+00,2025-11-26 06:51:57.90379+00,2025-04-07,2025-04,CW15,7,WS
1828,2c1769ec-018d-46e5-a052-78351dc59866,P,CW15,CW15,2025-04-08,2025-04-08,LBP,SU,,2025-11-26 06:51:57.90379+00,7802c383-1ec0-41ae-9739-8ecc2faf327c,Task.xlsx,2025-11-26 06:51:57.90379+00,2025-11-26 06:51:57.90379+00,2025-04-08,2025-04,CW15,8,P
1829,2c1769ec-018d-46e5-a052-78351dc59866,M,CW15,CW15,2025-04-09,2025-04-09,BPS,GPD,,2025-11-26 06:51:57.90379+00,7802c383-1ec0-41ae-9739-8ecc2faf327c,Task.xlsx,2025-11-26 06:51:57.90379+00,2025-11-26 06:51:57.90379+00,2025-04-09,2025-04,CW15,9,M
1830,2c1769ec-018d-46e5-a052-78351dc59866,P,CW15,CW15,2025-04-10,2025-04-10,Changfa,SU,,2025-11-26 06:51:57.90379+00,7802c383-1ec0-41ae-9739-8ecc2faf327c,Task.xlsx,2025-11-26 06:51:57.90379+00,2025-11-26 06:51:57.90379+00,2025-04-10,2025-04,CW15,10,P
1831,2c1769ec-018d-46e5-a052-78351dc59866,P,CW15,CW15,2025-04-11,2025-04-11,,SU,,2025-11-26 06:51:57.90379+00,7802c383-1ec0-41ae-9739-8ecc2faf327c,Task.xlsx,2025-11-26 06:51:57.90379+00,2025-11-26 06:51:57.90379+00,2025-04-11,2025-04,CW15,11,P
1832,2c1769ec-018d-46e5-a052-78351dc59866,P,CW16,CW16,2025-04-15,2025-04-15,LBP,SU,,2025-11-26 06:51:57.90379+00,7802c383-1ec0-41ae-9739-8ecc2faf327c,Task.xlsx,2025-11-26 06:51:57.90379+00,2025-11-26 06:51:57.90379+00,2025-04-15,2025-04,CW16,15,P
1833,2c1769ec-018d-46e5-a052-78351dc59866,M,CW16,CW16,2025-04-17,2025-04-17,FPR,ED,,2025-11-26 06:51:57.90379+00,7802c383-1ec0-41ae-9739-8ecc2faf327c,Task.xlsx,2025-11-26 06:51:57.90379+00,2025-11-26 06:51:57.90379+00,2025-04-17,2025-04,CW16,17,M
1834,2c1769ec-018d-46e5-a052-78351dc59866,P,CW17,CW17,2025-04-22,2025-04-22,,HA,,2025-11-26 06:51:57.90379+00,7802c383-1ec0-41ae-9739-8ecc2faf327c,Task.xlsx,2025-11-26 06:51:57.90379+00,2025-11-26 06:51:57.90379+00,2025-04-22,2025-04,CW17,22,P
1835,2c1769ec-018d-46e5-a052-78351dc59866,P,CW17,CW17,2025-04-23,2025-04-23,,HA,,2025-11-26 06:51:57.90379+00,7802c383-1ec0-41ae-9739-8ecc2faf327c,Task.xlsx,2025-11-26 06:51:57.90379+00,2025-11-26 06:51:57.90379+00,2025-04-23,2025-04,CW17,23,P
1836,2c1769ec-018d-46e5-a052-78351dc59866,P,CW17,CW17,2025-04-24,2025-04-24,,HA,,2025-11-26 06:51:57.90379+00,7802c383-1ec0-41ae-9739-8ecc2faf327c,Task.xlsx,2025-11-26 06:51:57.90379+00,2025-11-26 06:51:57.90379+00,2025-04-24,2025-04,CW17,24,P
1837,2c1769ec-018d-46e5-a052-78351dc59866,P,CW17,CW17,2025-04-25,2025-04-25,,HA,,2025-11-26 06:51:57.90379+00,7802c383-1ec0-41ae-9739-8ecc2faf327c,Task.xlsx,2025-11-26 06:51:57.90379+00,2025-11-26 06:51:57.90379+00,2025-04-25,2025-04,CW17,25,P
1838,2c1769ec-018d-46e5-a052-78351dc59866,WS,CW18,CW18,2025-04-28,2025-04-28,FI,LN,,2025-11-26 06:51:57.90379+00,7802c383-1ec0-41ae-9739-8ecc2faf327c,Task.xlsx,2025-11-26 06:51:57.90379+00,2025-11-26 06:51:57.90379+00,2025-04-28,2025-04,CW18,28,WS
1839,2c1769ec-018d-46e5-a052-78351dc59866,P,CW18,CW18,2025-04-29,2025-04-29,LBP,SU,,2025-11-26 06:51:57.90379+00,7802c383-1ec0-41ae-9739-8ecc2faf327c,Task.xlsx,2025-11-26 06:51:57.90379+00,2025-11-26 06:51:57.90379+00,2025-04-29,2025-04,CW18,29,P
1840,2c1769ec-018d-46e5-a052-78351dc59866,P,CW19,CW19,2025-05-06,2025-05-06,LBP,SU,,2025-11-26 06:51:57.90379+00,7802c383-1ec0-41ae-9739-8ecc2faf327c,Task.xlsx,2025-11-26 06:51:57.90379+00,2025-11-26 06:51:57.90379+00,2025-05-06,2025-05,CW19,6,P
1841,2c1769ec-018d-46e5-a052-78351dc59866,T,CW19,CW19,2025-05-09,2025-05-09,STUDY,EA,,2025-11-26 06:51:57.90379+00,7802c383-1ec0-41ae-9739-8ecc2faf327c,Task.xlsx,2025-11-26 06:51:57.90379+00,2025-11-26 06:51:57.90379+00,2025-05-09,2025-05,CW19,9,T
1842,2c1769ec-018d-46e5-a052-78351dc59866,P,CW20,CW20,2025-05-13,2025-05-13,LBP,SU,,2025-11-26 06:51:57.90379+00,7802c383-1ec0-41ae-9739-8ecc2faf327c,Task.xlsx,2025-11-26 06:51:57.90379+00,2025-11-26 06:51:57.90379+00,2025-05-13,2025-05,CW20,13,P
1843,2c1769ec-018d-46e5-a052-78351dc59866,WS,CW20,CW20,2025-05-15,2025-05-15,HPC,HR,,2025-11-26 06:51:57.90379+00,7802c383-1ec0-41ae-9739-8ecc2faf327c,Task.xlsx,2025-11-26 06:51:57.90379+00,2025-11-26 06:51:57.90379+00,2025-05-15,2025-05,CW20,15,WS
1844,2c1769ec-018d-46e5-a052-78351dc59866,WS,CW21,CW21,2025-05-19,2025-05-19,AM,CL,,2025-11-26 06:51:57.90379+00,7802c383-1ec0-41ae-9739-8ecc2faf327c,Task.xlsx,2025-11-26 06:51:57.90379+00,2025-11-26 06:51:57.90379+00,2025-05-19,2025-05,CW21,19,WS
1845,2c1769ec-018d-46e5-a052-78351dc59866,M,CW21,CW21,2025-05-20,2025-05-20,WCM,HF,,2025-11-26 06:51:57.90379+00,7802c383-1ec0-41ae-9739-8ecc2faf327c,Task.xlsx,2025-11-26 06:51:57.90379+00,2025-11-26 06:51:57.90379+00,2025-05-20,2025-05,CW21,20,M
1846,2c1769ec-018d-46e5-a052-78351dc59866,M,CW21,CW21,2025-05-21,2025-05-21,,HF,,2025-11-26 06:51:57.90379+00,7802c383-1ec0-41ae-9739-8ecc2faf327c,Task.xlsx,2025-11-26 06:51:57.90379+00,2025-11-26 06:51:57.90379+00,2025-05-21,2025-05,CW21,21,M
1847,2c1769ec-018d-46e5-a052-78351dc59866,P,CW21,CW21,2025-05-22,2025-05-22,LBP,SU,,2025-11-26 06:51:57.90379+00,7802c383-1ec0-41ae-9739-8ecc2faf327c,Task.xlsx,2025-11-26 06:51:57.90379+00,2025-11-26 06:51:57.90379+00,2025-05-22,2025-05,CW21,22,P
1848,2c1769ec-018d-46e5-a052-78351dc59866,P,CW22,CW22,2025-05-27,2025-05-27,LBP,SU,,2025-11-26 06:51:57.90379+00,7802c383-1ec0-41ae-9739-8ecc2faf327c,Task.xlsx,2025-11-26 06:51:57.90379+00,2025-11-26 06:51:57.90379+00,2025-05-27,2025-05,CW22,27,P
1849,2c1769ec-018d-46e5-a052-78351dc59866,M,CW22,CW22,2025-05-29,2025-05-29,FPR,CL,,2025-11-26 06:51:57.90379+00,7802c383-1ec0-41ae-9739-8ecc2faf327c,Task.xlsx,2025-11-26 06:51:57.90379+00,2025-11-26 06:51:57.90379+00,2025-05-29,2025-05,CW22,29,M
1850,2c1769ec-018d-46e5-a052-78351dc59866,P,CW23,CW23,2025-06-03,2025-06-03,LBP,SU,,2025-11-26 06:51:57.90379+00,7802c383-1ec0-41ae-9739-8ecc2faf327c,Task.xlsx,2025-11-26 06:51:57.90379+00,2025-11-26 06:51:57.90379+00,2025-06-03,2025-06,CW23,3,P
1851,2c1769ec-018d-46e5-a052-78351dc59866,T,CW23,CW23,2025-06-04,2025-06-04,LLD,LN,,2025-11-26 06:51:57.90379+00,7802c383-1ec0-41ae-9739-8ecc2faf327c,Task.xlsx,2025-11-26 06:51:57.90379+00,2025-11-26 06:51:57.90379+00,2025-06-04,2025-06,CW23,4,T
1852,2c1769ec-018d-46e5-a052-78351dc59866,T,CW23,CW23,2025-06-05,2025-06-05,FOL,LN,,2025-11-26 06:51:57.90379+00,7802c383-1ec0-41ae-9739-8ecc2faf327c,Task.xlsx,2025-11-26 06:51:57.90379+00,2025-11-26 06:51:57.90379+00,2025-06-05,2025-06,CW23,5,T
1853,2c1769ec-018d-46e5-a052-78351dc59866,T,CW23,CW23,2025-06-06,2025-06-06,STUDY,EA,,2025-11-26 06:51:57.90379+00,7802c383-1ec0-41ae-9739-8ecc2faf327c,Task.xlsx,2025-11-26 06:51:57.90379+00,2025-11-26 06:51:57.90379+00,2025-06-06,2025-06,CW23,6,T
1854,2c1769ec-018d-46e5-a052-78351dc59866,WS,CW24,CW24,2025-06-09,2025-06-09,Boot Camp,EA,,2025-11-26 06:51:57.90379+00,7802c383-1ec0-41ae-9739-8ecc2faf327c,Task.xlsx,2025-11-26 06:51:57.90379+00,2025-11-26 06:51:57.90379+00,2025-06-09,2025-06,CW24,9,WS
1855,2c1769ec-018d-46e5-a052-78351dc59866,WS,CW24,CW24,2025-06-10,2025-06-10,,HA,,2025-11-26 06:51:57.90379+00,7802c383-1ec0-41ae-9739-8ecc2faf327c,Task.xlsx,2025-11-26 06:51:57.90379+00,2025-11-26 06:51:57.90379+00,2025-06-10,2025-06,CW24,10,WS
1856,2c1769ec-018d-46e5-a052-78351dc59866,WS,CW24,CW24,2025-06-13,2025-06-13,Strategy,OP,,2025-11-26 06:51:57.90379+00,7802c383-1ec0-41ae-9739-8ecc2faf327c,Task.xlsx,2025-11-26 06:51:57.90379+00,2025-11-26 06:51:57.90379+00,2025-06-13,2025-06,CW24,13,WS
1857,2c1769ec-018d-46e5-a052-78351dc59866,P,CW25,CW25,2025-06-17,2025-06-17,LBP,SU,,2025-11-26 06:51:57.90379+00,7802c383-1ec0-41ae-9739-8ecc2faf327c,Task.xlsx,2025-11-26 06:51:57.90379+00,2025-11-26 06:51:57.90379+00,2025-06-17,2025-06,CW25,17,P
1858,2c1769ec-018d-46e5-a052-78351dc59866,M,CW25,CW25,2025-06-19,2025-06-19,FPR,LCN,,2025-11-26 06:51:57.90379+00,7802c383-1ec0-41ae-9739-8ecc2faf327c,Task.xlsx,2025-11-26 06:51:57.90379+00,2025-11-26 06:51:57.90379+00,2025-06-19,2025-06,CW25,19,M
1859,2c1769ec-018d-46e5-a052-78351dc59866,P,CW26,CW26,2025-06-24,2025-06-24,LBP,SU,,2025-11-26 06:51:57.90379+00,7802c383-1ec0-41ae-9739-8ecc2faf327c,Task.xlsx,2025-11-26 06:51:57.90379+00,2025-11-26 06:51:57.90379+00,2025-06-24,2025-06,CW26,24,P
1860,2c1769ec-018d-46e5-a052-78351dc59866,P,CW27,CW27,2025-06-30,2025-06-30,BPS,GPD,,2025-11-26 06:51:57.90379+00,7802c383-1ec0-41ae-9739-8ecc2faf327c,Task.xlsx,2025-11-26 06:51:57.90379+00,2025-11-26 06:51:57.90379+00,2025-06-30,2025-06,CW27,30,P
1861,2c1769ec-018d-46e5-a052-78351dc59866,P,CW27,CW27,2025-07-01,2025-07-01,Inteliigent F,SU,,2025-11-26 06:51:57.90379+00,7802c383-1ec0-41ae-9739-8ecc2faf327c,Task.xlsx,2025-11-26 06:51:57.90379+00,2025-11-26 06:51:57.90379+00,2025-07-01,2025-07,CW27,1,P
1862,2c1769ec-018d-46e5-a052-78351dc59866,P,CW27,CW27,2025-07-02,2025-07-02,,SU,,2025-11-26 06:51:57.90379+00,7802c383-1ec0-41ae-9739-8ecc2faf327c,Task.xlsx,2025-11-26 06:51:57.90379+00,2025-11-26 06:51:57.90379+00,2025-07-02,2025-07,CW27,2,P
1863,2c1769ec-018d-46e5-a052-78351dc59866,P,CW27,CW27,2025-07-03,2025-07-03,,SU,,2025-11-26 06:51:57.90379+00,7802c383-1ec0-41ae-9739-8ecc2faf327c,Task.xlsx,2025-11-26 06:51:57.90379+00,2025-11-26 06:51:57.90379+00,2025-07-03,2025-07,CW27,3,P
1864,2c1769ec-018d-46e5-a052-78351dc59866,P,CW27,CW27,2025-07-04,2025-07-04,STUDY,EA,,2025-11-26 06:51:57.90379+00,7802c383-1ec0-41ae-9739-8ecc2faf327c,Task.xlsx,2025-11-26 06:51:57.90379+00,2025-11-26 06:51:57.90379+00,2025-07-04,2025-07,CW27,4,P
1865,2c1769ec-018d-46e5-a052-78351dc59866,WS,CW28,CW28,2025-07-07,2025-07-07,Inteliigent F,LCC,,2025-11-26 06:51:57.90379+00,7802c383-1ec0-41ae-9739-8ecc2faf327c,Task.xlsx,2025-11-26 06:51:57.90379+00,2025-11-26 06:51:57.90379+00,2025-07-07,2025-07,CW28,7,WS
1866,2c1769ec-018d-46e5-a052-78351dc59866,P,CW28,CW28,2025-07-08,2025-07-08,,EA,,2025-11-26 06:51:57.90379+00,7802c383-1ec0-41ae-9739-8ecc2faf327c,Task.xlsx,2025-11-26 06:51:57.90379+00,2025-11-26 06:51:57.90379+00,2025-07-08,2025-07,CW28,8,P
1867,2c1769ec-018d-46e5-a052-78351dc59866,P,CW28,CW28,2025-07-09,2025-07-09,,EA,,2025-11-26 06:51:57.90379+00,7802c383-1ec0-41ae-9739-8ecc2faf327c,Task.xlsx,2025-11-26 06:51:57.90379+00,2025-11-26 06:51:57.90379+00,2025-07-09,2025-07,CW28,9,P
1868,2c1769ec-018d-46e5-a052-78351dc59866,P,CW28,CW28,2025-07-10,2025-07-10,,EA,,2025-11-26 06:51:57.90379+00,7802c383-1ec0-41ae-9739-8ecc2faf327c,Task.xlsx,2025-11-26 06:51:57.90379+00,2025-11-26 06:51:57.90379+00,2025-07-10,2025-07,CW28,10,P
1869,2c1769ec-018d-46e5-a052-78351dc59866,P,CW28,CW28,2025-07-11,2025-07-11,,EA,,2025-11-26 06:51:57.90379+00,7802c383-1ec0-41ae-9739-8ecc2faf327c,Task.xlsx,2025-11-26 06:51:57.90379+00,2025-11-26 06:51:57.90379+00,2025-07-11,2025-07,CW28,11,P
1870,2c1769ec-018d-46e5-a052-78351dc59866,P,CW29,CW29,2025-07-14,2025-07-14,Wareharness,EA,,2025-11-26 06:51:57.90379+00,7802c383-1ec0-41ae-9739-8ecc2faf327c,Task.xlsx,2025-11-26 06:51:57.90379+00,2025-11-26 06:51:57.90379+00,2025-07-14,2025-07,CW29,14,P
1871,2c1769ec-018d-46e5-a052-78351dc59866,P,CW29,CW29,2025-07-15,2025-07-15,,EA,,2025-11-26 06:51:57.90379+00,7802c383-1ec0-41ae-9739-8ecc2faf327c,Task.xlsx,2025-11-26 06:51:57.90379+00,2025-11-26 06:51:57.90379+00,2025-07-15,2025-07,CW29,15,P
1872,2c1769ec-018d-46e5-a052-78351dc59866,P,CW29,CW29,2025-07-16,2025-07-16,,EA,,2025-11-26 06:51:57.90379+00,7802c383-1ec0-41ae-9739-8ecc2faf327c,Task.xlsx,2025-11-26 06:51:57.90379+00,2025-11-26 06:51:57.90379+00,2025-07-16,2025-07,CW29,16,P
1873,2c1769ec-018d-46e5-a052-78351dc59866,M,CW29,CW29,2025-07-17,2025-07-17,FPR,RC,,2025-11-26 06:51:57.90379+00,7802c383-1ec0-41ae-9739-8ecc2faf327c,Task.xlsx,2025-11-26 06:51:57.90379+00,2025-11-26 06:51:57.90379+00,2025-07-17,2025-07,CW29,17,M
1874,2c1769ec-018d-46e5-a052-78351dc59866,WS,CW30,CW30,2025-07-24,2025-07-24,,,,2025-11-26 06:51:57.90379+00,7802c383-1ec0-41ae-9739-8ecc2faf327c,Task.xlsx,2025-11-26 06:51:57.90379+00,2025-11-26 06:51:57.90379+00,2025-07-24,2025-07,CW30,24,WS
1875,2c1769ec-018d-46e5-a052-78351dc59866,M,CW31,CW31,2025-07-28,2025-07-28,BPS,SNa,,2025-11-26 06:51:57.90379+00,7802c383-1ec0-41ae-9739-8ecc2faf327c,Task.xlsx,2025-11-26 06:51:57.90379+00,2025-11-26 06:51:57.90379+00,2025-07-28,2025-07,CW31,28,M
1876,2c1769ec-018d-46e5-a052-78351dc59866,T,CW31,CW31,2025-07-29,2025-07-29,PGL,LN,,2025-11-26 06:51:57.90379+00,7802c383-1ec0-41ae-9739-8ecc2faf327c,Task.xlsx,2025-11-26 06:51:57.90379+00,2025-11-26 06:51:57.90379+00,2025-07-29,2025-07,CW31,29,T
1877,2c1769ec-018d-46e5-a052-78351dc59866,P,CW32,CW32,2025-08-04,2025-08-04,MEJ,SCh,,2025-11-26 06:51:57.90379+00,7802c383-1ec0-41ae-9739-8ecc2faf327c,Task.xlsx,2025-11-26 06:51:57.90379+00,2025-11-26 06:51:57.90379+00,2025-08-04,2025-08,CW32,4,P
1878,2c1769ec-018d-46e5-a052-78351dc59866,WS,CW33,CW33,2025-08-11,2025-08-11,AM,CG,,2025-11-26 06:51:57.90379+00,7802c383-1ec0-41ae-9739-8ecc2faf327c,Task.xlsx,2025-11-26 06:51:57.90379+00,2025-11-26 06:51:57.90379+00,2025-08-11,2025-08,CW33,11,WS
1879,2c1769ec-018d-46e5-a052-78351dc59866,WS,CW33,CW33,2025-08-12,2025-08-12,Inegrateion,EA,,2025-11-26 06:51:57.90379+00,7802c383-1ec0-41ae-9739-8ecc2faf327c,Task.xlsx,2025-11-26 06:51:57.90379+00,2025-11-26 06:51:57.90379+00,2025-08-12,2025-08,CW33,12,WS
1880,2c1769ec-018d-46e5-a052-78351dc59866,WS,CW33,CW33,2025-08-15,2025-08-15,HPC,OP,,2025-11-26 06:51:57.90379+00,7802c383-1ec0-41ae-9739-8ecc2faf327c,Task.xlsx,2025-11-26 06:51:57.90379+00,2025-11-26 06:51:57.90379+00,2025-08-15,2025-08,CW33,15,WS
1881,2c1769ec-018d-46e5-a052-78351dc59866,WS,CW34,CW34,2025-08-18,2025-08-18,AM,CG,,2025-11-26 06:51:57.90379+00,7802c383-1ec0-41ae-9739-8ecc2faf327c,Task.xlsx,2025-11-26 06:51:57.90379+00,2025-11-26 06:51:57.90379+00,2025-08-18,2025-08,CW34,18,WS
1882,2c1769ec-018d-46e5-a052-78351dc59866,M,CW34,CW34,2025-08-21,2025-08-21,FPR,CG,,2025-11-26 06:51:57.90379+00,7802c383-1ec0-41ae-9739-8ecc2faf327c,Task.xlsx,2025-11-26 06:51:57.90379+00,2025-11-26 06:51:57.90379+00,2025-08-21,2025-08,CW34,21,M
1883,2c1769ec-018d-46e5-a052-78351dc59866,C,CW34,CW34,2025-08-22,2025-08-22,LF,EA,,2025-11-26 06:51:57.90379+00,7802c383-1ec0-41ae-9739-8ecc2faf327c,Task.xlsx,2025-11-26 06:51:57.90379+00,2025-11-26 06:51:57.90379+00,2025-08-22,2025-08,CW34,22,C
1884,2c1769ec-018d-46e5-a052-78351dc59866,L,CW35,CW35,2025-08-25,2025-08-25,Holiday,,,2025-11-26 06:51:57.90379+00,7802c383-1ec0-41ae-9739-8ecc2faf327c,Task.xlsx,2025-11-26 06:51:57.90379+00,2025-11-26 06:51:57.90379+00,2025-08-25,2025-08,CW35,25,L
1885,2c1769ec-018d-46e5-a052-78351dc59866,L,CW35,CW35,2025-08-26,2025-08-26,,,,2025-11-26 06:51:57.90379+00,7802c383-1ec0-41ae-9739-8ecc2faf327c,Task.xlsx,2025-11-26 06:51:57.90379+00,2025-11-26 06:51:57.90379+00,2025-08-26,2025-08,CW35,26,L
1886,2c1769ec-018d-46e5-a052-78351dc59866,L,CW35,CW35,2025-08-27,2025-08-27,,,,2025-11-26 06:51:57.90379+00,7802c383-1ec0-41ae-9739-8ecc2faf327c,Task.xlsx,2025-11-26 06:51:57.90379+00,2025-11-26 06:51:57.90379+00,2025-08-27,2025-08,CW35,27,L
1887,2c1769ec-018d-46e5-a052-78351dc59866,L,CW35,CW35,2025-08-28,2025-08-28,,,,2025-11-26 06:51:57.90379+00,7802c383-1ec0-41ae-9739-8ecc2faf327c,Task.xlsx,2025-11-26 06:51:57.90379+00,2025-11-26 06:51:57.90379+00,2025-08-28,2025-08,CW35,28,L
1888,2c1769ec-018d-46e5-a052-78351dc59866,L,CW35,CW35,2025-08-29,2025-08-29,,Shanghai,,2025-11-26 06:51:57.90379+00,7802c383-1ec0-41ae-9739-8ecc2faf327c,Task.xlsx,2025-11-26 06:51:57.90379+00,2025-11-26 06:51:57.90379+00,2025-08-29,2025-08,CW35,29,L
1889,2c1769ec-018d-46e5-a052-78351dc59866,WS,CW36,CW36,2025-09-01,2025-09-01,TPM,HA,,2025-11-26 06:51:57.90379+00,7802c383-1ec0-41ae-9739-8ecc2faf327c,Task.xlsx,2025-11-26 06:51:57.90379+00,2025-11-26 06:51:57.90379+00,2025-09-01,2025-09,CW36,1,WS
1890,2c1769ec-018d-46e5-a052-78351dc59866,WS,CW36,CW36,2025-09-02,2025-09-02,TE,EA,,2025-11-26 06:51:57.90379+00,7802c383-1ec0-41ae-9739-8ecc2faf327c,Task.xlsx,2025-11-26 06:51:57.90379+00,2025-11-26 06:51:57.90379+00,2025-09-02,2025-09,CW36,2,WS
1891,2c1769ec-018d-46e5-a052-78351dc59866,WS,CW36,CW36,2025-09-03,2025-09-03,PGL,EA,,2025-11-26 06:51:57.90379+00,7802c383-1ec0-41ae-9739-8ecc2faf327c,Task.xlsx,2025-11-26 06:51:57.90379+00,2025-11-26 06:51:57.90379+00,2025-09-03,2025-09,CW36,3,WS
1892,2c1769ec-018d-46e5-a052-78351dc59866,WS,CW36,CW36,2025-09-04,2025-09-04,HPC,HQ,,2025-11-26 06:51:57.90379+00,7802c383-1ec0-41ae-9739-8ecc2faf327c,Task.xlsx,2025-11-26 06:51:57.90379+00,2025-11-26 06:51:57.90379+00,2025-09-04,2025-09,CW36,4,WS
1893,2c1769ec-018d-46e5-a052-78351dc59866,T,CW36,CW36,2025-09-05,2025-09-05,STUDY,EA,,2025-11-26 06:51:57.90379+00,7802c383-1ec0-41ae-9739-8ecc2faf327c,Task.xlsx,2025-11-26 06:51:57.90379+00,2025-11-26 06:51:57.90379+00,2025-09-05,2025-09,CW36,5,T
1894,2c1769ec-018d-46e5-a052-78351dc59866,WS,CW37,CW37,2025-09-08,2025-09-08,PM,LCC,,2025-11-26 06:51:57.90379+00,7802c383-1ec0-41ae-9739-8ecc2faf327c,Task.xlsx,2025-11-26 06:51:57.90379+00,2025-11-26 06:51:57.90379+00,2025-09-08,2025-09,CW37,8,WS
1895,2c1769ec-018d-46e5-a052-78351dc59866,WS,CW37,CW37,2025-09-09,2025-09-09,AM,CL,,2025-11-26 06:51:57.90379+00,7802c383-1ec0-41ae-9739-8ecc2faf327c,Task.xlsx,2025-11-26 06:51:57.90379+00,2025-11-26 06:51:57.90379+00,2025-09-09,2025-09,CW37,9,WS
1896,2c1769ec-018d-46e5-a052-78351dc59866,WS,CW37,CW37,2025-09-10,2025-09-10,PGL,EA,,2025-11-26 06:51:57.90379+00,7802c383-1ec0-41ae-9739-8ecc2faf327c,Task.xlsx,2025-11-26 06:51:57.90379+00,2025-11-26 06:51:57.90379+00,2025-09-10,2025-09,CW37,10,WS
1897,2c1769ec-018d-46e5-a052-78351dc59866,C,CW37,CW37,2025-09-12,2025-09-12,LF,EA,,2025-11-26 06:51:57.90379+00,7802c383-1ec0-41ae-9739-8ecc2faf327c,Task.xlsx,2025-11-26 06:51:57.90379+00,2025-11-26 06:51:57.90379+00,2025-09-12,2025-09,CW37,12,C
1898,2c1769ec-018d-46e5-a052-78351dc59866,M,CW38,CW38,2025-09-16,2025-09-16,Kyoben,HA,,2025-11-26 06:51:57.90379+00,7802c383-1ec0-41ae-9739-8ecc2faf327c,Task.xlsx,2025-11-26 06:51:57.90379+00,2025-11-26 06:51:57.90379+00,2025-09-16,2025-09,CW38,16,M
1899,2c1769ec-018d-46e5-a052-78351dc59866,WS,CW38,CW38,2025-09-17,2025-09-17,EDSP,EA,,2025-11-26 06:51:57.90379+00,7802c383-1ec0-41ae-9739-8ecc2faf327c,Task.xlsx,2025-11-26 06:51:57.90379+00,2025-11-26 06:51:57.90379+00,2025-09-17,2025-09,CW38,17,WS
1900,2c1769ec-018d-46e5-a052-78351dc59866,C,CW38,CW38,2025-09-18,2025-09-18,LF,EA,,2025-11-26 06:51:57.90379+00,7802c383-1ec0-41ae-9739-8ecc2faf327c,Task.xlsx,2025-11-26 06:51:57.90379+00,2025-11-26 06:51:57.90379+00,2025-09-18,2025-09,CW38,18,C
1901,2c1769ec-018d-46e5-a052-78351dc59866,M,CW38,CW38,2025-09-19,2025-09-19,FPR,HA,,2025-11-26 06:51:57.90379+00,7802c383-1ec0-41ae-9739-8ecc2faf327c,Task.xlsx,2025-11-26 06:51:57.90379+00,2025-11-26 06:51:57.90379+00,2025-09-19,2025-09,CW38,19,M
1902,2c1769ec-018d-46e5-a052-78351dc59866,P,CW39,CW39,2025-09-22,2025-09-22,i-BLI Preparation,EA,,2025-11-26 06:51:57.90379+00,7802c383-1ec0-41ae-9739-8ecc2faf327c,Task.xlsx,2025-11-26 06:51:57.90379+00,2025-11-26 06:51:57.90379+00,2025-09-22,2025-09,CW39,22,P
1903,2c1769ec-018d-46e5-a052-78351dc59866,P,CW39,CW39,2025-09-23,2025-09-23,,EA,,2025-11-26 06:51:57.90379+00,7802c383-1ec0-41ae-9739-8ecc2faf327c,Task.xlsx,2025-11-26 06:51:57.90379+00,2025-11-26 06:51:57.90379+00,2025-09-23,2025-09,CW39,23,P
1904,2c1769ec-018d-46e5-a052-78351dc59866,P,CW39,CW39,2025-09-24,2025-09-24,,EA,,2025-11-26 06:51:57.90379+00,7802c383-1ec0-41ae-9739-8ecc2faf327c,Task.xlsx,2025-11-26 06:51:57.90379+00,2025-11-26 06:51:57.90379+00,2025-09-24,2025-09,CW39,24,P
1905,2c1769ec-018d-46e5-a052-78351dc59866,P,CW39,CW39,2025-09-25,2025-09-25,,EA,,2025-11-26 06:51:57.90379+00,7802c383-1ec0-41ae-9739-8ecc2faf327c,Task.xlsx,2025-11-26 06:51:57.90379+00,2025-11-26 06:51:57.90379+00,2025-09-25,2025-09,CW39,25,P
1906,2c1769ec-018d-46e5-a052-78351dc59866,P,CW39,CW39,2025-09-26,2025-09-26,,EA,,2025-11-26 06:51:57.90379+00,7802c383-1ec0-41ae-9739-8ecc2faf327c,Task.xlsx,2025-11-26 06:51:57.90379+00,2025-11-26 06:51:57.90379+00,2025-09-26,2025-09,CW39,26,P
1907,2c1769ec-018d-46e5-a052-78351dc59866,C,CW39,CW39,2025-09-28,2025-09-28,LF,EA,,2025-11-26 06:51:57.90379+00,7802c383-1ec0-41ae-9739-8ecc2faf327c,Task.xlsx,2025-11-26 06:51:57.90379+00,2025-11-26 06:51:57.90379+00,2025-09-28,2025-09,CW39,28,C
1908,2c1769ec-018d-46e5-a052-78351dc59866,WS,CW40,CW40,2025-09-29,2025-09-29,FI,LCN,,2025-11-26 06:51:57.90379+00,7802c383-1ec0-41ae-9739-8ecc2faf327c,Task.xlsx,2025-11-26 06:51:57.90379+00,2025-11-26 06:51:57.90379+00,2025-09-29,2025-09,CW40,29,WS
1909,2c1769ec-018d-46e5-a052-78351dc59866,T,CW40,CW40,2025-09-30,2025-09-30,STUDY,EA,,2025-11-26 06:51:57.90379+00,7802c383-1ec0-41ae-9739-8ecc2faf327c,Task.xlsx,2025-11-26 06:51:57.90379+00,2025-11-26 06:51:57.90379+00,2025-09-30,2025-09,CW40,30,T
1910,2c1769ec-018d-46e5-a052-78351dc59866,C,CW41,CW41,2025-10-09,2025-10-09,LF,EA,,2025-11-26 06:51:57.90379+00,7802c383-1ec0-41ae-9739-8ecc2faf327c,Task.xlsx,2025-11-26 06:51:57.90379+00,2025-11-26 06:51:57.90379+00,2025-10-09,2025-10,CW41,9,C
1911,2c1769ec-018d-46e5-a052-78351dc59866,C,CW41,CW41,2025-10-10,2025-10-10,LF,EA,,2025-11-26 06:51:57.90379+00,7802c383-1ec0-41ae-9739-8ecc2faf327c,Task.xlsx,2025-11-26 06:51:57.90379+00,2025-11-26 06:51:57.90379+00,2025-10-10,2025-10,CW41,10,C
1912,2c1769ec-018d-46e5-a052-78351dc59866,C,CW41,CW41,2025-10-11,2025-10-11,LF,EA,,2025-11-26 06:51:57.90379+00,7802c383-1ec0-41ae-9739-8ecc2faf327c,Task.xlsx,2025-11-26 06:51:57.90379+00,2025-11-26 06:51:57.90379+00,2025-10-11,2025-10,CW41,11,C
1913,2c1769ec-018d-46e5-a052-78351dc59866,P,CW42,CW42,2025-10-13,2025-10-13,i-BLI,EA,,2025-11-26 06:51:57.90379+00,7802c383-1ec0-41ae-9739-8ecc2faf327c,Task.xlsx,2025-11-26 06:51:57.90379+00,2025-11-26 06:51:57.90379+00,2025-10-13,2025-10,CW42,13,P
1914,2c1769ec-018d-46e5-a052-78351dc59866,P,CW42,CW42,2025-10-14,2025-10-14,,EA,,2025-11-26 06:51:57.90379+00,7802c383-1ec0-41ae-9739-8ecc2faf327c,Task.xlsx,2025-11-26 06:51:57.90379+00,2025-11-26 06:51:57.90379+00,2025-10-14,2025-10,CW42,14,P
1915,2c1769ec-018d-46e5-a052-78351dc59866,P,CW42,CW42,2025-10-15,2025-10-15,,EA,,2025-11-26 06:51:57.90379+00,7802c383-1ec0-41ae-9739-8ecc2faf327c,Task.xlsx,2025-11-26 06:51:57.90379+00,2025-11-26 06:51:57.90379+00,2025-10-15,2025-10,CW42,15,P
1916,2c1769ec-018d-46e5-a052-78351dc59866,P,CW42,CW42,2025-10-16,2025-10-16,,EA,,2025-11-26 06:51:57.90379+00,7802c383-1ec0-41ae-9739-8ecc2faf327c,Task.xlsx,2025-11-26 06:51:57.90379+00,2025-11-26 06:51:57.90379+00,2025-10-16,2025-10,CW42,16,P
1917,2c1769ec-018d-46e5-a052-78351dc59866,P,CW42,CW42,2025-10-17,2025-10-17,,EA,,2025-11-26 06:51:57.90379+00,7802c383-1ec0-41ae-9739-8ecc2faf327c,Task.xlsx,2025-11-26 06:51:57.90379+00,2025-11-26 06:51:57.90379+00,2025-10-17,2025-10,CW42,17,P
1918,2c1769ec-018d-46e5-a052-78351dc59866,T,CW43,CW43,2025-10-20,2025-10-20,,PU,,2025-11-26 06:51:57.90379+00,7802c383-1ec0-41ae-9739-8ecc2faf327c,Task.xlsx,2025-11-26 06:51:57.90379+00,2025-11-26 06:51:57.90379+00,2025-10-20,2025-10,CW43,20,T
1919,2c1769ec-018d-46e5-a052-78351dc59866,P,CW43,CW43,2025-10-21,2025-10-21,Kyoben,CL,,2025-11-26 06:51:57.90379+00,7802c383-1ec0-41ae-9739-8ecc2faf327c,Task.xlsx,2025-11-26 06:51:57.90379+00,2025-11-26 06:51:57.90379+00,2025-10-21,2025-10,CW43,21,P
1920,2c1769ec-018d-46e5-a052-78351dc59866,T,CW43,CW43,2025-10-22,2025-10-22,TDA,CL,,2025-11-26 06:51:57.90379+00,7802c383-1ec0-41ae-9739-8ecc2faf327c,Task.xlsx,2025-11-26 06:51:57.90379+00,2025-11-26 06:51:57.90379+00,2025-10-22,2025-10,CW43,22,T
1921,2c1769ec-018d-46e5-a052-78351dc59866,T,CW43,CW43,2025-10-23,2025-10-23,,PU,,2025-11-26 06:51:57.90379+00,7802c383-1ec0-41ae-9739-8ecc2faf327c,Task.xlsx,2025-11-26 06:51:57.90379+00,2025-11-26 06:51:57.90379+00,2025-10-23,2025-10,CW43,23,T
1922,2c1769ec-018d-46e5-a052-78351dc59866,M,CW43,CW43,2025-10-24,2025-10-24,FPR,ED,,2025-11-26 06:51:57.90379+00,7802c383-1ec0-41ae-9739-8ecc2faf327c,Task.xlsx,2025-11-26 06:51:57.90379+00,2025-11-26 06:51:57.90379+00,2025-10-24,2025-10,CW43,24,M
1923,2c1769ec-018d-46e5-a052-78351dc59866,CW44,CW44,CW44,2025-10-27,2025-10-27,QM,LCC,,2025-11-26 06:51:57.90379+00,7802c383-1ec0-41ae-9739-8ecc2faf327c,Task.xlsx,2025-11-26 06:51:57.90379+00,2025-11-26 06:51:57.90379+00,2025-10-27,2025-10,CW44,27,CW44
1924,2c1769ec-018d-46e5-a052-78351dc59866,T,CW44,CW44,2025-10-28,2025-10-28,,SCh,,2025-11-26 06:51:57.90379+00,7802c383-1ec0-41ae-9739-8ecc2faf327c,Task.xlsx,2025-11-26 06:51:57.90379+00,2025-11-26 06:51:57.90379+00,2025-10-28,2025-10,CW44,28,T
1925,2c1769ec-018d-46e5-a052-78351dc59866,T,CW44,CW44,2025-10-29,2025-10-29,,SCh,,2025-11-26 06:51:57.90379+00,7802c383-1ec0-41ae-9739-8ecc2faf327c,Task.xlsx,2025-11-26 06:51:57.90379+00,2025-11-26 06:51:57.90379+00,2025-10-29,2025-10,CW44,29,T
1926,2c1769ec-018d-46e5-a052-78351dc59866,T,CW44,CW44,2025-10-30,2025-10-30,PGL,EA,,2025-11-26 06:51:57.90379+00,7802c383-1ec0-41ae-9739-8ecc2faf327c,Task.xlsx,2025-11-26 06:51:57.90379+00,2025-11-26 06:51:57.90379+00,2025-10-30,2025-10,CW44,30,T
1927,2c1769ec-018d-46e5-a052-78351dc59866,P,CW44,CW44,2025-10-31,2025-10-31,I-BLI Preparation,EA,,2025-11-26 06:51:57.90379+00,7802c383-1ec0-41ae-9739-8ecc2faf327c,Task.xlsx,2025-11-26 06:51:57.90379+00,2025-11-26 06:51:57.90379+00,2025-10-31,2025-10,CW44,31,P
1928,2c1769ec-018d-46e5-a052-78351dc59866,L,CW45,CW45,2025-11-03,2025-11-03,Japan visit,Japan,,2025-11-26 06:51:57.90379+00,7802c383-1ec0-41ae-9739-8ecc2faf327c,Task.xlsx,2025-11-26 06:51:57.90379+00,2025-11-26 06:51:57.90379+00,2025-11-03,2025-11,CW45,3,L
1929,2c1769ec-018d-46e5-a052-78351dc59866,L,CW45,CW45,2025-11-04,2025-11-04,,,,2025-11-26 06:51:57.90379+00,7802c383-1ec0-41ae-9739-8ecc2faf327c,Task.xlsx,2025-11-26 06:51:57.90379+00,2025-11-26 06:51:57.90379+00,2025-11-04,2025-11,CW45,4,L
1930,2c1769ec-018d-46e5-a052-78351dc59866,L,CW45,CW45,2025-11-05,2025-11-05,,,,2025-11-26 06:51:57.90379+00,7802c383-1ec0-41ae-9739-8ecc2faf327c,Task.xlsx,2025-11-26 06:51:57.90379+00,2025-11-26 06:51:57.90379+00,2025-11-05,2025-11,CW45,5,L
1931,2c1769ec-018d-46e5-a052-78351dc59866,L,CW45,CW45,2025-11-06,2025-11-06,,,,2025-11-26 06:51:57.90379+00,7802c383-1ec0-41ae-9739-8ecc2faf327c,Task.xlsx,2025-11-26 06:51:57.90379+00,2025-11-26 06:51:57.90379+00,2025-11-06,2025-11,CW45,6,L
1932,2c1769ec-018d-46e5-a052-78351dc59866,L,CW45,CW45,2025-11-07,2025-11-07,,,,2025-11-26 06:51:57.90379+00,7802c383-1ec0-41ae-9739-8ecc2faf327c,Task.xlsx,2025-11-26 06:51:57.90379+00,2025-11-26 06:51:57.90379+00,2025-11-07,2025-11,CW45,7,L
1933,2c1769ec-018d-46e5-a052-78351dc59866,WS,CW46,CW46,2025-11-10,2025-11-10,AM,CL,,2025-11-26 06:51:57.90379+00,7802c383-1ec0-41ae-9739-8ecc2faf327c,Task.xlsx,2025-11-26 06:51:57.90379+00,2025-11-26 06:51:57.90379+00,2025-11-10,2025-11,CW46,10,WS
1934,2c1769ec-018d-46e5-a052-78351dc59866,P,CW46,CW46,2025-11-11,2025-11-11,I-BLI,EA,,2025-11-26 06:51:57.90379+00,7802c383-1ec0-41ae-9739-8ecc2faf327c,Task.xlsx,2025-11-26 06:51:57.90379+00,2025-11-26 06:51:57.90379+00,2025-11-11,2025-11,CW46,11,P
1935,2c1769ec-018d-46e5-a052-78351dc59866,P,CW46,CW46,2025-11-12,2025-11-12,,EA,,2025-11-26 06:51:57.90379+00,7802c383-1ec0-41ae-9739-8ecc2faf327c,Task.xlsx,2025-11-26 06:51:57.90379+00,2025-11-26 06:51:57.90379+00,2025-11-12,2025-11,CW46,12,P
1936,2c1769ec-018d-46e5-a052-78351dc59866,P,CW46,CW46,2025-11-13,2025-11-13,,EA,,2025-11-26 06:51:57.90379+00,7802c383-1ec0-41ae-9739-8ecc2faf327c,Task.xlsx,2025-11-26 06:51:57.90379+00,2025-11-26 06:51:57.90379+00,2025-11-13,2025-11,CW46,13,P
1937,2c1769ec-018d-46e5-a052-78351dc59866,P,CW46,CW46,2025-11-14,2025-11-14,,EA,,2025-11-26 06:51:57.90379+00,7802c383-1ec0-41ae-9739-8ecc2faf327c,Task.xlsx,2025-11-26 06:51:57.90379+00,2025-11-26 06:51:57.90379+00,2025-11-14,2025-11,CW46,14,P
1938,2c1769ec-018d-46e5-a052-78351dc59866,P,CW47,CW47,2025-11-17,2025-11-17,I-BLI Homework catch up,EA,,2025-11-26 06:51:57.90379+00,7802c383-1ec0-41ae-9739-8ecc2faf327c,Task.xlsx,2025-11-26 06:51:57.90379+00,2025-11-26 06:51:57.90379+00,2025-11-17,2025-11,CW47,17,P
1939,2c1769ec-018d-46e5-a052-78351dc59866,P,CW47,CW47,2025-11-18,2025-11-18,Kyoben,LCC,,2025-11-26 06:51:57.90379+00,7802c383-1ec0-41ae-9739-8ecc2faf327c,Task.xlsx,2025-11-26 06:51:57.90379+00,2025-11-26 06:51:57.90379+00,2025-11-18,2025-11,CW47,18,P
1940,2c1769ec-018d-46e5-a052-78351dc59866,P,CW47,CW47,2025-11-19,2025-11-19,I-BLI Homework catch up,EA,,2025-11-26 06:51:57.90379+00,7802c383-1ec0-41ae-9739-8ecc2faf327c,Task.xlsx,2025-11-26 06:51:57.90379+00,2025-11-26 06:51:57.90379+00,2025-11-19,2025-11,CW47,19,P
1941,2c1769ec-018d-46e5-a052-78351dc59866,C,CW47,CW47,2025-11-20,2025-11-20,LF,EA,,2025-11-26 06:51:57.90379+00,7802c383-1ec0-41ae-9739-8ecc2faf327c,Task.xlsx,2025-11-26 06:51:57.90379+00,2025-11-26 06:51:57.90379+00,2025-11-20,2025-11,CW47,20,C
1942,2c1769ec-018d-46e5-a052-78351dc59866,M,CW47,CW47,2025-11-21,2025-11-21,FPR,HA,,2025-11-26 06:51:57.90379+00,7802c383-1ec0-41ae-9739-8ecc2faf327c,Task.xlsx,2025-11-26 06:51:57.90379+00,2025-11-26 06:51:57.90379+00,2025-11-21,2025-11,CW47,21,M
1943,2c1769ec-018d-46e5-a052-78351dc59866,P,CW48,CW48,2025-11-24,2025-11-24,i-BLI,EA,,2025-11-26 06:51:57.90379+00,7802c383-1ec0-41ae-9739-8ecc2faf327c,Task.xlsx,2025-11-26 06:51:57.90379+00,2025-11-26 06:51:57.90379+00,2025-11-24,2025-11,CW48,24,P
1944,2c1769ec-018d-46e5-a052-78351dc59866,P,CW48,CW48,2025-11-25,2025-11-25,,EA,,2025-11-26 06:51:57.90379+00,7802c383-1ec0-41ae-9739-8ecc2faf327c,Task.xlsx,2025-11-26 06:51:57.90379+00,2025-11-26 06:51:57.90379+00,2025-11-25,2025-11,CW48,25,P
1945,2c1769ec-018d-46e5-a052-78351dc59866,P,CW48,CW48,2025-11-26,2025-11-26,,EA,,2025-11-26 06:51:57.90379+00,7802c383-1ec0-41ae-9739-8ecc2faf327c,Task.xlsx,2025-11-26 06:51:57.90379+00,2025-11-26 06:51:57.90379+00,2025-11-26,2025-11,CW48,26,P
1946,2c1769ec-018d-46e5-a052-78351dc59866,P,CW48,CW48,2025-11-27,2025-11-27,,EA,,2025-11-26 06:51:57.90379+00,7802c383-1ec0-41ae-9739-8ecc2faf327c,Task.xlsx,2025-11-26 06:51:57.90379+00,2025-11-26 06:51:57.90379+00,2025-11-27,2025-11,CW48,27,P
1947,2c1769ec-018d-46e5-a052-78351dc59866,P,CW48,CW48,2025-11-28,2025-11-28,,EA,,2025-11-26 06:51:57.90379+00,7802c383-1ec0-41ae-9739-8ecc2faf327c,Task.xlsx,2025-11-26 06:51:57.90379+00,2025-11-26 06:51:57.90379+00,2025-11-28,2025-11,CW48,28,P
1948,2c1769ec-018d-46e5-a052-78351dc59866,A,CW49,CW49,2025-12-01,2025-12-01,Assessment,EA,,2025-11-26 06:51:57.90379+00,7802c383-1ec0-41ae-9739-8ecc2faf327c,Task.xlsx,2025-11-26 06:51:57.90379+00,2025-11-26 06:51:57.90379+00,2025-12-01,2025-12,CW49,1,A
1949,2c1769ec-018d-46e5-a052-78351dc59866,A,CW49,CW49,2025-12-02,2025-12-02,,EA,,2025-11-26 06:51:57.90379+00,7802c383-1ec0-41ae-9739-8ecc2faf327c,Task.xlsx,2025-11-26 06:51:57.90379+00,2025-11-26 06:51:57.90379+00,2025-12-02,2025-12,CW49,2,A
1950,2c1769ec-018d-46e5-a052-78351dc59866,A,CW49,CW49,2025-12-03,2025-12-03,,EA,,2025-11-26 06:51:57.90379+00,7802c383-1ec0-41ae-9739-8ecc2faf327c,Task.xlsx,2025-11-26 06:51:57.90379+00,2025-11-26 06:51:57.90379+00,2025-12-03,2025-12,CW49,3,A
1951,2c1769ec-018d-46e5-a052-78351dc59866,WS,CW49,CW49,2025-12-04,2025-12-04,Strategy,OP,,2025-11-26 06:51:57.90379+00,7802c383-1ec0-41ae-9739-8ecc2faf327c,Task.xlsx,2025-11-26 06:51:57.90379+00,2025-11-26 06:51:57.90379+00,2025-12-04,2025-12,CW49,4,WS
1952,2c1769ec-018d-46e5-a052-78351dc59866,WS,CW49,CW49,2025-12-05,2025-12-05,HPC,OP,,2025-11-26 06:51:57.90379+00,7802c383-1ec0-41ae-9739-8ecc2faf327c,Task.xlsx,2025-11-26 06:51:57.90379+00,2025-11-26 06:51:57.90379+00,2025-12-05,2025-12,CW49,5,WS
1953,2c1769ec-018d-46e5-a052-78351dc59866,WS,CW50,CW50,2025-12-08,2025-12-08,AM,LCN,,2025-11-26 06:51:57.90379+00,7802c383-1ec0-41ae-9739-8ecc2faf327c,Task.xlsx,2025-11-26 06:51:57.90379+00,2025-11-26 06:51:57.90379+00,2025-12-08,2025-12,CW50,8,WS
1954,2c1769ec-018d-46e5-a052-78351dc59866,A,CW50,CW50,2025-12-09,2025-12-09,Assessment,HA,,2025-11-26 06:51:57.90379+00,7802c383-1ec0-41ae-9739-8ecc2faf327c,Task.xlsx,2025-11-26 06:51:57.90379+00,2025-11-26 06:51:57.90379+00,2025-12-09,2025-12,CW50,9,A
1955,2c1769ec-018d-46e5-a052-78351dc59866,A,CW50,CW50,2025-12-10,2025-12-10,,HA,,2025-11-26 06:51:57.90379+00,7802c383-1ec0-41ae-9739-8ecc2faf327c,Task.xlsx,2025-11-26 06:51:57.90379+00,2025-11-26 06:51:57.90379+00,2025-12-10,2025-12,CW50,10,A
1956,2c1769ec-018d-46e5-a052-78351dc59866,A,CW50,CW50,2025-12-11,2025-12-11,,HA,,2025-11-26 06:51:57.90379+00,7802c383-1ec0-41ae-9739-8ecc2faf327c,Task.xlsx,2025-11-26 06:51:57.90379+00,2025-11-26 06:51:57.90379+00,2025-12-11,2025-12,CW50,11,A
1957,2c1769ec-018d-46e5-a052-78351dc59866,A,CW50,CW50,2025-12-12,2025-12-12,,HA,,2025-11-26 06:51:57.90379+00,7802c383-1ec0-41ae-9739-8ecc2faf327c,Task.xlsx,2025-11-26 06:51:57.90379+00,2025-11-26 06:51:57.90379+00,2025-12-12,2025-12,CW50,12,A
1958,2c1769ec-018d-46e5-a052-78351dc59866,C,CW51,CW51,2025-12-16,2025-12-16,LBP,EA,,2025-11-26 06:51:57.90379+00,7802c383-1ec0-41ae-9739-8ecc2faf327c,Task.xlsx,2025-11-26 06:51:57.90379+00,2025-11-26 06:51:57.90379+00,2025-12-16,2025-12,CW51,16,C
1959,2c1769ec-018d-46e5-a052-78351dc59866,M,CW51,CW51,2025-12-18,2025-12-18,FPR,LCN,,2025-11-26 06:51:57.90379+00,7802c383-1ec0-41ae-9739-8ecc2faf327c,Task.xlsx,2025-11-26 06:51:57.90379+00,2025-11-26 06:51:57.90379+00,2025-12-18,2025-12,CW51,18,M
1960,2c1769ec-018d-46e5-a052-78351dc59866,C,CW51,CW51,2025-12-19,2025-12-19,LF,EA,,2025-11-26 06:51:57.90379+00,7802c383-1ec0-41ae-9739-8ecc2faf327c,Task.xlsx,2025-11-26 06:51:57.90379+00,2025-11-26 06:51:57.90379+00,2025-12-19,2025-12,CW51,19,C
1961,2c1769ec-018d-46e5-a052-78351dc59866,WS,CW52,CW52,2025-12-23,2025-12-23,Strategy,EA,,2025-11-26 06:51:57.90379+00,7802c383-1ec0-41ae-9739-8ecc2faf327c,Task.xlsx,2025-11-26 06:51:57.90379+00,2025-11-26 06:51:57.90379+00,2025-12-23,2025-12,CW52,23,WS
1962,2c1769ec-018d-46e5-a052-78351dc59866,L,CW52,CW52,2025-12-24,2025-12-24,Holiday,,,2025-11-26 06:51:57.90379+00,7802c383-1ec0-41ae-9739-8ecc2faf327c,Task.xlsx,2025-11-26 06:51:57.90379+00,2025-11-26 06:51:57.90379+00,2025-12-24,2025-12,CW52,24,L
1963,2c1769ec-018d-46e5-a052-78351dc59866,L,CW52,CW52,2025-12-25,2025-12-25,,,,2025-11-26 06:51:57.90379+00,7802c383-1ec0-41ae-9739-8ecc2faf327c,Task.xlsx,2025-11-26 06:51:57.90379+00,2025-11-26 06:51:57.90379+00,2025-12-25,2025-12,CW52,25,L
1964,2c1769ec-018d-46e5-a052-78351dc59866,L,CW52,CW52,2025-12-26,2025-12-26,,,,2025-11-26 06:51:57.90379+00,7802c383-1ec0-41ae-9739-8ecc2faf327c,Task.xlsx,2025-11-26 06:51:57.90379+00,2025-11-26 06:51:57.90379+00,2025-12-26,2025-12,CW52,26,L
1965,2c1769ec-018d-46e5-a052-78351dc59866,L,CW52,CW52,2025-12-29,2025-12-29,Holiday,,,2025-11-26 06:51:57.90379+00,7802c383-1ec0-41ae-9739-8ecc2faf327c,Task.xlsx,2025-11-26 06:51:57.90379+00,2025-11-26 06:51:57.90379+00,2025-12-29,2025-12,CW01,29,L
1966,2c1769ec-018d-46e5-a052-78351dc59866,L,CW52,CW52,2025-12-30,2025-12-30,,,,2025-11-26 06:51:57.90379+00,7802c383-1ec0-41ae-9739-8ecc2faf327c,Task.xlsx,2025-11-26 06:51:57.90379+00,2025-11-26 06:51:57.90379+00,2025-12-30,2025-12,CW01,30,L
1967,2c1769ec-018d-46e5-a052-78351dc59866,L,CW52,CW52,2025-12-31,2025-12-31,,,,2025-11-26 06:51:57.90379+00,7802c383-1ec0-41ae-9739-8ecc2faf327c,Task.xlsx,2025-11-26 06:51:57.90379+00,2025-11-26 06:51:57.90379+00,2025-12-31,2025-12,CW01,31,L
1968,dbbcddfa-d223-4b15-9b22-a4db81272216,P,CW01,CW01,2025-01-02,2025-01-02,,,,2025-11-26 06:51:57.90379+00,7802c383-1ec0-41ae-9739-8ecc2faf327c,Task.xlsx,2025-11-26 06:51:57.90379+00,2025-11-26 06:51:57.90379+00,2025-01-02,2025-01,CW01,2,P
1969,dbbcddfa-d223-4b15-9b22-a4db81272216,P,CW01,CW01,2025-01-03,2025-01-03,,,,2025-11-26 06:51:57.90379+00,7802c383-1ec0-41ae-9739-8ecc2faf327c,Task.xlsx,2025-11-26 06:51:57.90379+00,2025-11-26 06:51:57.90379+00,2025-01-03,2025-01,CW01,3,P
1970,dbbcddfa-d223-4b15-9b22-a4db81272216,P,CW02,CW02,2025-01-06,2025-01-06,,SNa,,2025-11-26 06:51:57.90379+00,7802c383-1ec0-41ae-9739-8ecc2faf327c,Task.xlsx,2025-11-26 06:51:57.90379+00,2025-11-26 06:51:57.90379+00,2025-01-06,2025-01,CW02,6,P
1971,dbbcddfa-d223-4b15-9b22-a4db81272216,C,CW02,CW02,2025-01-07,2025-01-07,,LCN,,2025-11-26 06:51:57.90379+00,7802c383-1ec0-41ae-9739-8ecc2faf327c,Task.xlsx,2025-11-26 06:51:57.90379+00,2025-11-26 06:51:57.90379+00,2025-01-07,2025-01,CW02,7,C
1972,dbbcddfa-d223-4b15-9b22-a4db81272216,P,CW02,CW02,2025-01-08,2025-01-08,,SCh,,2025-11-26 06:51:57.90379+00,7802c383-1ec0-41ae-9739-8ecc2faf327c,Task.xlsx,2025-11-26 06:51:57.90379+00,2025-11-26 06:51:57.90379+00,2025-01-08,2025-01,CW02,8,P
1973,dbbcddfa-d223-4b15-9b22-a4db81272216,WS,CW02,CW02,2025-01-09,2025-01-09,,SNa,,2025-11-26 06:51:57.90379+00,7802c383-1ec0-41ae-9739-8ecc2faf327c,Task.xlsx,2025-11-26 06:51:57.90379+00,2025-11-26 06:51:57.90379+00,2025-01-09,2025-01,CW02,9,WS
1974,dbbcddfa-d223-4b15-9b22-a4db81272216,P,CW03,CW03,2025-01-13,2025-01-13,,SCh,,2025-11-26 06:51:57.90379+00,7802c383-1ec0-41ae-9739-8ecc2faf327c,Task.xlsx,2025-11-26 06:51:57.90379+00,2025-11-26 06:51:57.90379+00,2025-01-13,2025-01,CW03,13,P
1975,dbbcddfa-d223-4b15-9b22-a4db81272216,P,CW03,CW03,2025-01-14,2025-01-14,,SNa,,2025-11-26 06:51:57.90379+00,7802c383-1ec0-41ae-9739-8ecc2faf327c,Task.xlsx,2025-11-26 06:51:57.90379+00,2025-11-26 06:51:57.90379+00,2025-01-14,2025-01,CW03,14,P
1976,dbbcddfa-d223-4b15-9b22-a4db81272216,P,CW03,CW03,2025-01-15,2025-01-15,,SNa,,2025-11-26 06:51:57.90379+00,7802c383-1ec0-41ae-9739-8ecc2faf327c,Task.xlsx,2025-11-26 06:51:57.90379+00,2025-11-26 06:51:57.90379+00,2025-01-15,2025-01,CW03,15,P
1977,dbbcddfa-d223-4b15-9b22-a4db81272216,WS,CW03,CW03,2025-01-16,2025-01-16,,LN,,2025-11-26 06:51:57.90379+00,7802c383-1ec0-41ae-9739-8ecc2faf327c,Task.xlsx,2025-11-26 06:51:57.90379+00,2025-11-26 06:51:57.90379+00,2025-01-16,2025-01,CW03,16,WS
1978,dbbcddfa-d223-4b15-9b22-a4db81272216,P,CW03,CW03,2025-01-17,2025-01-17,,SNa,,2025-11-26 06:51:57.90379+00,7802c383-1ec0-41ae-9739-8ecc2faf327c,Task.xlsx,2025-11-26 06:51:57.90379+00,2025-11-26 06:51:57.90379+00,2025-01-17,2025-01,CW03,17,P
1979,dbbcddfa-d223-4b15-9b22-a4db81272216,WS,CW04,CW04,2025-01-20,2025-01-20,,LN,,2025-11-26 06:51:57.90379+00,7802c383-1ec0-41ae-9739-8ecc2faf327c,Task.xlsx,2025-11-26 06:51:57.90379+00,2025-11-26 06:51:57.90379+00,2025-01-20,2025-01,CW04,20,WS
1980,dbbcddfa-d223-4b15-9b22-a4db81272216,P,CW04,CW04,2025-01-21,2025-01-21,,LC,,2025-11-26 06:51:57.90379+00,7802c383-1ec0-41ae-9739-8ecc2faf327c,Task.xlsx,2025-11-26 06:51:57.90379+00,2025-11-26 06:51:57.90379+00,2025-01-21,2025-01,CW04,21,P
1981,dbbcddfa-d223-4b15-9b22-a4db81272216,P,CW04,CW04,2025-01-22,2025-01-22,,SCh,,2025-11-26 06:51:57.90379+00,7802c383-1ec0-41ae-9739-8ecc2faf327c,Task.xlsx,2025-11-26 06:51:57.90379+00,2025-11-26 06:51:57.90379+00,2025-01-22,2025-01,CW04,22,P
1982,dbbcddfa-d223-4b15-9b22-a4db81272216,P,CW04,CW04,2025-01-23,2025-01-23,,LC,,2025-11-26 06:51:57.90379+00,7802c383-1ec0-41ae-9739-8ecc2faf327c,Task.xlsx,2025-11-26 06:51:57.90379+00,2025-11-26 06:51:57.90379+00,2025-01-23,2025-01,CW04,23,P
1983,dbbcddfa-d223-4b15-9b22-a4db81272216,P,CW04,CW04,2025-01-24,2025-01-24,,SNa,,2025-11-26 06:51:57.90379+00,7802c383-1ec0-41ae-9739-8ecc2faf327c,Task.xlsx,2025-11-26 06:51:57.90379+00,2025-11-26 06:51:57.90379+00,2025-01-24,2025-01,CW04,24,P
1984,dbbcddfa-d223-4b15-9b22-a4db81272216,P,CW06,CW06,2025-02-05,2025-02-05,,SCh,,2025-11-26 06:51:57.90379+00,7802c383-1ec0-41ae-9739-8ecc2faf327c,Task.xlsx,2025-11-26 06:51:57.90379+00,2025-11-26 06:51:57.90379+00,2025-02-05,2025-02,CW06,5,P
1985,dbbcddfa-d223-4b15-9b22-a4db81272216,P,CW07,CW07,2025-02-10,2025-02-10,,SNa,,2025-11-26 06:51:57.90379+00,7802c383-1ec0-41ae-9739-8ecc2faf327c,Task.xlsx,2025-11-26 06:51:57.90379+00,2025-11-26 06:51:57.90379+00,2025-02-10,2025-02,CW07,10,P
1986,dbbcddfa-d223-4b15-9b22-a4db81272216,C,CW07,CW07,2025-02-11,2025-02-11,,ED,,2025-11-26 06:51:57.90379+00,7802c383-1ec0-41ae-9739-8ecc2faf327c,Task.xlsx,2025-11-26 06:51:57.90379+00,2025-11-26 06:51:57.90379+00,2025-02-11,2025-02,CW07,11,C
1987,dbbcddfa-d223-4b15-9b22-a4db81272216,C,CW07,CW07,2025-02-12,2025-02-12,,ED,,2025-11-26 06:51:57.90379+00,7802c383-1ec0-41ae-9739-8ecc2faf327c,Task.xlsx,2025-11-26 06:51:57.90379+00,2025-11-26 06:51:57.90379+00,2025-02-12,2025-02,CW07,12,C
1988,dbbcddfa-d223-4b15-9b22-a4db81272216,C,CW07,CW07,2025-02-13,2025-02-13,,ED,,2025-11-26 06:51:57.90379+00,7802c383-1ec0-41ae-9739-8ecc2faf327c,Task.xlsx,2025-11-26 06:51:57.90379+00,2025-11-26 06:51:57.90379+00,2025-02-13,2025-02,CW07,13,C
1989,dbbcddfa-d223-4b15-9b22-a4db81272216,P,CW08,CW08,2025-02-17,2025-02-17,,SNa,,2025-11-26 06:51:57.90379+00,7802c383-1ec0-41ae-9739-8ecc2faf327c,Task.xlsx,2025-11-26 06:51:57.90379+00,2025-11-26 06:51:57.90379+00,2025-02-17,2025-02,CW08,17,P
1990,dbbcddfa-d223-4b15-9b22-a4db81272216,P,CW08,CW08,2025-02-19,2025-02-19,,SCh,,2025-11-26 06:51:57.90379+00,7802c383-1ec0-41ae-9739-8ecc2faf327c,Task.xlsx,2025-11-26 06:51:57.90379+00,2025-11-26 06:51:57.90379+00,2025-02-19,2025-02,CW08,19,P
1991,dbbcddfa-d223-4b15-9b22-a4db81272216,P,CW09,CW09,2025-02-24,2025-02-24,,SNa,,2025-11-26 06:51:57.90379+00,7802c383-1ec0-41ae-9739-8ecc2faf327c,Task.xlsx,2025-11-26 06:51:57.90379+00,2025-11-26 06:51:57.90379+00,2025-02-24,2025-02,CW09,24,P
1992,dbbcddfa-d223-4b15-9b22-a4db81272216,P,CW09,CW09,2025-02-25,2025-02-25,,SCh,,2025-11-26 06:51:57.90379+00,7802c383-1ec0-41ae-9739-8ecc2faf327c,Task.xlsx,2025-11-26 06:51:57.90379+00,2025-11-26 06:51:57.90379+00,2025-02-25,2025-02,CW09,25,P
1993,dbbcddfa-d223-4b15-9b22-a4db81272216,P,CW09,CW09,2025-02-26,2025-02-26,,SCh,,2025-11-26 06:51:57.90379+00,7802c383-1ec0-41ae-9739-8ecc2faf327c,Task.xlsx,2025-11-26 06:51:57.90379+00,2025-11-26 06:51:57.90379+00,2025-02-26,2025-02,CW09,26,P
1994,dbbcddfa-d223-4b15-9b22-a4db81272216,P,CW09,CW09,2025-02-27,2025-02-27,I Factory,,,2025-11-26 06:51:57.90379+00,7802c383-1ec0-41ae-9739-8ecc2faf327c,Task.xlsx,2025-11-26 06:51:57.90379+00,2025-11-26 06:51:57.90379+00,2025-02-27,2025-02,CW09,27,P
1995,dbbcddfa-d223-4b15-9b22-a4db81272216,P,CW09,CW09,2025-02-28,2025-02-28,,,,2025-11-26 06:51:57.90379+00,7802c383-1ec0-41ae-9739-8ecc2faf327c,Task.xlsx,2025-11-26 06:51:57.90379+00,2025-11-26 06:51:57.90379+00,2025-02-28,2025-02,CW09,28,P
1996,dbbcddfa-d223-4b15-9b22-a4db81272216,P,CW10,CW10,2025-03-03,2025-03-03,,SNa,,2025-11-26 06:51:57.90379+00,7802c383-1ec0-41ae-9739-8ecc2faf327c,Task.xlsx,2025-11-26 06:51:57.90379+00,2025-11-26 06:51:57.90379+00,2025-03-03,2025-03,CW10,3,P
1997,dbbcddfa-d223-4b15-9b22-a4db81272216,P,CW10,CW10,2025-03-04,2025-03-04,,LC,,2025-11-26 06:51:57.90379+00,7802c383-1ec0-41ae-9739-8ecc2faf327c,Task.xlsx,2025-11-26 06:51:57.90379+00,2025-11-26 06:51:57.90379+00,2025-03-04,2025-03,CW10,4,P
1998,dbbcddfa-d223-4b15-9b22-a4db81272216,P,CW10,CW10,2025-03-05,2025-03-05,,SCh,,2025-11-26 06:51:57.90379+00,7802c383-1ec0-41ae-9739-8ecc2faf327c,Task.xlsx,2025-11-26 06:51:57.90379+00,2025-11-26 06:51:57.90379+00,2025-03-05,2025-03,CW10,5,P
1999,dbbcddfa-d223-4b15-9b22-a4db81272216,P,CW10,CW10,2025-03-06,2025-03-06,I Factory,,,2025-11-26 06:51:57.90379+00,7802c383-1ec0-41ae-9739-8ecc2faf327c,Task.xlsx,2025-11-26 06:51:57.90379+00,2025-11-26 06:51:57.90379+00,2025-03-06,2025-03,CW10,6,P
2000,dbbcddfa-d223-4b15-9b22-a4db81272216,P,CW10,CW10,2025-03-07,2025-03-07,,,,2025-11-26 06:51:57.90379+00,7802c383-1ec0-41ae-9739-8ecc2faf327c,Task.xlsx,2025-11-26 06:51:57.90379+00,2025-11-26 06:51:57.90379+00,2025-03-07,2025-03,CW10,7,P
2001,dbbcddfa-d223-4b15-9b22-a4db81272216,P,CW11,CW11,2025-03-10,2025-03-10,,SNa,,2025-11-26 06:51:57.90379+00,7802c383-1ec0-41ae-9739-8ecc2faf327c,Task.xlsx,2025-11-26 06:51:57.90379+00,2025-11-26 06:51:57.90379+00,2025-03-10,2025-03,CW11,10,P
2002,dbbcddfa-d223-4b15-9b22-a4db81272216,SW,CW11,CW11,2025-03-11,2025-03-11,BLI: HPL2 CO loss,LC,,2025-11-26 06:51:57.90379+00,7802c383-1ec0-41ae-9739-8ecc2faf327c,Task.xlsx,2025-11-26 06:51:57.90379+00,2025-11-26 06:51:57.90379+00,2025-03-11,2025-03,CW11,11,SW
2003,dbbcddfa-d223-4b15-9b22-a4db81272216,SW,CW11,CW11,2025-03-12,2025-03-12,,SCh,,2025-11-26 06:51:57.90379+00,7802c383-1ec0-41ae-9739-8ecc2faf327c,Task.xlsx,2025-11-26 06:51:57.90379+00,2025-11-26 06:51:57.90379+00,2025-03-12,2025-03,CW11,12,SW
2004,dbbcddfa-d223-4b15-9b22-a4db81272216,SW,CW11,CW11,2025-03-13,2025-03-13,,LC,,2025-11-26 06:51:57.90379+00,7802c383-1ec0-41ae-9739-8ecc2faf327c,Task.xlsx,2025-11-26 06:51:57.90379+00,2025-11-26 06:51:57.90379+00,2025-03-13,2025-03,CW11,13,SW
2005,dbbcddfa-d223-4b15-9b22-a4db81272216,SW,CW11,CW11,2025-03-14,2025-03-14,,LC,,2025-11-26 06:51:57.90379+00,7802c383-1ec0-41ae-9739-8ecc2faf327c,Task.xlsx,2025-11-26 06:51:57.90379+00,2025-11-26 06:51:57.90379+00,2025-03-14,2025-03,CW11,14,SW
2006,dbbcddfa-d223-4b15-9b22-a4db81272216,P,CW12,CW12,2025-03-17,2025-03-17,,SNa,,2025-11-26 06:51:57.90379+00,7802c383-1ec0-41ae-9739-8ecc2faf327c,Task.xlsx,2025-11-26 06:51:57.90379+00,2025-11-26 06:51:57.90379+00,2025-03-17,2025-03,CW12,17,P
2007,dbbcddfa-d223-4b15-9b22-a4db81272216,P,CW12,CW12,2025-03-18,2025-03-18,I Factory,SNa,,2025-11-26 06:51:57.90379+00,7802c383-1ec0-41ae-9739-8ecc2faf327c,Task.xlsx,2025-11-26 06:51:57.90379+00,2025-11-26 06:51:57.90379+00,2025-03-18,2025-03,CW12,18,P
2008,dbbcddfa-d223-4b15-9b22-a4db81272216,P,CW12,CW12,2025-03-19,2025-03-19,,SCh,,2025-11-26 06:51:57.90379+00,7802c383-1ec0-41ae-9739-8ecc2faf327c,Task.xlsx,2025-11-26 06:51:57.90379+00,2025-11-26 06:51:57.90379+00,2025-03-19,2025-03,CW12,19,P
2009,dbbcddfa-d223-4b15-9b22-a4db81272216,P,CW13,CW13,2025-03-24,2025-03-24,,SNa,,2025-11-26 06:51:57.90379+00,7802c383-1ec0-41ae-9739-8ecc2faf327c,Task.xlsx,2025-11-26 06:51:57.90379+00,2025-11-26 06:51:57.90379+00,2025-03-24,2025-03,CW13,24,P
2010,dbbcddfa-d223-4b15-9b22-a4db81272216,P,CW13,CW13,2025-03-26,2025-03-26,,SCh,,2025-11-26 06:51:57.90379+00,7802c383-1ec0-41ae-9739-8ecc2faf327c,Task.xlsx,2025-11-26 06:51:57.90379+00,2025-11-26 06:51:57.90379+00,2025-03-26,2025-03,CW13,26,P
2011,dbbcddfa-d223-4b15-9b22-a4db81272216,P,CW14,CW14,2025-03-31,2025-03-31,,SNa,,2025-11-26 06:51:57.90379+00,7802c383-1ec0-41ae-9739-8ecc2faf327c,Task.xlsx,2025-11-26 06:51:57.90379+00,2025-11-26 06:51:57.90379+00,2025-03-31,2025-03,CW14,31,P
2012,dbbcddfa-d223-4b15-9b22-a4db81272216,P,CW14,CW14,2025-04-02,2025-04-02,,SCh,,2025-11-26 06:51:57.90379+00,7802c383-1ec0-41ae-9739-8ecc2faf327c,Task.xlsx,2025-11-26 06:51:57.90379+00,2025-11-26 06:51:57.90379+00,2025-04-02,2025-04,CW14,2,P
2013,dbbcddfa-d223-4b15-9b22-a4db81272216,P,CW14,CW14,2025-04-03,2025-04-03,,LN,,2025-11-26 06:51:57.90379+00,7802c383-1ec0-41ae-9739-8ecc2faf327c,Task.xlsx,2025-11-26 06:51:57.90379+00,2025-11-26 06:51:57.90379+00,2025-04-03,2025-04,CW14,3,P
2014,dbbcddfa-d223-4b15-9b22-a4db81272216,P,CW15,CW15,2025-04-07,2025-04-07,,SNa,,2025-11-26 06:51:57.90379+00,7802c383-1ec0-41ae-9739-8ecc2faf327c,Task.xlsx,2025-11-26 06:51:57.90379+00,2025-11-26 06:51:57.90379+00,2025-04-07,2025-04,CW15,7,P
2015,dbbcddfa-d223-4b15-9b22-a4db81272216,P,CW15,CW15,2025-04-08,2025-04-08,,,,2025-11-26 06:51:57.90379+00,7802c383-1ec0-41ae-9739-8ecc2faf327c,Task.xlsx,2025-11-26 06:51:57.90379+00,2025-11-26 06:51:57.90379+00,2025-04-08,2025-04,CW15,8,P
2016,dbbcddfa-d223-4b15-9b22-a4db81272216,P,CW15,CW15,2025-04-09,2025-04-09,,SCh,,2025-11-26 06:51:57.90379+00,7802c383-1ec0-41ae-9739-8ecc2faf327c,Task.xlsx,2025-11-26 06:51:57.90379+00,2025-11-26 06:51:57.90379+00,2025-04-09,2025-04,CW15,9,P
2017,dbbcddfa-d223-4b15-9b22-a4db81272216,P,CW15,CW15,2025-04-10,2025-04-10,,,,2025-11-26 06:51:57.90379+00,7802c383-1ec0-41ae-9739-8ecc2faf327c,Task.xlsx,2025-11-26 06:51:57.90379+00,2025-11-26 06:51:57.90379+00,2025-04-10,2025-04,CW15,10,P
2018,dbbcddfa-d223-4b15-9b22-a4db81272216,P,CW15,CW15,2025-04-11,2025-04-11,,,,2025-11-26 06:51:57.90379+00,7802c383-1ec0-41ae-9739-8ecc2faf327c,Task.xlsx,2025-11-26 06:51:57.90379+00,2025-11-26 06:51:57.90379+00,2025-04-11,2025-04,CW15,11,P
2019,dbbcddfa-d223-4b15-9b22-a4db81272216,P,CW16,CW16,2025-04-14,2025-04-14,,SNa,,2025-11-26 06:51:57.90379+00,7802c383-1ec0-41ae-9739-8ecc2faf327c,Task.xlsx,2025-11-26 06:51:57.90379+00,2025-11-26 06:51:57.90379+00,2025-04-14,2025-04,CW16,14,P
2020,dbbcddfa-d223-4b15-9b22-a4db81272216,SW,CW16,CW16,2025-04-15,2025-04-15,,LC,,2025-11-26 06:51:57.90379+00,7802c383-1ec0-41ae-9739-8ecc2faf327c,Task.xlsx,2025-11-26 06:51:57.90379+00,2025-11-26 06:51:57.90379+00,2025-04-15,2025-04,CW16,15,SW
2021,dbbcddfa-d223-4b15-9b22-a4db81272216,P,CW16,CW16,2025-04-16,2025-04-16,,SCh,,2025-11-26 06:51:57.90379+00,7802c383-1ec0-41ae-9739-8ecc2faf327c,Task.xlsx,2025-11-26 06:51:57.90379+00,2025-11-26 06:51:57.90379+00,2025-04-16,2025-04,CW16,16,P
2022,dbbcddfa-d223-4b15-9b22-a4db81272216,P,CW17,CW17,2025-04-21,2025-04-21,,SNa,,2025-11-26 06:51:57.90379+00,7802c383-1ec0-41ae-9739-8ecc2faf327c,Task.xlsx,2025-11-26 06:51:57.90379+00,2025-11-26 06:51:57.90379+00,2025-04-21,2025-04,CW17,21,P
2023,dbbcddfa-d223-4b15-9b22-a4db81272216,P,CW17,CW17,2025-04-22,2025-04-22,,CL,,2025-11-26 06:51:57.90379+00,7802c383-1ec0-41ae-9739-8ecc2faf327c,Task.xlsx,2025-11-26 06:51:57.90379+00,2025-11-26 06:51:57.90379+00,2025-04-22,2025-04,CW17,22,P
2024,dbbcddfa-d223-4b15-9b22-a4db81272216,P,CW17,CW17,2025-04-23,2025-04-23,,SCh,,2025-11-26 06:51:57.90379+00,7802c383-1ec0-41ae-9739-8ecc2faf327c,Task.xlsx,2025-11-26 06:51:57.90379+00,2025-11-26 06:51:57.90379+00,2025-04-23,2025-04,CW17,23,P
2025,dbbcddfa-d223-4b15-9b22-a4db81272216,P,CW17,CW17,2025-04-27,2025-04-27,,SNa,,2025-11-26 06:51:57.90379+00,7802c383-1ec0-41ae-9739-8ecc2faf327c,Task.xlsx,2025-11-26 06:51:57.90379+00,2025-11-26 06:51:57.90379+00,2025-04-27,2025-04,CW17,27,P
2026,dbbcddfa-d223-4b15-9b22-a4db81272216,P,CW18,CW18,2025-04-28,2025-04-28,,LC,,2025-11-26 06:51:57.90379+00,7802c383-1ec0-41ae-9739-8ecc2faf327c,Task.xlsx,2025-11-26 06:51:57.90379+00,2025-11-26 06:51:57.90379+00,2025-04-28,2025-04,CW18,28,P
2027,dbbcddfa-d223-4b15-9b22-a4db81272216,P,CW18,CW18,2025-04-29,2025-04-29,,SCh,,2025-11-26 06:51:57.90379+00,7802c383-1ec0-41ae-9739-8ecc2faf327c,Task.xlsx,2025-11-26 06:51:57.90379+00,2025-11-26 06:51:57.90379+00,2025-04-29,2025-04,CW18,29,P
2028,dbbcddfa-d223-4b15-9b22-a4db81272216,P,CW18,CW18,2025-04-30,2025-04-30,,LC,,2025-11-26 06:51:57.90379+00,7802c383-1ec0-41ae-9739-8ecc2faf327c,Task.xlsx,2025-11-26 06:51:57.90379+00,2025-11-26 06:51:57.90379+00,2025-04-30,2025-04,CW18,30,P
2029,dbbcddfa-d223-4b15-9b22-a4db81272216,P,CW19,CW19,2025-05-06,2025-05-06,,SNa,,2025-11-26 06:51:57.90379+00,7802c383-1ec0-41ae-9739-8ecc2faf327c,Task.xlsx,2025-11-26 06:51:57.90379+00,2025-11-26 06:51:57.90379+00,2025-05-06,2025-05,CW19,6,P
2030,dbbcddfa-d223-4b15-9b22-a4db81272216,P,CW19,CW19,2025-05-08,2025-05-08,,SCh,,2025-11-26 06:51:57.90379+00,7802c383-1ec0-41ae-9739-8ecc2faf327c,Task.xlsx,2025-11-26 06:51:57.90379+00,2025-11-26 06:51:57.90379+00,2025-05-08,2025-05,CW19,8,P
2031,dbbcddfa-d223-4b15-9b22-a4db81272216,P,CW19,CW19,2025-05-09,2025-05-09,,SC,,2025-11-26 06:51:57.90379+00,7802c383-1ec0-41ae-9739-8ecc2faf327c,Task.xlsx,2025-11-26 06:51:57.90379+00,2025-11-26 06:51:57.90379+00,2025-05-09,2025-05,CW19,9,P
2032,dbbcddfa-d223-4b15-9b22-a4db81272216,P,CW20,CW20,2025-05-12,2025-05-12,,SNa,,2025-11-26 06:51:57.90379+00,7802c383-1ec0-41ae-9739-8ecc2faf327c,Task.xlsx,2025-11-26 06:51:57.90379+00,2025-11-26 06:51:57.90379+00,2025-05-12,2025-05,CW20,12,P
2033,dbbcddfa-d223-4b15-9b22-a4db81272216,P,CW20,CW20,2025-05-13,2025-05-13,,SC,,2025-11-26 06:51:57.90379+00,7802c383-1ec0-41ae-9739-8ecc2faf327c,Task.xlsx,2025-11-26 06:51:57.90379+00,2025-11-26 06:51:57.90379+00,2025-05-13,2025-05,CW20,13,P
2034,dbbcddfa-d223-4b15-9b22-a4db81272216,P,CW20,CW20,2025-05-14,2025-05-14,,SCh,,2025-11-26 06:51:57.90379+00,7802c383-1ec0-41ae-9739-8ecc2faf327c,Task.xlsx,2025-11-26 06:51:57.90379+00,2025-11-26 06:51:57.90379+00,2025-05-14,2025-05,CW20,14,P
2035,dbbcddfa-d223-4b15-9b22-a4db81272216,P,CW20,CW20,2025-05-15,2025-05-15,Leader,SU,,2025-11-26 06:51:57.90379+00,7802c383-1ec0-41ae-9739-8ecc2faf327c,Task.xlsx,2025-11-26 06:51:57.90379+00,2025-11-26 06:51:57.90379+00,2025-05-15,2025-05,CW20,15,P
2036,dbbcddfa-d223-4b15-9b22-a4db81272216,P,CW20,CW20,2025-05-16,2025-05-16,,SU,,2025-11-26 06:51:57.90379+00,7802c383-1ec0-41ae-9739-8ecc2faf327c,Task.xlsx,2025-11-26 06:51:57.90379+00,2025-11-26 06:51:57.90379+00,2025-05-16,2025-05,CW20,16,P
2037,dbbcddfa-d223-4b15-9b22-a4db81272216,P,CW21,CW21,2025-05-19,2025-05-19,,SNa,,2025-11-26 06:51:57.90379+00,7802c383-1ec0-41ae-9739-8ecc2faf327c,Task.xlsx,2025-11-26 06:51:57.90379+00,2025-11-26 06:51:57.90379+00,2025-05-19,2025-05,CW21,19,P
2038,dbbcddfa-d223-4b15-9b22-a4db81272216,P,CW21,CW21,2025-05-20,2025-05-20,,SC,,2025-11-26 06:51:57.90379+00,7802c383-1ec0-41ae-9739-8ecc2faf327c,Task.xlsx,2025-11-26 06:51:57.90379+00,2025-11-26 06:51:57.90379+00,2025-05-20,2025-05,CW21,20,P
2039,dbbcddfa-d223-4b15-9b22-a4db81272216,P,CW21,CW21,2025-05-21,2025-05-21,,SCh,,2025-11-26 06:51:57.90379+00,7802c383-1ec0-41ae-9739-8ecc2faf327c,Task.xlsx,2025-11-26 06:51:57.90379+00,2025-11-26 06:51:57.90379+00,2025-05-21,2025-05,CW21,21,P
2040,dbbcddfa-d223-4b15-9b22-a4db81272216,T,CW21,CW21,2025-05-22,2025-05-22,,EA,,2025-11-26 06:51:57.90379+00,7802c383-1ec0-41ae-9739-8ecc2faf327c,Task.xlsx,2025-11-26 06:51:57.90379+00,2025-11-26 06:51:57.90379+00,2025-05-22,2025-05,CW21,22,T
2041,dbbcddfa-d223-4b15-9b22-a4db81272216,T,CW21,CW21,2025-05-23,2025-05-23,,EA,,2025-11-26 06:51:57.90379+00,7802c383-1ec0-41ae-9739-8ecc2faf327c,Task.xlsx,2025-11-26 06:51:57.90379+00,2025-11-26 06:51:57.90379+00,2025-05-23,2025-05,CW21,23,T
2042,dbbcddfa-d223-4b15-9b22-a4db81272216,P,CW22,CW22,2025-05-26,2025-05-26,,SNa,,2025-11-26 06:51:57.90379+00,7802c383-1ec0-41ae-9739-8ecc2faf327c,Task.xlsx,2025-11-26 06:51:57.90379+00,2025-11-26 06:51:57.90379+00,2025-05-26,2025-05,CW22,26,P
2043,dbbcddfa-d223-4b15-9b22-a4db81272216,P,CW22,CW22,2025-05-27,2025-05-27,,SC,,2025-11-26 06:51:57.90379+00,7802c383-1ec0-41ae-9739-8ecc2faf327c,Task.xlsx,2025-11-26 06:51:57.90379+00,2025-11-26 06:51:57.90379+00,2025-05-27,2025-05,CW22,27,P
2044,dbbcddfa-d223-4b15-9b22-a4db81272216,P,CW22,CW22,2025-05-28,2025-05-28,,SCh,,2025-11-26 06:51:57.90379+00,7802c383-1ec0-41ae-9739-8ecc2faf327c,Task.xlsx,2025-11-26 06:51:57.90379+00,2025-11-26 06:51:57.90379+00,2025-05-28,2025-05,CW22,28,P
2045,dbbcddfa-d223-4b15-9b22-a4db81272216,WS,CW23,CW23,2025-06-03,2025-06-03,,CG,,2025-11-26 06:51:57.90379+00,7802c383-1ec0-41ae-9739-8ecc2faf327c,Task.xlsx,2025-11-26 06:51:57.90379+00,2025-11-26 06:51:57.90379+00,2025-06-03,2025-06,CW23,3,WS
2046,dbbcddfa-d223-4b15-9b22-a4db81272216,WS,CW23,CW23,2025-06-04,2025-06-04,,CG,,2025-11-26 06:51:57.90379+00,7802c383-1ec0-41ae-9739-8ecc2faf327c,Task.xlsx,2025-11-26 06:51:57.90379+00,2025-11-26 06:51:57.90379+00,2025-06-04,2025-06,CW23,4,WS
2047,dbbcddfa-d223-4b15-9b22-a4db81272216,WS,CW23,CW23,2025-06-05,2025-06-05,,CG,,2025-11-26 06:51:57.90379+00,7802c383-1ec0-41ae-9739-8ecc2faf327c,Task.xlsx,2025-11-26 06:51:57.90379+00,2025-11-26 06:51:57.90379+00,2025-06-05,2025-06,CW23,5,WS
2048,dbbcddfa-d223-4b15-9b22-a4db81272216,WS,CW23,CW23,2025-06-06,2025-06-06,,CG,,2025-11-26 06:51:57.90379+00,7802c383-1ec0-41ae-9739-8ecc2faf327c,Task.xlsx,2025-11-26 06:51:57.90379+00,2025-11-26 06:51:57.90379+00,2025-06-06,2025-06,CW23,6,WS
2049,dbbcddfa-d223-4b15-9b22-a4db81272216,WS,CW24,CW24,2025-06-09,2025-06-09,Boot Camp,EA,,2025-11-26 06:51:57.90379+00,7802c383-1ec0-41ae-9739-8ecc2faf327c,Task.xlsx,2025-11-26 06:51:57.90379+00,2025-11-26 06:51:57.90379+00,2025-06-09,2025-06,CW24,9,WS
2050,dbbcddfa-d223-4b15-9b22-a4db81272216,WS,CW24,CW24,2025-06-10,2025-06-10,,HA,,2025-11-26 06:51:57.90379+00,7802c383-1ec0-41ae-9739-8ecc2faf327c,Task.xlsx,2025-11-26 06:51:57.90379+00,2025-11-26 06:51:57.90379+00,2025-06-10,2025-06,CW24,10,WS
2051,dbbcddfa-d223-4b15-9b22-a4db81272216,P,CW24,CW24,2025-06-12,2025-06-12,,SC,,2025-11-26 06:51:57.90379+00,7802c383-1ec0-41ae-9739-8ecc2faf327c,Task.xlsx,2025-11-26 06:51:57.90379+00,2025-11-26 06:51:57.90379+00,2025-06-12,2025-06,CW24,12,P
2052,dbbcddfa-d223-4b15-9b22-a4db81272216,P,CW25,CW25,2025-06-16,2025-06-16,,EA,,2025-11-26 06:51:57.90379+00,7802c383-1ec0-41ae-9739-8ecc2faf327c,Task.xlsx,2025-11-26 06:51:57.90379+00,2025-11-26 06:51:57.90379+00,2025-06-16,2025-06,CW25,16,P
2053,dbbcddfa-d223-4b15-9b22-a4db81272216,P,CW25,CW25,2025-06-17,2025-06-17,,LC,,2025-11-26 06:51:57.90379+00,7802c383-1ec0-41ae-9739-8ecc2faf327c,Task.xlsx,2025-11-26 06:51:57.90379+00,2025-11-26 06:51:57.90379+00,2025-06-17,2025-06,CW25,17,P
2054,dbbcddfa-d223-4b15-9b22-a4db81272216,P,CW25,CW25,2025-06-18,2025-06-18,,EA,,2025-11-26 06:51:57.90379+00,7802c383-1ec0-41ae-9739-8ecc2faf327c,Task.xlsx,2025-11-26 06:51:57.90379+00,2025-11-26 06:51:57.90379+00,2025-06-18,2025-06,CW25,18,P
2055,dbbcddfa-d223-4b15-9b22-a4db81272216,P,CW25,CW25,2025-06-19,2025-06-19,,LC,,2025-11-26 06:51:57.90379+00,7802c383-1ec0-41ae-9739-8ecc2faf327c,Task.xlsx,2025-11-26 06:51:57.90379+00,2025-11-26 06:51:57.90379+00,2025-06-19,2025-06,CW25,19,P
2056,dbbcddfa-d223-4b15-9b22-a4db81272216,P,CW26,CW26,2025-06-23,2025-06-23,AI,CL,,2025-11-26 06:51:57.90379+00,7802c383-1ec0-41ae-9739-8ecc2faf327c,Task.xlsx,2025-11-26 06:51:57.90379+00,2025-11-26 06:51:57.90379+00,2025-06-23,2025-06,CW26,23,P
2057,dbbcddfa-d223-4b15-9b22-a4db81272216,P,CW26,CW26,2025-06-24,2025-06-24,FVS,LC,,2025-11-26 06:51:57.90379+00,7802c383-1ec0-41ae-9739-8ecc2faf327c,Task.xlsx,2025-11-26 06:51:57.90379+00,2025-11-26 06:51:57.90379+00,2025-06-24,2025-06,CW26,24,P
2058,dbbcddfa-d223-4b15-9b22-a4db81272216,P,CW26,CW26,2025-06-25,2025-06-25,Other,LC,,2025-11-26 06:51:57.90379+00,7802c383-1ec0-41ae-9739-8ecc2faf327c,Task.xlsx,2025-11-26 06:51:57.90379+00,2025-11-26 06:51:57.90379+00,2025-06-25,2025-06,CW26,25,P
2059,dbbcddfa-d223-4b15-9b22-a4db81272216,P,CW26,CW26,2025-06-26,2025-06-26,Other,LC,,2025-11-26 06:51:57.90379+00,7802c383-1ec0-41ae-9739-8ecc2faf327c,Task.xlsx,2025-11-26 06:51:57.90379+00,2025-11-26 06:51:57.90379+00,2025-06-26,2025-06,CW26,26,P
2060,dbbcddfa-d223-4b15-9b22-a4db81272216,P,CW26,CW26,2025-06-27,2025-06-27,Other,LC,,2025-11-26 06:51:57.90379+00,7802c383-1ec0-41ae-9739-8ecc2faf327c,Task.xlsx,2025-11-26 06:51:57.90379+00,2025-11-26 06:51:57.90379+00,2025-06-27,2025-06,CW26,27,P
2061,dbbcddfa-d223-4b15-9b22-a4db81272216,L,CW27,CW27,2025-06-30,2025-06-30,Holiday,,,2025-11-26 06:51:57.90379+00,7802c383-1ec0-41ae-9739-8ecc2faf327c,Task.xlsx,2025-11-26 06:51:57.90379+00,2025-11-26 06:51:57.90379+00,2025-06-30,2025-06,CW27,30,L
2062,dbbcddfa-d223-4b15-9b22-a4db81272216,L,CW27,CW27,2025-07-01,2025-07-01,,,,2025-11-26 06:51:57.90379+00,7802c383-1ec0-41ae-9739-8ecc2faf327c,Task.xlsx,2025-11-26 06:51:57.90379+00,2025-11-26 06:51:57.90379+00,2025-07-01,2025-07,CW27,1,L
2063,dbbcddfa-d223-4b15-9b22-a4db81272216,L,CW27,CW27,2025-07-02,2025-07-02,,,,2025-11-26 06:51:57.90379+00,7802c383-1ec0-41ae-9739-8ecc2faf327c,Task.xlsx,2025-11-26 06:51:57.90379+00,2025-11-26 06:51:57.90379+00,2025-07-02,2025-07,CW27,2,L
2064,dbbcddfa-d223-4b15-9b22-a4db81272216,L,CW27,CW27,2025-07-03,2025-07-03,,,,2025-11-26 06:51:57.90379+00,7802c383-1ec0-41ae-9739-8ecc2faf327c,Task.xlsx,2025-11-26 06:51:57.90379+00,2025-11-26 06:51:57.90379+00,2025-07-03,2025-07,CW27,3,L
2065,dbbcddfa-d223-4b15-9b22-a4db81272216,L,CW27,CW27,2025-07-04,2025-07-04,,,,2025-11-26 06:51:57.90379+00,7802c383-1ec0-41ae-9739-8ecc2faf327c,Task.xlsx,2025-11-26 06:51:57.90379+00,2025-11-26 06:51:57.90379+00,2025-07-04,2025-07,CW27,4,L
2066,dbbcddfa-d223-4b15-9b22-a4db81272216,P,CW28,CW28,2025-07-07,2025-07-07,,HA,,2025-11-26 06:51:57.90379+00,7802c383-1ec0-41ae-9739-8ecc2faf327c,Task.xlsx,2025-11-26 06:51:57.90379+00,2025-11-26 06:51:57.90379+00,2025-07-07,2025-07,CW28,7,P
2067,dbbcddfa-d223-4b15-9b22-a4db81272216,P,CW28,CW28,2025-07-08,2025-07-08,Inteliigent F,EA,,2025-11-26 06:51:57.90379+00,7802c383-1ec0-41ae-9739-8ecc2faf327c,Task.xlsx,2025-11-26 06:51:57.90379+00,2025-11-26 06:51:57.90379+00,2025-07-08,2025-07,CW28,8,P
2068,dbbcddfa-d223-4b15-9b22-a4db81272216,P,CW28,CW28,2025-07-09,2025-07-09,,EA,,2025-11-26 06:51:57.90379+00,7802c383-1ec0-41ae-9739-8ecc2faf327c,Task.xlsx,2025-11-26 06:51:57.90379+00,2025-11-26 06:51:57.90379+00,2025-07-09,2025-07,CW28,9,P
2069,dbbcddfa-d223-4b15-9b22-a4db81272216,P,CW28,CW28,2025-07-10,2025-07-10,,EA,,2025-11-26 06:51:57.90379+00,7802c383-1ec0-41ae-9739-8ecc2faf327c,Task.xlsx,2025-11-26 06:51:57.90379+00,2025-11-26 06:51:57.90379+00,2025-07-10,2025-07,CW28,10,P
2070,dbbcddfa-d223-4b15-9b22-a4db81272216,P,CW28,CW28,2025-07-11,2025-07-11,STUDY,EA,,2025-11-26 06:51:57.90379+00,7802c383-1ec0-41ae-9739-8ecc2faf327c,Task.xlsx,2025-11-26 06:51:57.90379+00,2025-11-26 06:51:57.90379+00,2025-07-11,2025-07,CW28,11,P
2071,dbbcddfa-d223-4b15-9b22-a4db81272216,SW,CW29,CW29,2025-07-14,2025-07-14,Pull,ED,,2025-11-26 06:51:57.90379+00,7802c383-1ec0-41ae-9739-8ecc2faf327c,Task.xlsx,2025-11-26 06:51:57.90379+00,2025-11-26 06:51:57.90379+00,2025-07-14,2025-07,CW29,14,SW
2072,dbbcddfa-d223-4b15-9b22-a4db81272216,SW,CW29,CW29,2025-07-15,2025-07-15,,ED,,2025-11-26 06:51:57.90379+00,7802c383-1ec0-41ae-9739-8ecc2faf327c,Task.xlsx,2025-11-26 06:51:57.90379+00,2025-11-26 06:51:57.90379+00,2025-07-15,2025-07,CW29,15,SW
2073,dbbcddfa-d223-4b15-9b22-a4db81272216,SW,CW29,CW29,2025-07-16,2025-07-16,,ED,,2025-11-26 06:51:57.90379+00,7802c383-1ec0-41ae-9739-8ecc2faf327c,Task.xlsx,2025-11-26 06:51:57.90379+00,2025-11-26 06:51:57.90379+00,2025-07-16,2025-07,CW29,16,SW
2074,dbbcddfa-d223-4b15-9b22-a4db81272216,SW,CW29,CW29,2025-07-17,2025-07-17,,ED,,2025-11-26 06:51:57.90379+00,7802c383-1ec0-41ae-9739-8ecc2faf327c,Task.xlsx,2025-11-26 06:51:57.90379+00,2025-11-26 06:51:57.90379+00,2025-07-17,2025-07,CW29,17,SW
2075,dbbcddfa-d223-4b15-9b22-a4db81272216,SW,CW29,CW29,2025-07-18,2025-07-18,,ED,,2025-11-26 06:51:57.90379+00,7802c383-1ec0-41ae-9739-8ecc2faf327c,Task.xlsx,2025-11-26 06:51:57.90379+00,2025-11-26 06:51:57.90379+00,2025-07-18,2025-07,CW29,18,SW
2076,dbbcddfa-d223-4b15-9b22-a4db81272216,WS,CW30,CW30,2025-07-21,2025-07-21,LLD,EA,,2025-11-26 06:51:57.90379+00,7802c383-1ec0-41ae-9739-8ecc2faf327c,Task.xlsx,2025-11-26 06:51:57.90379+00,2025-11-26 06:51:57.90379+00,2025-07-21,2025-07,CW30,21,WS
2077,dbbcddfa-d223-4b15-9b22-a4db81272216,P,CW30,CW30,2025-07-22,2025-07-22,Inteliigent F,LN,,2025-11-26 06:51:57.90379+00,7802c383-1ec0-41ae-9739-8ecc2faf327c,Task.xlsx,2025-11-26 06:51:57.90379+00,2025-11-26 06:51:57.90379+00,2025-07-22,2025-07,CW30,22,P
2078,dbbcddfa-d223-4b15-9b22-a4db81272216,WS,CW30,CW30,2025-07-23,2025-07-23,,LN,,2025-11-26 06:51:57.90379+00,7802c383-1ec0-41ae-9739-8ecc2faf327c,Task.xlsx,2025-11-26 06:51:57.90379+00,2025-11-26 06:51:57.90379+00,2025-07-23,2025-07,CW30,23,WS
2079,dbbcddfa-d223-4b15-9b22-a4db81272216,P,CW30,CW30,2025-07-24,2025-07-24,FCA,SC,,2025-11-26 06:51:57.90379+00,7802c383-1ec0-41ae-9739-8ecc2faf327c,Task.xlsx,2025-11-26 06:51:57.90379+00,2025-11-26 06:51:57.90379+00,2025-07-24,2025-07,CW30,24,P
2080,dbbcddfa-d223-4b15-9b22-a4db81272216,M,CW31,CW31,2025-07-28,2025-07-28,BPS,SNa,,2025-11-26 06:51:57.90379+00,7802c383-1ec0-41ae-9739-8ecc2faf327c,Task.xlsx,2025-11-26 06:51:57.90379+00,2025-11-26 06:51:57.90379+00,2025-07-28,2025-07,CW31,28,M
2081,dbbcddfa-d223-4b15-9b22-a4db81272216,WS,CW31,CW31,2025-07-29,2025-07-29,BPS,EA,,2025-11-26 06:51:57.90379+00,7802c383-1ec0-41ae-9739-8ecc2faf327c,Task.xlsx,2025-11-26 06:51:57.90379+00,2025-11-26 06:51:57.90379+00,2025-07-29,2025-07,CW31,29,WS
2082,dbbcddfa-d223-4b15-9b22-a4db81272216,P,CW31,CW31,2025-08-01,2025-08-01,MET,LN,,2025-11-26 06:51:57.90379+00,7802c383-1ec0-41ae-9739-8ecc2faf327c,Task.xlsx,2025-11-26 06:51:57.90379+00,2025-11-26 06:51:57.90379+00,2025-08-01,2025-08,CW31,1,P
2083,dbbcddfa-d223-4b15-9b22-a4db81272216,P,CW32,CW32,2025-08-04,2025-08-04,Power BI,LN,,2025-11-26 06:51:57.90379+00,7802c383-1ec0-41ae-9739-8ecc2faf327c,Task.xlsx,2025-11-26 06:51:57.90379+00,2025-11-26 06:51:57.90379+00,2025-08-04,2025-08,CW32,4,P
2084,dbbcddfa-d223-4b15-9b22-a4db81272216,P,CW32,CW32,2025-08-05,2025-08-05,,LN,,2025-11-26 06:51:57.90379+00,7802c383-1ec0-41ae-9739-8ecc2faf327c,Task.xlsx,2025-11-26 06:51:57.90379+00,2025-11-26 06:51:57.90379+00,2025-08-05,2025-08,CW32,5,P
2085,dbbcddfa-d223-4b15-9b22-a4db81272216,P,CW32,CW32,2025-08-06,2025-08-06,FCA,SC,,2025-11-26 06:51:57.90379+00,7802c383-1ec0-41ae-9739-8ecc2faf327c,Task.xlsx,2025-11-26 06:51:57.90379+00,2025-11-26 06:51:57.90379+00,2025-08-06,2025-08,CW32,6,P
2086,dbbcddfa-d223-4b15-9b22-a4db81272216,P,CW32,CW32,2025-08-07,2025-08-07,,CG,,2025-11-26 06:51:57.90379+00,7802c383-1ec0-41ae-9739-8ecc2faf327c,Task.xlsx,2025-11-26 06:51:57.90379+00,2025-11-26 06:51:57.90379+00,2025-08-07,2025-08,CW32,7,P
2087,dbbcddfa-d223-4b15-9b22-a4db81272216,P,CW32,CW32,2025-08-08,2025-08-08,,CG,,2025-11-26 06:51:57.90379+00,7802c383-1ec0-41ae-9739-8ecc2faf327c,Task.xlsx,2025-11-26 06:51:57.90379+00,2025-11-26 06:51:57.90379+00,2025-08-08,2025-08,CW32,8,P
2088,dbbcddfa-d223-4b15-9b22-a4db81272216,M,CW33,CW33,2025-08-11,2025-08-11,MET,BOSCH,,2025-11-26 06:51:57.90379+00,7802c383-1ec0-41ae-9739-8ecc2faf327c,Task.xlsx,2025-11-26 06:51:57.90379+00,2025-11-26 06:51:57.90379+00,2025-08-11,2025-08,CW33,11,M
2089,dbbcddfa-d223-4b15-9b22-a4db81272216,M,CW33,CW33,2025-08-12,2025-08-12,MET visiting,,,2025-11-26 06:51:57.90379+00,7802c383-1ec0-41ae-9739-8ecc2faf327c,Task.xlsx,2025-11-26 06:51:57.90379+00,2025-11-26 06:51:57.90379+00,2025-08-12,2025-08,CW33,12,M
2090,dbbcddfa-d223-4b15-9b22-a4db81272216,M,CW33,CW33,2025-08-13,2025-08-13,,,,2025-11-26 06:51:57.90379+00,7802c383-1ec0-41ae-9739-8ecc2faf327c,Task.xlsx,2025-11-26 06:51:57.90379+00,2025-11-26 06:51:57.90379+00,2025-08-13,2025-08,CW33,13,M
2091,dbbcddfa-d223-4b15-9b22-a4db81272216,M,CW33,CW33,2025-08-14,2025-08-14,,,,2025-11-26 06:51:57.90379+00,7802c383-1ec0-41ae-9739-8ecc2faf327c,Task.xlsx,2025-11-26 06:51:57.90379+00,2025-11-26 06:51:57.90379+00,2025-08-14,2025-08,CW33,14,M
2092,dbbcddfa-d223-4b15-9b22-a4db81272216,M,CW33,CW33,2025-08-15,2025-08-15,,,,2025-11-26 06:51:57.90379+00,7802c383-1ec0-41ae-9739-8ecc2faf327c,Task.xlsx,2025-11-26 06:51:57.90379+00,2025-11-26 06:51:57.90379+00,2025-08-15,2025-08,CW33,15,M
2093,dbbcddfa-d223-4b15-9b22-a4db81272216,P,CW34,CW34,2025-08-18,2025-08-18,Power BI,LN,,2025-11-26 06:51:57.90379+00,7802c383-1ec0-41ae-9739-8ecc2faf327c,Task.xlsx,2025-11-26 06:51:57.90379+00,2025-11-26 06:51:57.90379+00,2025-08-18,2025-08,CW34,18,P
2094,dbbcddfa-d223-4b15-9b22-a4db81272216,P,CW34,CW34,2025-08-19,2025-08-19,FCA,SC,,2025-11-26 06:51:57.90379+00,7802c383-1ec0-41ae-9739-8ecc2faf327c,Task.xlsx,2025-11-26 06:51:57.90379+00,2025-11-26 06:51:57.90379+00,2025-08-19,2025-08,CW34,19,P
2095,dbbcddfa-d223-4b15-9b22-a4db81272216,P,CW34,CW34,2025-08-20,2025-08-20,Power BI,LN,,2025-11-26 06:51:57.90379+00,7802c383-1ec0-41ae-9739-8ecc2faf327c,Task.xlsx,2025-11-26 06:51:57.90379+00,2025-11-26 06:51:57.90379+00,2025-08-20,2025-08,CW34,20,P
2096,dbbcddfa-d223-4b15-9b22-a4db81272216,T,CW34,CW34,2025-08-21,2025-08-21,Line back,EA,,2025-11-26 06:51:57.90379+00,7802c383-1ec0-41ae-9739-8ecc2faf327c,Task.xlsx,2025-11-26 06:51:57.90379+00,2025-11-26 06:51:57.90379+00,2025-08-21,2025-08,CW34,21,T
2097,dbbcddfa-d223-4b15-9b22-a4db81272216,P,CW34,CW34,2025-08-22,2025-08-22,,ED,,2025-11-26 06:51:57.90379+00,7802c383-1ec0-41ae-9739-8ecc2faf327c,Task.xlsx,2025-11-26 06:51:57.90379+00,2025-11-26 06:51:57.90379+00,2025-08-22,2025-08,CW34,22,P
2098,dbbcddfa-d223-4b15-9b22-a4db81272216,P,CW35,CW35,2025-08-25,2025-08-25,,ED,,2025-11-26 06:51:57.90379+00,7802c383-1ec0-41ae-9739-8ecc2faf327c,Task.xlsx,2025-11-26 06:51:57.90379+00,2025-11-26 06:51:57.90379+00,2025-08-25,2025-08,CW35,25,P
2099,dbbcddfa-d223-4b15-9b22-a4db81272216,P,CW35,CW35,2025-08-26,2025-08-26,Pull,LC,,2025-11-26 06:51:57.90379+00,7802c383-1ec0-41ae-9739-8ecc2faf327c,Task.xlsx,2025-11-26 06:51:57.90379+00,2025-11-26 06:51:57.90379+00,2025-08-26,2025-08,CW35,26,P
2100,dbbcddfa-d223-4b15-9b22-a4db81272216,P,CW35,CW35,2025-08-27,2025-08-27,,ED,,2025-11-26 06:51:57.90379+00,7802c383-1ec0-41ae-9739-8ecc2faf327c,Task.xlsx,2025-11-26 06:51:57.90379+00,2025-11-26 06:51:57.90379+00,2025-08-27,2025-08,CW35,27,P
2101,dbbcddfa-d223-4b15-9b22-a4db81272216,P,CW35,CW35,2025-08-28,2025-08-28,,ED,,2025-11-26 06:51:57.90379+00,7802c383-1ec0-41ae-9739-8ecc2faf327c,Task.xlsx,2025-11-26 06:51:57.90379+00,2025-11-26 06:51:57.90379+00,2025-08-28,2025-08,CW35,28,P
2102,dbbcddfa-d223-4b15-9b22-a4db81272216,P,CW35,CW35,2025-08-29,2025-08-29,,ED,,2025-11-26 06:51:57.90379+00,7802c383-1ec0-41ae-9739-8ecc2faf327c,Task.xlsx,2025-11-26 06:51:57.90379+00,2025-11-26 06:51:57.90379+00,2025-08-29,2025-08,CW35,29,P
2103,dbbcddfa-d223-4b15-9b22-a4db81272216,P,CW36,CW36,2025-09-01,2025-09-01,,ED,,2025-11-26 06:51:57.90379+00,7802c383-1ec0-41ae-9739-8ecc2faf327c,Task.xlsx,2025-11-26 06:51:57.90379+00,2025-11-26 06:51:57.90379+00,2025-09-01,2025-09,CW36,1,P
2104,dbbcddfa-d223-4b15-9b22-a4db81272216,P,CW36,CW36,2025-09-02,2025-09-02,,ED,,2025-11-26 06:51:57.90379+00,7802c383-1ec0-41ae-9739-8ecc2faf327c,Task.xlsx,2025-11-26 06:51:57.90379+00,2025-11-26 06:51:57.90379+00,2025-09-02,2025-09,CW36,2,P
2105,dbbcddfa-d223-4b15-9b22-a4db81272216,P,CW36,CW36,2025-09-03,2025-09-03,Kyoben preparation,CL,,2025-11-26 06:51:57.90379+00,7802c383-1ec0-41ae-9739-8ecc2faf327c,Task.xlsx,2025-11-26 06:51:57.90379+00,2025-11-26 06:51:57.90379+00,2025-09-03,2025-09,CW36,3,P
2106,dbbcddfa-d223-4b15-9b22-a4db81272216,P,CW36,CW36,2025-09-04,2025-09-04,,CL,,2025-11-26 06:51:57.90379+00,7802c383-1ec0-41ae-9739-8ecc2faf327c,Task.xlsx,2025-11-26 06:51:57.90379+00,2025-11-26 06:51:57.90379+00,2025-09-04,2025-09,CW36,4,P
2107,dbbcddfa-d223-4b15-9b22-a4db81272216,P,CW36,CW36,2025-09-05,2025-09-05,,CL,,2025-11-26 06:51:57.90379+00,7802c383-1ec0-41ae-9739-8ecc2faf327c,Task.xlsx,2025-11-26 06:51:57.90379+00,2025-11-26 06:51:57.90379+00,2025-09-05,2025-09,CW36,5,P
2108,dbbcddfa-d223-4b15-9b22-a4db81272216,P,CW37,CW37,2025-09-08,2025-09-08,Kyoben,CL,,2025-11-26 06:51:57.90379+00,7802c383-1ec0-41ae-9739-8ecc2faf327c,Task.xlsx,2025-11-26 06:51:57.90379+00,2025-11-26 06:51:57.90379+00,2025-09-08,2025-09,CW37,8,P
2109,dbbcddfa-d223-4b15-9b22-a4db81272216,P,CW37,CW37,2025-09-09,2025-09-09,,CL,,2025-11-26 06:51:57.90379+00,7802c383-1ec0-41ae-9739-8ecc2faf327c,Task.xlsx,2025-11-26 06:51:57.90379+00,2025-11-26 06:51:57.90379+00,2025-09-09,2025-09,CW37,9,P
2110,dbbcddfa-d223-4b15-9b22-a4db81272216,P,CW37,CW37,2025-09-10,2025-09-10,,CL,,2025-11-26 06:51:57.90379+00,7802c383-1ec0-41ae-9739-8ecc2faf327c,Task.xlsx,2025-11-26 06:51:57.90379+00,2025-11-26 06:51:57.90379+00,2025-09-10,2025-09,CW37,10,P
2111,dbbcddfa-d223-4b15-9b22-a4db81272216,P,CW37,CW37,2025-09-11,2025-09-11,,CL,,2025-11-26 06:51:57.90379+00,7802c383-1ec0-41ae-9739-8ecc2faf327c,Task.xlsx,2025-11-26 06:51:57.90379+00,2025-11-26 06:51:57.90379+00,2025-09-11,2025-09,CW37,11,P
2112,dbbcddfa-d223-4b15-9b22-a4db81272216,P,CW37,CW37,2025-09-12,2025-09-12,,CL,,2025-11-26 06:51:57.90379+00,7802c383-1ec0-41ae-9739-8ecc2faf327c,Task.xlsx,2025-11-26 06:51:57.90379+00,2025-11-26 06:51:57.90379+00,2025-09-12,2025-09,CW37,12,P
2113,dbbcddfa-d223-4b15-9b22-a4db81272216,P,CW38,CW38,2025-09-15,2025-09-15,Pull,LC,,2025-11-26 06:51:57.90379+00,7802c383-1ec0-41ae-9739-8ecc2faf327c,Task.xlsx,2025-11-26 06:51:57.90379+00,2025-11-26 06:51:57.90379+00,2025-09-15,2025-09,CW38,15,P
2114,dbbcddfa-d223-4b15-9b22-a4db81272216,P,CW38,CW38,2025-09-16,2025-09-16,I-BLI Preparation,EA,,2025-11-26 06:51:57.90379+00,7802c383-1ec0-41ae-9739-8ecc2faf327c,Task.xlsx,2025-11-26 06:51:57.90379+00,2025-11-26 06:51:57.90379+00,2025-09-16,2025-09,CW38,16,P
2115,dbbcddfa-d223-4b15-9b22-a4db81272216,P,CW38,CW38,2025-09-17,2025-09-17,,EA,,2025-11-26 06:51:57.90379+00,7802c383-1ec0-41ae-9739-8ecc2faf327c,Task.xlsx,2025-11-26 06:51:57.90379+00,2025-11-26 06:51:57.90379+00,2025-09-17,2025-09,CW38,17,P
2116,dbbcddfa-d223-4b15-9b22-a4db81272216,P,CW38,CW38,2025-09-18,2025-09-18,Production stability,SCh,,2025-11-26 06:51:57.90379+00,7802c383-1ec0-41ae-9739-8ecc2faf327c,Task.xlsx,2025-11-26 06:51:57.90379+00,2025-11-26 06:51:57.90379+00,2025-09-18,2025-09,CW38,18,P
2117,dbbcddfa-d223-4b15-9b22-a4db81272216,P,CW38,CW38,2025-09-19,2025-09-19,I-BLI Preparation,EA,,2025-11-26 06:51:57.90379+00,7802c383-1ec0-41ae-9739-8ecc2faf327c,Task.xlsx,2025-11-26 06:51:57.90379+00,2025-11-26 06:51:57.90379+00,2025-09-19,2025-09,CW38,19,P
2118,dbbcddfa-d223-4b15-9b22-a4db81272216,P,CW39,CW39,2025-09-22,2025-09-22,Kyoben,CL,,2025-11-26 06:51:57.90379+00,7802c383-1ec0-41ae-9739-8ecc2faf327c,Task.xlsx,2025-11-26 06:51:57.90379+00,2025-11-26 06:51:57.90379+00,2025-09-22,2025-09,CW39,22,P
2119,dbbcddfa-d223-4b15-9b22-a4db81272216,P,CW39,CW39,2025-09-23,2025-09-23,,CL,,2025-11-26 06:51:57.90379+00,7802c383-1ec0-41ae-9739-8ecc2faf327c,Task.xlsx,2025-11-26 06:51:57.90379+00,2025-11-26 06:51:57.90379+00,2025-09-23,2025-09,CW39,23,P
2120,dbbcddfa-d223-4b15-9b22-a4db81272216,P,CW39,CW39,2025-09-24,2025-09-24,,CL,,2025-11-26 06:51:57.90379+00,7802c383-1ec0-41ae-9739-8ecc2faf327c,Task.xlsx,2025-11-26 06:51:57.90379+00,2025-11-26 06:51:57.90379+00,2025-09-24,2025-09,CW39,24,P
2121,dbbcddfa-d223-4b15-9b22-a4db81272216,P,CW39,CW39,2025-09-25,2025-09-25,,CL,,2025-11-26 06:51:57.90379+00,7802c383-1ec0-41ae-9739-8ecc2faf327c,Task.xlsx,2025-11-26 06:51:57.90379+00,2025-11-26 06:51:57.90379+00,2025-09-25,2025-09,CW39,25,P
2122,dbbcddfa-d223-4b15-9b22-a4db81272216,P,CW39,CW39,2025-09-26,2025-09-26,,CL,,2025-11-26 06:51:57.90379+00,7802c383-1ec0-41ae-9739-8ecc2faf327c,Task.xlsx,2025-11-26 06:51:57.90379+00,2025-11-26 06:51:57.90379+00,2025-09-26,2025-09,CW39,26,P
2123,dbbcddfa-d223-4b15-9b22-a4db81272216,WS,CW39,CW39,2025-09-28,2025-09-28,DT,DC,,2025-11-26 06:51:57.90379+00,7802c383-1ec0-41ae-9739-8ecc2faf327c,Task.xlsx,2025-11-26 06:51:57.90379+00,2025-11-26 06:51:57.90379+00,2025-09-28,2025-09,CW39,28,WS
2124,dbbcddfa-d223-4b15-9b22-a4db81272216,P,CW40,CW40,2025-09-29,2025-09-29,Production stability,SCh,,2025-11-26 06:51:57.90379+00,7802c383-1ec0-41ae-9739-8ecc2faf327c,Task.xlsx,2025-11-26 06:51:57.90379+00,2025-11-26 06:51:57.90379+00,2025-09-29,2025-09,CW40,29,P
2125,dbbcddfa-d223-4b15-9b22-a4db81272216,P,CW41,CW41,2025-10-09,2025-10-09,I-BLI Preparation,EA,,2025-11-26 06:51:57.90379+00,7802c383-1ec0-41ae-9739-8ecc2faf327c,Task.xlsx,2025-11-26 06:51:57.90379+00,2025-11-26 06:51:57.90379+00,2025-10-09,2025-10,CW41,9,P
2126,dbbcddfa-d223-4b15-9b22-a4db81272216,P,CW41,CW41,2025-10-10,2025-10-10,I-BLI Preparation,EA,,2025-11-26 06:51:57.90379+00,7802c383-1ec0-41ae-9739-8ecc2faf327c,Task.xlsx,2025-11-26 06:51:57.90379+00,2025-11-26 06:51:57.90379+00,2025-10-10,2025-10,CW41,10,P
2127,dbbcddfa-d223-4b15-9b22-a4db81272216,WS,CW41,CW41,2025-10-11,2025-10-11,DT,DC,,2025-11-26 06:51:57.90379+00,7802c383-1ec0-41ae-9739-8ecc2faf327c,Task.xlsx,2025-11-26 06:51:57.90379+00,2025-11-26 06:51:57.90379+00,2025-10-11,2025-10,CW41,11,WS
2128,dbbcddfa-d223-4b15-9b22-a4db81272216,P,CW42,CW42,2025-10-13,2025-10-13,i-BLI,EA,,2025-11-26 06:51:57.90379+00,7802c383-1ec0-41ae-9739-8ecc2faf327c,Task.xlsx,2025-11-26 06:51:57.90379+00,2025-11-26 06:51:57.90379+00,2025-10-13,2025-10,CW42,13,P
2129,dbbcddfa-d223-4b15-9b22-a4db81272216,P,CW42,CW42,2025-10-14,2025-10-14,,EA,,2025-11-26 06:51:57.90379+00,7802c383-1ec0-41ae-9739-8ecc2faf327c,Task.xlsx,2025-11-26 06:51:57.90379+00,2025-11-26 06:51:57.90379+00,2025-10-14,2025-10,CW42,14,P
2130,dbbcddfa-d223-4b15-9b22-a4db81272216,P,CW42,CW42,2025-10-15,2025-10-15,,EA,,2025-11-26 06:51:57.90379+00,7802c383-1ec0-41ae-9739-8ecc2faf327c,Task.xlsx,2025-11-26 06:51:57.90379+00,2025-11-26 06:51:57.90379+00,2025-10-15,2025-10,CW42,15,P
2131,dbbcddfa-d223-4b15-9b22-a4db81272216,P,CW42,CW42,2025-10-16,2025-10-16,,EA,,2025-11-26 06:51:57.90379+00,7802c383-1ec0-41ae-9739-8ecc2faf327c,Task.xlsx,2025-11-26 06:51:57.90379+00,2025-11-26 06:51:57.90379+00,2025-10-16,2025-10,CW42,16,P
2132,dbbcddfa-d223-4b15-9b22-a4db81272216,P,CW42,CW42,2025-10-17,2025-10-17,,EA,,2025-11-26 06:51:57.90379+00,7802c383-1ec0-41ae-9739-8ecc2faf327c,Task.xlsx,2025-11-26 06:51:57.90379+00,2025-11-26 06:51:57.90379+00,2025-10-17,2025-10,CW42,17,P
2133,dbbcddfa-d223-4b15-9b22-a4db81272216,P,CW43,CW43,2025-10-20,2025-10-20,Kyoben,CL,,2025-11-26 06:51:57.90379+00,7802c383-1ec0-41ae-9739-8ecc2faf327c,Task.xlsx,2025-11-26 06:51:57.90379+00,2025-11-26 06:51:57.90379+00,2025-10-20,2025-10,CW43,20,P
2134,dbbcddfa-d223-4b15-9b22-a4db81272216,P,CW43,CW43,2025-10-21,2025-10-21,,CL,,2025-11-26 06:51:57.90379+00,7802c383-1ec0-41ae-9739-8ecc2faf327c,Task.xlsx,2025-11-26 06:51:57.90379+00,2025-11-26 06:51:57.90379+00,2025-10-21,2025-10,CW43,21,P
2135,dbbcddfa-d223-4b15-9b22-a4db81272216,P,CW43,CW43,2025-10-22,2025-10-22,,CL,,2025-11-26 06:51:57.90379+00,7802c383-1ec0-41ae-9739-8ecc2faf327c,Task.xlsx,2025-11-26 06:51:57.90379+00,2025-11-26 06:51:57.90379+00,2025-10-22,2025-10,CW43,22,P
2136,dbbcddfa-d223-4b15-9b22-a4db81272216,P,CW43,CW43,2025-10-23,2025-10-23,,CL,,2025-11-26 06:51:57.90379+00,7802c383-1ec0-41ae-9739-8ecc2faf327c,Task.xlsx,2025-11-26 06:51:57.90379+00,2025-11-26 06:51:57.90379+00,2025-10-23,2025-10,CW43,23,P
2137,dbbcddfa-d223-4b15-9b22-a4db81272216,P,CW43,CW43,2025-10-24,2025-10-24,,CL,,2025-11-26 06:51:57.90379+00,7802c383-1ec0-41ae-9739-8ecc2faf327c,Task.xlsx,2025-11-26 06:51:57.90379+00,2025-11-26 06:51:57.90379+00,2025-10-24,2025-10,CW43,24,P
2138,dbbcddfa-d223-4b15-9b22-a4db81272216,T,CW44,CW44,2025-10-27,2025-10-27,System-CIP approach,SCh,,2025-11-26 06:51:57.90379+00,7802c383-1ec0-41ae-9739-8ecc2faf327c,Task.xlsx,2025-11-26 06:51:57.90379+00,2025-11-26 06:51:57.90379+00,2025-10-27,2025-10,CW44,27,T
2139,dbbcddfa-d223-4b15-9b22-a4db81272216,T,CW44,CW44,2025-10-28,2025-10-28,,SCh,,2025-11-26 06:51:57.90379+00,7802c383-1ec0-41ae-9739-8ecc2faf327c,Task.xlsx,2025-11-26 06:51:57.90379+00,2025-11-26 06:51:57.90379+00,2025-10-28,2025-10,CW44,28,T
2140,dbbcddfa-d223-4b15-9b22-a4db81272216,T,CW44,CW44,2025-10-29,2025-10-29,,SCh,,2025-11-26 06:51:57.90379+00,7802c383-1ec0-41ae-9739-8ecc2faf327c,Task.xlsx,2025-11-26 06:51:57.90379+00,2025-11-26 06:51:57.90379+00,2025-10-29,2025-10,CW44,29,T
2141,dbbcddfa-d223-4b15-9b22-a4db81272216,T,CW44,CW44,2025-10-30,2025-10-30,PGL,EA,,2025-11-26 06:51:57.90379+00,7802c383-1ec0-41ae-9739-8ecc2faf327c,Task.xlsx,2025-11-26 06:51:57.90379+00,2025-11-26 06:51:57.90379+00,2025-10-30,2025-10,CW44,30,T
2142,dbbcddfa-d223-4b15-9b22-a4db81272216,P,CW44,CW44,2025-10-31,2025-10-31,I-BLI Preparation,EA,,2025-11-26 06:51:57.90379+00,7802c383-1ec0-41ae-9739-8ecc2faf327c,Task.xlsx,2025-11-26 06:51:57.90379+00,2025-11-26 06:51:57.90379+00,2025-10-31,2025-10,CW44,31,P
2143,dbbcddfa-d223-4b15-9b22-a4db81272216,P,CW45,CW45,2025-11-03,2025-11-03,I-BLI Homework catch up,EA,,2025-11-26 06:51:57.90379+00,7802c383-1ec0-41ae-9739-8ecc2faf327c,Task.xlsx,2025-11-26 06:51:57.90379+00,2025-11-26 06:51:57.90379+00,2025-11-03,2025-11,CW45,3,P
2144,dbbcddfa-d223-4b15-9b22-a4db81272216,P,CW45,CW45,2025-11-05,2025-11-05,I-BLI Preparation,EA,,2025-11-26 06:51:57.90379+00,7802c383-1ec0-41ae-9739-8ecc2faf327c,Task.xlsx,2025-11-26 06:51:57.90379+00,2025-11-26 06:51:57.90379+00,2025-11-05,2025-11,CW45,5,P
2145,dbbcddfa-d223-4b15-9b22-a4db81272216,P,CW45,CW45,2025-11-06,2025-11-06,I-BLI Preparation,EA,,2025-11-26 06:51:57.90379+00,7802c383-1ec0-41ae-9739-8ecc2faf327c,Task.xlsx,2025-11-26 06:51:57.90379+00,2025-11-26 06:51:57.90379+00,2025-11-06,2025-11,CW45,6,P
2146,dbbcddfa-d223-4b15-9b22-a4db81272216,P,CW45,CW45,2025-11-07,2025-11-07,I-BLI Preparation,EA,,2025-11-26 06:51:57.90379+00,7802c383-1ec0-41ae-9739-8ecc2faf327c,Task.xlsx,2025-11-26 06:51:57.90379+00,2025-11-26 06:51:57.90379+00,2025-11-07,2025-11,CW45,7,P
2147,dbbcddfa-d223-4b15-9b22-a4db81272216,P,CW46,CW46,2025-11-10,2025-11-10,i-BLI,EA,,2025-11-26 06:51:57.90379+00,7802c383-1ec0-41ae-9739-8ecc2faf327c,Task.xlsx,2025-11-26 06:51:57.90379+00,2025-11-26 06:51:57.90379+00,2025-11-10,2025-11,CW46,10,P
2148,dbbcddfa-d223-4b15-9b22-a4db81272216,P,CW46,CW46,2025-11-11,2025-11-11,,EA,,2025-11-26 06:51:57.90379+00,7802c383-1ec0-41ae-9739-8ecc2faf327c,Task.xlsx,2025-11-26 06:51:57.90379+00,2025-11-26 06:51:57.90379+00,2025-11-11,2025-11,CW46,11,P
2149,dbbcddfa-d223-4b15-9b22-a4db81272216,P,CW46,CW46,2025-11-12,2025-11-12,,EA,,2025-11-26 06:51:57.90379+00,7802c383-1ec0-41ae-9739-8ecc2faf327c,Task.xlsx,2025-11-26 06:51:57.90379+00,2025-11-26 06:51:57.90379+00,2025-11-12,2025-11,CW46,12,P
2150,dbbcddfa-d223-4b15-9b22-a4db81272216,P,CW46,CW46,2025-11-13,2025-11-13,,EA,,2025-11-26 06:51:57.90379+00,7802c383-1ec0-41ae-9739-8ecc2faf327c,Task.xlsx,2025-11-26 06:51:57.90379+00,2025-11-26 06:51:57.90379+00,2025-11-13,2025-11,CW46,13,P
2151,dbbcddfa-d223-4b15-9b22-a4db81272216,P,CW46,CW46,2025-11-14,2025-11-14,,EA,,2025-11-26 06:51:57.90379+00,7802c383-1ec0-41ae-9739-8ecc2faf327c,Task.xlsx,2025-11-26 06:51:57.90379+00,2025-11-26 06:51:57.90379+00,2025-11-14,2025-11,CW46,14,P
2152,dbbcddfa-d223-4b15-9b22-a4db81272216,P,CW47,CW47,2025-11-17,2025-11-17,I-BLI Homework catch up,EA,,2025-11-26 06:51:57.90379+00,7802c383-1ec0-41ae-9739-8ecc2faf327c,Task.xlsx,2025-11-26 06:51:57.90379+00,2025-11-26 06:51:57.90379+00,2025-11-17,2025-11,CW47,17,P
2153,dbbcddfa-d223-4b15-9b22-a4db81272216,P,CW47,CW47,2025-11-19,2025-11-19,I-BLI Preparation,EA,,2025-11-26 06:51:57.90379+00,7802c383-1ec0-41ae-9739-8ecc2faf327c,Task.xlsx,2025-11-26 06:51:57.90379+00,2025-11-26 06:51:57.90379+00,2025-11-19,2025-11,CW47,19,P
2154,dbbcddfa-d223-4b15-9b22-a4db81272216,P,CW47,CW47,2025-11-20,2025-11-20,I-BLI Preparation,EA,,2025-11-26 06:51:57.90379+00,7802c383-1ec0-41ae-9739-8ecc2faf327c,Task.xlsx,2025-11-26 06:51:57.90379+00,2025-11-26 06:51:57.90379+00,2025-11-20,2025-11,CW47,20,P
2155,dbbcddfa-d223-4b15-9b22-a4db81272216,P,CW47,CW47,2025-11-21,2025-11-21,I-BLI Preparation,EA,,2025-11-26 06:51:57.90379+00,7802c383-1ec0-41ae-9739-8ecc2faf327c,Task.xlsx,2025-11-26 06:51:57.90379+00,2025-11-26 06:51:57.90379+00,2025-11-21,2025-11,CW47,21,P
2156,dbbcddfa-d223-4b15-9b22-a4db81272216,P,CW48,CW48,2025-11-24,2025-11-24,i-BLI,EA,,2025-11-26 06:51:57.90379+00,7802c383-1ec0-41ae-9739-8ecc2faf327c,Task.xlsx,2025-11-26 06:51:57.90379+00,2025-11-26 06:51:57.90379+00,2025-11-24,2025-11,CW48,24,P
2157,dbbcddfa-d223-4b15-9b22-a4db81272216,P,CW48,CW48,2025-11-25,2025-11-25,,EA,,2025-11-26 06:51:57.90379+00,7802c383-1ec0-41ae-9739-8ecc2faf327c,Task.xlsx,2025-11-26 06:51:57.90379+00,2025-11-26 06:51:57.90379+00,2025-11-25,2025-11,CW48,25,P
2158,dbbcddfa-d223-4b15-9b22-a4db81272216,P,CW48,CW48,2025-11-26,2025-11-26,,EA,,2025-11-26 06:51:57.90379+00,7802c383-1ec0-41ae-9739-8ecc2faf327c,Task.xlsx,2025-11-26 06:51:57.90379+00,2025-11-26 06:51:57.90379+00,2025-11-26,2025-11,CW48,26,P
2159,dbbcddfa-d223-4b15-9b22-a4db81272216,P,CW48,CW48,2025-11-27,2025-11-27,,EA,,2025-11-26 06:51:57.90379+00,7802c383-1ec0-41ae-9739-8ecc2faf327c,Task.xlsx,2025-11-26 06:51:57.90379+00,2025-11-26 06:51:57.90379+00,2025-11-27,2025-11,CW48,27,P
2160,dbbcddfa-d223-4b15-9b22-a4db81272216,P,CW48,CW48,2025-11-28,2025-11-28,,EA,,2025-11-26 06:51:57.90379+00,7802c383-1ec0-41ae-9739-8ecc2faf327c,Task.xlsx,2025-11-26 06:51:57.90379+00,2025-11-26 06:51:57.90379+00,2025-11-28,2025-11,CW48,28,P
2161,dbbcddfa-d223-4b15-9b22-a4db81272216,A,CW49,CW49,2025-12-01,2025-12-01,Assessment,EA,,2025-11-26 06:51:57.90379+00,7802c383-1ec0-41ae-9739-8ecc2faf327c,Task.xlsx,2025-11-26 06:51:57.90379+00,2025-11-26 06:51:57.90379+00,2025-12-01,2025-12,CW49,1,A
2162,dbbcddfa-d223-4b15-9b22-a4db81272216,A,CW49,CW49,2025-12-02,2025-12-02,,EA,,2025-11-26 06:51:57.90379+00,7802c383-1ec0-41ae-9739-8ecc2faf327c,Task.xlsx,2025-11-26 06:51:57.90379+00,2025-11-26 06:51:57.90379+00,2025-12-02,2025-12,CW49,2,A
2163,dbbcddfa-d223-4b15-9b22-a4db81272216,A,CW49,CW49,2025-12-03,2025-12-03,,EA,,2025-11-26 06:51:57.90379+00,7802c383-1ec0-41ae-9739-8ecc2faf327c,Task.xlsx,2025-11-26 06:51:57.90379+00,2025-11-26 06:51:57.90379+00,2025-12-03,2025-12,CW49,3,A
2164,dbbcddfa-d223-4b15-9b22-a4db81272216,A,CW49,CW49,2025-12-04,2025-12-04,,EA,,2025-11-26 06:51:57.90379+00,7802c383-1ec0-41ae-9739-8ecc2faf327c,Task.xlsx,2025-11-26 06:51:57.90379+00,2025-11-26 06:51:57.90379+00,2025-12-04,2025-12,CW49,4,A
2165,dbbcddfa-d223-4b15-9b22-a4db81272216,A,CW49,CW49,2025-12-05,2025-12-05,,EA,,2025-11-26 06:51:57.90379+00,7802c383-1ec0-41ae-9739-8ecc2faf327c,Task.xlsx,2025-11-26 06:51:57.90379+00,2025-11-26 06:51:57.90379+00,2025-12-05,2025-12,CW49,5,A
2166,dbbcddfa-d223-4b15-9b22-a4db81272216,A,CW50,CW50,2025-12-08,2025-12-08,Assessment,EA,,2025-11-26 06:51:57.90379+00,7802c383-1ec0-41ae-9739-8ecc2faf327c,Task.xlsx,2025-11-26 06:51:57.90379+00,2025-11-26 06:51:57.90379+00,2025-12-08,2025-12,CW50,8,A
2167,dbbcddfa-d223-4b15-9b22-a4db81272216,A,CW50,CW50,2025-12-09,2025-12-09,,EA,,2025-11-26 06:51:57.90379+00,7802c383-1ec0-41ae-9739-8ecc2faf327c,Task.xlsx,2025-11-26 06:51:57.90379+00,2025-11-26 06:51:57.90379+00,2025-12-09,2025-12,CW50,9,A
2168,dbbcddfa-d223-4b15-9b22-a4db81272216,A,CW50,CW50,2025-12-10,2025-12-10,,EA,,2025-11-26 06:51:57.90379+00,7802c383-1ec0-41ae-9739-8ecc2faf327c,Task.xlsx,2025-11-26 06:51:57.90379+00,2025-11-26 06:51:57.90379+00,2025-12-10,2025-12,CW50,10,A
2169,dbbcddfa-d223-4b15-9b22-a4db81272216,T,CW50,CW50,2025-12-11,2025-12-11,Pull&Leveling preparation,EA,,2025-11-26 06:51:57.90379+00,7802c383-1ec0-41ae-9739-8ecc2faf327c,Task.xlsx,2025-11-26 06:51:57.90379+00,2025-11-26 06:51:57.90379+00,2025-12-11,2025-12,CW50,11,T
2170,dbbcddfa-d223-4b15-9b22-a4db81272216,T,CW50,CW50,2025-12-12,2025-12-12,,EA,,2025-11-26 06:51:57.90379+00,7802c383-1ec0-41ae-9739-8ecc2faf327c,Task.xlsx,2025-11-26 06:51:57.90379+00,2025-11-26 06:51:57.90379+00,2025-12-12,2025-12,CW50,12,T
2171,dbbcddfa-d223-4b15-9b22-a4db81272216,T,CW51,CW51,2025-12-15,2025-12-15,Pull&Leveling,HA,,2025-11-26 06:51:57.90379+00,7802c383-1ec0-41ae-9739-8ecc2faf327c,Task.xlsx,2025-11-26 06:51:57.90379+00,2025-11-26 06:51:57.90379+00,2025-12-15,2025-12,CW51,15,T
2172,dbbcddfa-d223-4b15-9b22-a4db81272216,T,CW51,CW51,2025-12-16,2025-12-16,,HA,,2025-11-26 06:51:57.90379+00,7802c383-1ec0-41ae-9739-8ecc2faf327c,Task.xlsx,2025-11-26 06:51:57.90379+00,2025-11-26 06:51:57.90379+00,2025-12-16,2025-12,CW51,16,T
2173,dbbcddfa-d223-4b15-9b22-a4db81272216,T,CW51,CW51,2025-12-17,2025-12-17,,HA,,2025-11-26 06:51:57.90379+00,7802c383-1ec0-41ae-9739-8ecc2faf327c,Task.xlsx,2025-11-26 06:51:57.90379+00,2025-11-26 06:51:57.90379+00,2025-12-17,2025-12,CW51,17,T
2174,dbbcddfa-d223-4b15-9b22-a4db81272216,L,CW52,CW52,2025-12-25,2025-12-25,Holiday,,,2025-11-26 06:51:57.90379+00,7802c383-1ec0-41ae-9739-8ecc2faf327c,Task.xlsx,2025-11-26 06:51:57.90379+00,2025-11-26 06:51:57.90379+00,2025-12-25,2025-12,CW52,25,L
2175,dbbcddfa-d223-4b15-9b22-a4db81272216,L,CW52,CW52,2025-12-26,2025-12-26,,,,2025-11-26 06:51:57.90379+00,7802c383-1ec0-41ae-9739-8ecc2faf327c,Task.xlsx,2025-11-26 06:51:57.90379+00,2025-11-26 06:51:57.90379+00,2025-12-26,2025-12,CW52,26,L
2176,dbbcddfa-d223-4b15-9b22-a4db81272216,L,CW52,CW52,2025-12-29,2025-12-29,Holiday,,,2025-11-26 06:51:57.90379+00,7802c383-1ec0-41ae-9739-8ecc2faf327c,Task.xlsx,2025-11-26 06:51:57.90379+00,2025-11-26 06:51:57.90379+00,2025-12-29,2025-12,CW01,29,L
2177,dbbcddfa-d223-4b15-9b22-a4db81272216,L,CW52,CW52,2025-12-30,2025-12-30,,,,2025-11-26 06:51:57.90379+00,7802c383-1ec0-41ae-9739-8ecc2faf327c,Task.xlsx,2025-11-26 06:51:57.90379+00,2025-11-26 06:51:57.90379+00,2025-12-30,2025-12,CW01,30,L
2178,dbbcddfa-d223-4b15-9b22-a4db81272216,L,CW52,CW52,2025-12-31,2025-12-31,,,,2025-11-26 06:51:57.90379+00,7802c383-1ec0-41ae-9739-8ecc2faf327c,Task.xlsx,2025-11-26 06:51:57.90379+00,2025-11-26 06:51:57.90379+00,2025-12-31,2025-12,CW01,31,L
2179,a9a5d17d-3c7c-4435-b113-378e995fc18c,T,CW01,CW01,2025-01-03,2025-01-03,,LC,,2025-11-26 06:51:57.90379+00,7802c383-1ec0-41ae-9739-8ecc2faf327c,Task.xlsx,2025-11-26 06:51:57.90379+00,2025-11-26 06:51:57.90379+00,2025-01-03,2025-01,CW01,3,T
2180,a9a5d17d-3c7c-4435-b113-378e995fc18c,C,CW02,CW02,2025-01-06,2025-01-06,,LC,,2025-11-26 06:51:57.90379+00,7802c383-1ec0-41ae-9739-8ecc2faf327c,Task.xlsx,2025-11-26 06:51:57.90379+00,2025-11-26 06:51:57.90379+00,2025-01-06,2025-01,CW02,6,C
2181,a9a5d17d-3c7c-4435-b113-378e995fc18c,C,CW02,CW02,2025-01-07,2025-01-07,,LC,,2025-11-26 06:51:57.90379+00,7802c383-1ec0-41ae-9739-8ecc2faf327c,Task.xlsx,2025-11-26 06:51:57.90379+00,2025-11-26 06:51:57.90379+00,2025-01-07,2025-01,CW02,7,C
2182,a9a5d17d-3c7c-4435-b113-378e995fc18c,C,CW02,CW02,2025-01-08,2025-01-08,,LC,,2025-11-26 06:51:57.90379+00,7802c383-1ec0-41ae-9739-8ecc2faf327c,Task.xlsx,2025-11-26 06:51:57.90379+00,2025-11-26 06:51:57.90379+00,2025-01-08,2025-01,CW02,8,C
2183,a9a5d17d-3c7c-4435-b113-378e995fc18c,C,CW02,CW02,2025-01-09,2025-01-09,,LC,,2025-11-26 06:51:57.90379+00,7802c383-1ec0-41ae-9739-8ecc2faf327c,Task.xlsx,2025-11-26 06:51:57.90379+00,2025-11-26 06:51:57.90379+00,2025-01-09,2025-01,CW02,9,C
2184,a9a5d17d-3c7c-4435-b113-378e995fc18c,C,CW02,CW02,2025-01-10,2025-01-10,,LC,,2025-11-26 06:51:57.90379+00,7802c383-1ec0-41ae-9739-8ecc2faf327c,Task.xlsx,2025-11-26 06:51:57.90379+00,2025-11-26 06:51:57.90379+00,2025-01-10,2025-01,CW02,10,C
2185,a9a5d17d-3c7c-4435-b113-378e995fc18c,WS,CW03,CW03,2025-01-13,2025-01-13,,LN,,2025-11-26 06:51:57.90379+00,7802c383-1ec0-41ae-9739-8ecc2faf327c,Task.xlsx,2025-11-26 06:51:57.90379+00,2025-11-26 06:51:57.90379+00,2025-01-13,2025-01,CW03,13,WS
2186,a9a5d17d-3c7c-4435-b113-378e995fc18c,M,CW03,CW03,2025-01-14,2025-01-14,,LC,,2025-11-26 06:51:57.90379+00,7802c383-1ec0-41ae-9739-8ecc2faf327c,Task.xlsx,2025-11-26 06:51:57.90379+00,2025-11-26 06:51:57.90379+00,2025-01-14,2025-01,CW03,14,M
2187,a9a5d17d-3c7c-4435-b113-378e995fc18c,WS,CW03,CW03,2025-01-15,2025-01-15,,LN,,2025-11-26 06:51:57.90379+00,7802c383-1ec0-41ae-9739-8ecc2faf327c,Task.xlsx,2025-11-26 06:51:57.90379+00,2025-11-26 06:51:57.90379+00,2025-01-15,2025-01,CW03,15,WS
2188,a9a5d17d-3c7c-4435-b113-378e995fc18c,WS,CW03,CW03,2025-01-16,2025-01-16,,LN,,2025-11-26 06:51:57.90379+00,7802c383-1ec0-41ae-9739-8ecc2faf327c,Task.xlsx,2025-11-26 06:51:57.90379+00,2025-11-26 06:51:57.90379+00,2025-01-16,2025-01,CW03,16,WS
2189,a9a5d17d-3c7c-4435-b113-378e995fc18c,M,CW03,CW03,2025-01-17,2025-01-17,,LN,,2025-11-26 06:51:57.90379+00,7802c383-1ec0-41ae-9739-8ecc2faf327c,Task.xlsx,2025-11-26 06:51:57.90379+00,2025-11-26 06:51:57.90379+00,2025-01-17,2025-01,CW03,17,M
2190,a9a5d17d-3c7c-4435-b113-378e995fc18c,WS,CW04,CW04,2025-01-20,2025-01-20,,LN,,2025-11-26 06:51:57.90379+00,7802c383-1ec0-41ae-9739-8ecc2faf327c,Task.xlsx,2025-11-26 06:51:57.90379+00,2025-11-26 06:51:57.90379+00,2025-01-20,2025-01,CW04,20,WS
2191,a9a5d17d-3c7c-4435-b113-378e995fc18c,M,CW04,CW04,2025-01-21,2025-01-21,,LC,,2025-11-26 06:51:57.90379+00,7802c383-1ec0-41ae-9739-8ecc2faf327c,Task.xlsx,2025-11-26 06:51:57.90379+00,2025-11-26 06:51:57.90379+00,2025-01-21,2025-01,CW04,21,M
2192,a9a5d17d-3c7c-4435-b113-378e995fc18c,WS,CW04,CW04,2025-01-22,2025-01-22,,LN,,2025-11-26 06:51:57.90379+00,7802c383-1ec0-41ae-9739-8ecc2faf327c,Task.xlsx,2025-11-26 06:51:57.90379+00,2025-11-26 06:51:57.90379+00,2025-01-22,2025-01,CW04,22,WS
2193,a9a5d17d-3c7c-4435-b113-378e995fc18c,M,CW04,CW04,2025-01-23,2025-01-23,,LN,,2025-11-26 06:51:57.90379+00,7802c383-1ec0-41ae-9739-8ecc2faf327c,Task.xlsx,2025-11-26 06:51:57.90379+00,2025-11-26 06:51:57.90379+00,2025-01-23,2025-01,CW04,23,M
2194,a9a5d17d-3c7c-4435-b113-378e995fc18c,M,CW04,CW04,2025-01-24,2025-01-24,,LN,,2025-11-26 06:51:57.90379+00,7802c383-1ec0-41ae-9739-8ecc2faf327c,Task.xlsx,2025-11-26 06:51:57.90379+00,2025-11-26 06:51:57.90379+00,2025-01-24,2025-01,CW04,24,M
2195,a9a5d17d-3c7c-4435-b113-378e995fc18c,M,CW06,CW06,2025-02-06,2025-02-06,,LN,,2025-11-26 06:51:57.90379+00,7802c383-1ec0-41ae-9739-8ecc2faf327c,Task.xlsx,2025-11-26 06:51:57.90379+00,2025-11-26 06:51:57.90379+00,2025-02-06,2025-02,CW06,6,M
2196,a9a5d17d-3c7c-4435-b113-378e995fc18c,M,CW06,CW06,2025-02-07,2025-02-07,,LN,,2025-11-26 06:51:57.90379+00,7802c383-1ec0-41ae-9739-8ecc2faf327c,Task.xlsx,2025-11-26 06:51:57.90379+00,2025-11-26 06:51:57.90379+00,2025-02-07,2025-02,CW06,7,M
2197,a9a5d17d-3c7c-4435-b113-378e995fc18c,M,CW06,CW06,2025-02-08,2025-02-08,,LN,,2025-11-26 06:51:57.90379+00,7802c383-1ec0-41ae-9739-8ecc2faf327c,Task.xlsx,2025-11-26 06:51:57.90379+00,2025-11-26 06:51:57.90379+00,2025-02-08,2025-02,CW06,8,M
2198,a9a5d17d-3c7c-4435-b113-378e995fc18c,M,CW07,CW07,2025-02-12,2025-02-12,,LN,,2025-11-26 06:51:57.90379+00,7802c383-1ec0-41ae-9739-8ecc2faf327c,Task.xlsx,2025-11-26 06:51:57.90379+00,2025-11-26 06:51:57.90379+00,2025-02-12,2025-02,CW07,12,M
2199,a9a5d17d-3c7c-4435-b113-378e995fc18c,M,CW07,CW07,2025-02-13,2025-02-13,,LN,,2025-11-26 06:51:57.90379+00,7802c383-1ec0-41ae-9739-8ecc2faf327c,Task.xlsx,2025-11-26 06:51:57.90379+00,2025-11-26 06:51:57.90379+00,2025-02-13,2025-02,CW07,13,M
2200,a9a5d17d-3c7c-4435-b113-378e995fc18c,M,CW08,CW08,2025-02-17,2025-02-17,,LN,,2025-11-26 06:51:57.90379+00,7802c383-1ec0-41ae-9739-8ecc2faf327c,Task.xlsx,2025-11-26 06:51:57.90379+00,2025-11-26 06:51:57.90379+00,2025-02-17,2025-02,CW08,17,M
2201,a9a5d17d-3c7c-4435-b113-378e995fc18c,M,CW08,CW08,2025-02-18,2025-02-18,,LN,,2025-11-26 06:51:57.90379+00,7802c383-1ec0-41ae-9739-8ecc2faf327c,Task.xlsx,2025-11-26 06:51:57.90379+00,2025-11-26 06:51:57.90379+00,2025-02-18,2025-02,CW08,18,M
2202,a9a5d17d-3c7c-4435-b113-378e995fc18c,M,CW08,CW08,2025-02-19,2025-02-19,,LN,,2025-11-26 06:51:57.90379+00,7802c383-1ec0-41ae-9739-8ecc2faf327c,Task.xlsx,2025-11-26 06:51:57.90379+00,2025-11-26 06:51:57.90379+00,2025-02-19,2025-02,CW08,19,M
2203,a9a5d17d-3c7c-4435-b113-378e995fc18c,M,CW08,CW08,2025-02-20,2025-02-20,,LN,,2025-11-26 06:51:57.90379+00,7802c383-1ec0-41ae-9739-8ecc2faf327c,Task.xlsx,2025-11-26 06:51:57.90379+00,2025-11-26 06:51:57.90379+00,2025-02-20,2025-02,CW08,20,M
2204,a9a5d17d-3c7c-4435-b113-378e995fc18c,M,CW08,CW08,2025-02-21,2025-02-21,,LN,,2025-11-26 06:51:57.90379+00,7802c383-1ec0-41ae-9739-8ecc2faf327c,Task.xlsx,2025-11-26 06:51:57.90379+00,2025-11-26 06:51:57.90379+00,2025-02-21,2025-02,CW08,21,M
2205,a9a5d17d-3c7c-4435-b113-378e995fc18c,M,CW09,CW09,2025-02-24,2025-02-24,,LN,,2025-11-26 06:51:57.90379+00,7802c383-1ec0-41ae-9739-8ecc2faf327c,Task.xlsx,2025-11-26 06:51:57.90379+00,2025-11-26 06:51:57.90379+00,2025-02-24,2025-02,CW09,24,M
2206,a9a5d17d-3c7c-4435-b113-378e995fc18c,M,CW09,CW09,2025-02-25,2025-02-25,,LN,,2025-11-26 06:51:57.90379+00,7802c383-1ec0-41ae-9739-8ecc2faf327c,Task.xlsx,2025-11-26 06:51:57.90379+00,2025-11-26 06:51:57.90379+00,2025-02-25,2025-02,CW09,25,M
2207,a9a5d17d-3c7c-4435-b113-378e995fc18c,M,CW09,CW09,2025-02-26,2025-02-26,,LN,,2025-11-26 06:51:57.90379+00,7802c383-1ec0-41ae-9739-8ecc2faf327c,Task.xlsx,2025-11-26 06:51:57.90379+00,2025-11-26 06:51:57.90379+00,2025-02-26,2025-02,CW09,26,M
2208,a9a5d17d-3c7c-4435-b113-378e995fc18c,M,CW09,CW09,2025-02-27,2025-02-27,,LN,,2025-11-26 06:51:57.90379+00,7802c383-1ec0-41ae-9739-8ecc2faf327c,Task.xlsx,2025-11-26 06:51:57.90379+00,2025-11-26 06:51:57.90379+00,2025-02-27,2025-02,CW09,27,M
2209,a9a5d17d-3c7c-4435-b113-378e995fc18c,M,CW10,CW10,2025-03-03,2025-03-03,,LN,,2025-11-26 06:51:57.90379+00,7802c383-1ec0-41ae-9739-8ecc2faf327c,Task.xlsx,2025-11-26 06:51:57.90379+00,2025-11-26 06:51:57.90379+00,2025-03-03,2025-03,CW10,3,M
2210,a9a5d17d-3c7c-4435-b113-378e995fc18c,M,CW10,CW10,2025-03-04,2025-03-04,,LN,,2025-11-26 06:51:57.90379+00,7802c383-1ec0-41ae-9739-8ecc2faf327c,Task.xlsx,2025-11-26 06:51:57.90379+00,2025-11-26 06:51:57.90379+00,2025-03-04,2025-03,CW10,4,M
2211,a9a5d17d-3c7c-4435-b113-378e995fc18c,M,CW10,CW10,2025-03-05,2025-03-05,,LN,,2025-11-26 06:51:57.90379+00,7802c383-1ec0-41ae-9739-8ecc2faf327c,Task.xlsx,2025-11-26 06:51:57.90379+00,2025-11-26 06:51:57.90379+00,2025-03-05,2025-03,CW10,5,M
2212,a9a5d17d-3c7c-4435-b113-378e995fc18c,M,CW10,CW10,2025-03-06,2025-03-06,,LN,,2025-11-26 06:51:57.90379+00,7802c383-1ec0-41ae-9739-8ecc2faf327c,Task.xlsx,2025-11-26 06:51:57.90379+00,2025-11-26 06:51:57.90379+00,2025-03-06,2025-03,CW10,6,M
2213,a9a5d17d-3c7c-4435-b113-378e995fc18c,M,CW10,CW10,2025-03-07,2025-03-07,,LN,,2025-11-26 06:51:57.90379+00,7802c383-1ec0-41ae-9739-8ecc2faf327c,Task.xlsx,2025-11-26 06:51:57.90379+00,2025-11-26 06:51:57.90379+00,2025-03-07,2025-03,CW10,7,M
2214,a9a5d17d-3c7c-4435-b113-378e995fc18c,C,CW11,CW11,2025-03-10,2025-03-10,,LN,,2025-11-26 06:51:57.90379+00,7802c383-1ec0-41ae-9739-8ecc2faf327c,Task.xlsx,2025-11-26 06:51:57.90379+00,2025-11-26 06:51:57.90379+00,2025-03-10,2025-03,CW11,10,C
2215,a9a5d17d-3c7c-4435-b113-378e995fc18c,M,CW11,CW11,2025-03-12,2025-03-12,,LN,,2025-11-26 06:51:57.90379+00,7802c383-1ec0-41ae-9739-8ecc2faf327c,Task.xlsx,2025-11-26 06:51:57.90379+00,2025-11-26 06:51:57.90379+00,2025-03-12,2025-03,CW11,12,M
2216,a9a5d17d-3c7c-4435-b113-378e995fc18c,M,CW11,CW11,2025-03-13,2025-03-13,,LN,,2025-11-26 06:51:57.90379+00,7802c383-1ec0-41ae-9739-8ecc2faf327c,Task.xlsx,2025-11-26 06:51:57.90379+00,2025-11-26 06:51:57.90379+00,2025-03-13,2025-03,CW11,13,M
2217,a9a5d17d-3c7c-4435-b113-378e995fc18c,C,CW11,CW11,2025-03-14,2025-03-14,,LN,,2025-11-26 06:51:57.90379+00,7802c383-1ec0-41ae-9739-8ecc2faf327c,Task.xlsx,2025-11-26 06:51:57.90379+00,2025-11-26 06:51:57.90379+00,2025-03-14,2025-03,CW11,14,C
2218,a9a5d17d-3c7c-4435-b113-378e995fc18c,M,CW12,CW12,2025-03-17,2025-03-17,,LN,,2025-11-26 06:51:57.90379+00,7802c383-1ec0-41ae-9739-8ecc2faf327c,Task.xlsx,2025-11-26 06:51:57.90379+00,2025-11-26 06:51:57.90379+00,2025-03-17,2025-03,CW12,17,M
2219,a9a5d17d-3c7c-4435-b113-378e995fc18c,M,CW12,CW12,2025-03-18,2025-03-18,,LN,,2025-11-26 06:51:57.90379+00,7802c383-1ec0-41ae-9739-8ecc2faf327c,Task.xlsx,2025-11-26 06:51:57.90379+00,2025-11-26 06:51:57.90379+00,2025-03-18,2025-03,CW12,18,M
2220,a9a5d17d-3c7c-4435-b113-378e995fc18c,C,CW12,CW12,2025-03-19,2025-03-19,,LN,,2025-11-26 06:51:57.90379+00,7802c383-1ec0-41ae-9739-8ecc2faf327c,Task.xlsx,2025-11-26 06:51:57.90379+00,2025-11-26 06:51:57.90379+00,2025-03-19,2025-03,CW12,19,C
2221,a9a5d17d-3c7c-4435-b113-378e995fc18c,C,CW12,CW12,2025-03-21,2025-03-21,,LN,,2025-11-26 06:51:57.90379+00,7802c383-1ec0-41ae-9739-8ecc2faf327c,Task.xlsx,2025-11-26 06:51:57.90379+00,2025-11-26 06:51:57.90379+00,2025-03-21,2025-03,CW12,21,C
2222,a9a5d17d-3c7c-4435-b113-378e995fc18c,C,CW13,CW13,2025-03-24,2025-03-24,,LN,,2025-11-26 06:51:57.90379+00,7802c383-1ec0-41ae-9739-8ecc2faf327c,Task.xlsx,2025-11-26 06:51:57.90379+00,2025-11-26 06:51:57.90379+00,2025-03-24,2025-03,CW13,24,C
2223,a9a5d17d-3c7c-4435-b113-378e995fc18c,C,CW13,CW13,2025-03-26,2025-03-26,,LN,,2025-11-26 06:51:57.90379+00,7802c383-1ec0-41ae-9739-8ecc2faf327c,Task.xlsx,2025-11-26 06:51:57.90379+00,2025-11-26 06:51:57.90379+00,2025-03-26,2025-03,CW13,26,C
2224,a9a5d17d-3c7c-4435-b113-378e995fc18c,M,CW13,CW13,2025-03-27,2025-03-27,,DC,,2025-11-26 06:51:57.90379+00,7802c383-1ec0-41ae-9739-8ecc2faf327c,Task.xlsx,2025-11-26 06:51:57.90379+00,2025-11-26 06:51:57.90379+00,2025-03-27,2025-03,CW13,27,M
2225,a9a5d17d-3c7c-4435-b113-378e995fc18c,C,CW13,CW13,2025-03-28,2025-03-28,,LN,,2025-11-26 06:51:57.90379+00,7802c383-1ec0-41ae-9739-8ecc2faf327c,Task.xlsx,2025-11-26 06:51:57.90379+00,2025-11-26 06:51:57.90379+00,2025-03-28,2025-03,CW13,28,C
2226,a9a5d17d-3c7c-4435-b113-378e995fc18c,WS,CW14,CW14,2025-04-01,2025-04-01,,LN,,2025-11-26 06:51:57.90379+00,7802c383-1ec0-41ae-9739-8ecc2faf327c,Task.xlsx,2025-11-26 06:51:57.90379+00,2025-11-26 06:51:57.90379+00,2025-04-01,2025-04,CW14,1,WS
2227,a9a5d17d-3c7c-4435-b113-378e995fc18c,M,CW14,CW14,2025-04-02,2025-04-02,,LN,,2025-11-26 06:51:57.90379+00,7802c383-1ec0-41ae-9739-8ecc2faf327c,Task.xlsx,2025-11-26 06:51:57.90379+00,2025-11-26 06:51:57.90379+00,2025-04-02,2025-04,CW14,2,M
2228,a9a5d17d-3c7c-4435-b113-378e995fc18c,WS,CW14,CW14,2025-04-03,2025-04-03,,LN,,2025-11-26 06:51:57.90379+00,7802c383-1ec0-41ae-9739-8ecc2faf327c,Task.xlsx,2025-11-26 06:51:57.90379+00,2025-11-26 06:51:57.90379+00,2025-04-03,2025-04,CW14,3,WS
2229,a9a5d17d-3c7c-4435-b113-378e995fc18c,WS,CW15,CW15,2025-04-07,2025-04-07,,LN,,2025-11-26 06:51:57.90379+00,7802c383-1ec0-41ae-9739-8ecc2faf327c,Task.xlsx,2025-11-26 06:51:57.90379+00,2025-11-26 06:51:57.90379+00,2025-04-07,2025-04,CW15,7,WS
2230,a9a5d17d-3c7c-4435-b113-378e995fc18c,M,CW15,CW15,2025-04-08,2025-04-08,,LN,,2025-11-26 06:51:57.90379+00,7802c383-1ec0-41ae-9739-8ecc2faf327c,Task.xlsx,2025-11-26 06:51:57.90379+00,2025-11-26 06:51:57.90379+00,2025-04-08,2025-04,CW15,8,M
2231,a9a5d17d-3c7c-4435-b113-378e995fc18c,M,CW15,CW15,2025-04-09,2025-04-09,,LN,,2025-11-26 06:51:57.90379+00,7802c383-1ec0-41ae-9739-8ecc2faf327c,Task.xlsx,2025-11-26 06:51:57.90379+00,2025-11-26 06:51:57.90379+00,2025-04-09,2025-04,CW15,9,M
2232,a9a5d17d-3c7c-4435-b113-378e995fc18c,M,CW15,CW15,2025-04-10,2025-04-10,,LN,,2025-11-26 06:51:57.90379+00,7802c383-1ec0-41ae-9739-8ecc2faf327c,Task.xlsx,2025-11-26 06:51:57.90379+00,2025-11-26 06:51:57.90379+00,2025-04-10,2025-04,CW15,10,M
2233,a9a5d17d-3c7c-4435-b113-378e995fc18c,M,CW16,CW16,2025-04-14,2025-04-14,,LN,,2025-11-26 06:51:57.90379+00,7802c383-1ec0-41ae-9739-8ecc2faf327c,Task.xlsx,2025-11-26 06:51:57.90379+00,2025-11-26 06:51:57.90379+00,2025-04-14,2025-04,CW16,14,M
2234,a9a5d17d-3c7c-4435-b113-378e995fc18c,M,CW16,CW16,2025-04-15,2025-04-15,,LN,,2025-11-26 06:51:57.90379+00,7802c383-1ec0-41ae-9739-8ecc2faf327c,Task.xlsx,2025-11-26 06:51:57.90379+00,2025-11-26 06:51:57.90379+00,2025-04-15,2025-04,CW16,15,M
2235,a9a5d17d-3c7c-4435-b113-378e995fc18c,WS,CW16,CW16,2025-04-16,2025-04-16,,LN,,2025-11-26 06:51:57.90379+00,7802c383-1ec0-41ae-9739-8ecc2faf327c,Task.xlsx,2025-11-26 06:51:57.90379+00,2025-11-26 06:51:57.90379+00,2025-04-16,2025-04,CW16,16,WS
2236,a9a5d17d-3c7c-4435-b113-378e995fc18c,WS,CW16,CW16,2025-04-17,2025-04-17,,LN,,2025-11-26 06:51:57.90379+00,7802c383-1ec0-41ae-9739-8ecc2faf327c,Task.xlsx,2025-11-26 06:51:57.90379+00,2025-11-26 06:51:57.90379+00,2025-04-17,2025-04,CW16,17,WS
2237,a9a5d17d-3c7c-4435-b113-378e995fc18c,T,CW17,CW17,2025-04-21,2025-04-21,,LN,,2025-11-26 06:51:57.90379+00,7802c383-1ec0-41ae-9739-8ecc2faf327c,Task.xlsx,2025-11-26 06:51:57.90379+00,2025-11-26 06:51:57.90379+00,2025-04-21,2025-04,CW17,21,T
2238,a9a5d17d-3c7c-4435-b113-378e995fc18c,T,CW17,CW17,2025-04-22,2025-04-22,,LC,,2025-11-26 06:51:57.90379+00,7802c383-1ec0-41ae-9739-8ecc2faf327c,Task.xlsx,2025-11-26 06:51:57.90379+00,2025-11-26 06:51:57.90379+00,2025-04-22,2025-04,CW17,22,T
2239,a9a5d17d-3c7c-4435-b113-378e995fc18c,T,CW17,CW17,2025-04-23,2025-04-23,,LC,,2025-11-26 06:51:57.90379+00,7802c383-1ec0-41ae-9739-8ecc2faf327c,Task.xlsx,2025-11-26 06:51:57.90379+00,2025-11-26 06:51:57.90379+00,2025-04-23,2025-04,CW17,23,T
2240,a9a5d17d-3c7c-4435-b113-378e995fc18c,T,CW17,CW17,2025-04-24,2025-04-24,,LC,,2025-11-26 06:51:57.90379+00,7802c383-1ec0-41ae-9739-8ecc2faf327c,Task.xlsx,2025-11-26 06:51:57.90379+00,2025-11-26 06:51:57.90379+00,2025-04-24,2025-04,CW17,24,T
2241,a9a5d17d-3c7c-4435-b113-378e995fc18c,T,CW17,CW17,2025-04-25,2025-04-25,,LC,,2025-11-26 06:51:57.90379+00,7802c383-1ec0-41ae-9739-8ecc2faf327c,Task.xlsx,2025-11-26 06:51:57.90379+00,2025-11-26 06:51:57.90379+00,2025-04-25,2025-04,CW17,25,T
2242,a9a5d17d-3c7c-4435-b113-378e995fc18c,M,CW18,CW18,2025-04-28,2025-04-28,,DC,,2025-11-26 06:51:57.90379+00,7802c383-1ec0-41ae-9739-8ecc2faf327c,Task.xlsx,2025-11-26 06:51:57.90379+00,2025-11-26 06:51:57.90379+00,2025-04-28,2025-04,CW18,28,M
2243,a9a5d17d-3c7c-4435-b113-378e995fc18c,M,CW18,CW18,2025-04-29,2025-04-29,,LN,,2025-11-26 06:51:57.90379+00,7802c383-1ec0-41ae-9739-8ecc2faf327c,Task.xlsx,2025-11-26 06:51:57.90379+00,2025-11-26 06:51:57.90379+00,2025-04-29,2025-04,CW18,29,M
2244,a9a5d17d-3c7c-4435-b113-378e995fc18c,M,CW18,CW18,2025-04-30,2025-04-30,,LC,,2025-11-26 06:51:57.90379+00,7802c383-1ec0-41ae-9739-8ecc2faf327c,Task.xlsx,2025-11-26 06:51:57.90379+00,2025-11-26 06:51:57.90379+00,2025-04-30,2025-04,CW18,30,M
2245,a9a5d17d-3c7c-4435-b113-378e995fc18c,T,CW19,CW19,2025-05-06,2025-05-06,,LN,,2025-11-26 06:51:57.90379+00,7802c383-1ec0-41ae-9739-8ecc2faf327c,Task.xlsx,2025-11-26 06:51:57.90379+00,2025-11-26 06:51:57.90379+00,2025-05-06,2025-05,CW19,6,T
2246,a9a5d17d-3c7c-4435-b113-378e995fc18c,T,CW19,CW19,2025-05-08,2025-05-08,,LC,,2025-11-26 06:51:57.90379+00,7802c383-1ec0-41ae-9739-8ecc2faf327c,Task.xlsx,2025-11-26 06:51:57.90379+00,2025-11-26 06:51:57.90379+00,2025-05-08,2025-05,CW19,8,T
2247,a9a5d17d-3c7c-4435-b113-378e995fc18c,T,CW19,CW19,2025-05-09,2025-05-09,,LC,,2025-11-26 06:51:57.90379+00,7802c383-1ec0-41ae-9739-8ecc2faf327c,Task.xlsx,2025-11-26 06:51:57.90379+00,2025-11-26 06:51:57.90379+00,2025-05-09,2025-05,CW19,9,T
2248,a9a5d17d-3c7c-4435-b113-378e995fc18c,M,CW20,CW20,2025-05-12,2025-05-12,,LN,,2025-11-26 06:51:57.90379+00,7802c383-1ec0-41ae-9739-8ecc2faf327c,Task.xlsx,2025-11-26 06:51:57.90379+00,2025-11-26 06:51:57.90379+00,2025-05-12,2025-05,CW20,12,M
2249,a9a5d17d-3c7c-4435-b113-378e995fc18c,M,CW20,CW20,2025-05-13,2025-05-13,,LN,,2025-11-26 06:51:57.90379+00,7802c383-1ec0-41ae-9739-8ecc2faf327c,Task.xlsx,2025-11-26 06:51:57.90379+00,2025-11-26 06:51:57.90379+00,2025-05-13,2025-05,CW20,13,M
2250,a9a5d17d-3c7c-4435-b113-378e995fc18c,M,CW20,CW20,2025-05-14,2025-05-14,,LN,,2025-11-26 06:51:57.90379+00,7802c383-1ec0-41ae-9739-8ecc2faf327c,Task.xlsx,2025-11-26 06:51:57.90379+00,2025-11-26 06:51:57.90379+00,2025-05-14,2025-05,CW20,14,M
2251,a9a5d17d-3c7c-4435-b113-378e995fc18c,M,CW20,CW20,2025-05-15,2025-05-15,,LN,,2025-11-26 06:51:57.90379+00,7802c383-1ec0-41ae-9739-8ecc2faf327c,Task.xlsx,2025-11-26 06:51:57.90379+00,2025-11-26 06:51:57.90379+00,2025-05-15,2025-05,CW20,15,M
2252,a9a5d17d-3c7c-4435-b113-378e995fc18c,M,CW21,CW21,2025-05-20,2025-05-20,,LN,,2025-11-26 06:51:57.90379+00,7802c383-1ec0-41ae-9739-8ecc2faf327c,Task.xlsx,2025-11-26 06:51:57.90379+00,2025-11-26 06:51:57.90379+00,2025-05-20,2025-05,CW21,20,M
2253,a9a5d17d-3c7c-4435-b113-378e995fc18c,M,CW21,CW21,2025-05-21,2025-05-21,,LN,,2025-11-26 06:51:57.90379+00,7802c383-1ec0-41ae-9739-8ecc2faf327c,Task.xlsx,2025-11-26 06:51:57.90379+00,2025-11-26 06:51:57.90379+00,2025-05-21,2025-05,CW21,21,M
2254,a9a5d17d-3c7c-4435-b113-378e995fc18c,M,CW21,CW21,2025-05-22,2025-05-22,,LN,,2025-11-26 06:51:57.90379+00,7802c383-1ec0-41ae-9739-8ecc2faf327c,Task.xlsx,2025-11-26 06:51:57.90379+00,2025-11-26 06:51:57.90379+00,2025-05-22,2025-05,CW21,22,M
2255,a9a5d17d-3c7c-4435-b113-378e995fc18c,M,CW22,CW22,2025-05-26,2025-05-26,,CL,,2025-11-26 06:51:57.90379+00,7802c383-1ec0-41ae-9739-8ecc2faf327c,Task.xlsx,2025-11-26 06:51:57.90379+00,2025-11-26 06:51:57.90379+00,2025-05-26,2025-05,CW22,26,M
2256,a9a5d17d-3c7c-4435-b113-378e995fc18c,M,CW22,CW22,2025-05-27,2025-05-27,,LN,,2025-11-26 06:51:57.90379+00,7802c383-1ec0-41ae-9739-8ecc2faf327c,Task.xlsx,2025-11-26 06:51:57.90379+00,2025-11-26 06:51:57.90379+00,2025-05-27,2025-05,CW22,27,M
2257,a9a5d17d-3c7c-4435-b113-378e995fc18c,M,CW23,CW23,2025-06-04,2025-06-04,,LN,,2025-11-26 06:51:57.90379+00,7802c383-1ec0-41ae-9739-8ecc2faf327c,Task.xlsx,2025-11-26 06:51:57.90379+00,2025-11-26 06:51:57.90379+00,2025-06-04,2025-06,CW23,4,M
2258,a9a5d17d-3c7c-4435-b113-378e995fc18c,M,CW23,CW23,2025-06-05,2025-06-05,,LN,,2025-11-26 06:51:57.90379+00,7802c383-1ec0-41ae-9739-8ecc2faf327c,Task.xlsx,2025-11-26 06:51:57.90379+00,2025-11-26 06:51:57.90379+00,2025-06-05,2025-06,CW23,5,M
2259,a9a5d17d-3c7c-4435-b113-378e995fc18c,WS,CW24,CW24,2025-06-09,2025-06-09,Boot Camp,EA,,2025-11-26 06:51:57.90379+00,7802c383-1ec0-41ae-9739-8ecc2faf327c,Task.xlsx,2025-11-26 06:51:57.90379+00,2025-11-26 06:51:57.90379+00,2025-06-09,2025-06,CW24,9,WS
2260,a9a5d17d-3c7c-4435-b113-378e995fc18c,WS,CW24,CW24,2025-06-10,2025-06-10,,HA,,2025-11-26 06:51:57.90379+00,7802c383-1ec0-41ae-9739-8ecc2faf327c,Task.xlsx,2025-11-26 06:51:57.90379+00,2025-11-26 06:51:57.90379+00,2025-06-10,2025-06,CW24,10,WS
2261,a9a5d17d-3c7c-4435-b113-378e995fc18c,WS,CW24,CW24,2025-06-11,2025-06-11,Boot Camp,EA,,2025-11-26 06:51:57.90379+00,7802c383-1ec0-41ae-9739-8ecc2faf327c,Task.xlsx,2025-11-26 06:51:57.90379+00,2025-11-26 06:51:57.90379+00,2025-06-11,2025-06,CW24,11,WS
2262,a9a5d17d-3c7c-4435-b113-378e995fc18c,WS,CW24,CW24,2025-06-12,2025-06-12,,EA,,2025-11-26 06:51:57.90379+00,7802c383-1ec0-41ae-9739-8ecc2faf327c,Task.xlsx,2025-11-26 06:51:57.90379+00,2025-11-26 06:51:57.90379+00,2025-06-12,2025-06,CW24,12,WS
2263,a9a5d17d-3c7c-4435-b113-378e995fc18c,M,CW25,CW25,2025-06-17,2025-06-17,,LN,,2025-11-26 06:51:57.90379+00,7802c383-1ec0-41ae-9739-8ecc2faf327c,Task.xlsx,2025-11-26 06:51:57.90379+00,2025-11-26 06:51:57.90379+00,2025-06-17,2025-06,CW25,17,M
2264,a9a5d17d-3c7c-4435-b113-378e995fc18c,M,CW25,CW25,2025-06-18,2025-06-18,,LN,,2025-11-26 06:51:57.90379+00,7802c383-1ec0-41ae-9739-8ecc2faf327c,Task.xlsx,2025-11-26 06:51:57.90379+00,2025-11-26 06:51:57.90379+00,2025-06-18,2025-06,CW25,18,M
2265,a9a5d17d-3c7c-4435-b113-378e995fc18c,M,CW25,CW25,2025-06-19,2025-06-19,,LN,,2025-11-26 06:51:57.90379+00,7802c383-1ec0-41ae-9739-8ecc2faf327c,Task.xlsx,2025-11-26 06:51:57.90379+00,2025-11-26 06:51:57.90379+00,2025-06-19,2025-06,CW25,19,M
2266,a9a5d17d-3c7c-4435-b113-378e995fc18c,M,CW26,CW26,2025-06-23,2025-06-23,,LN,,2025-11-26 06:51:57.90379+00,7802c383-1ec0-41ae-9739-8ecc2faf327c,Task.xlsx,2025-11-26 06:51:57.90379+00,2025-11-26 06:51:57.90379+00,2025-06-23,2025-06,CW26,23,M
2267,a9a5d17d-3c7c-4435-b113-378e995fc18c,M,CW26,CW26,2025-06-24,2025-06-24,,LN,,2025-11-26 06:51:57.90379+00,7802c383-1ec0-41ae-9739-8ecc2faf327c,Task.xlsx,2025-11-26 06:51:57.90379+00,2025-11-26 06:51:57.90379+00,2025-06-24,2025-06,CW26,24,M
2268,a9a5d17d-3c7c-4435-b113-378e995fc18c,M,CW26,CW26,2025-06-26,2025-06-26,,LN,,2025-11-26 06:51:57.90379+00,7802c383-1ec0-41ae-9739-8ecc2faf327c,Task.xlsx,2025-11-26 06:51:57.90379+00,2025-11-26 06:51:57.90379+00,2025-06-26,2025-06,CW26,26,M
2269,a9a5d17d-3c7c-4435-b113-378e995fc18c,WS,CW27,CW27,2025-06-30,2025-06-30,,LN,,2025-11-26 06:51:57.90379+00,7802c383-1ec0-41ae-9739-8ecc2faf327c,Task.xlsx,2025-11-26 06:51:57.90379+00,2025-11-26 06:51:57.90379+00,2025-06-30,2025-06,CW27,30,WS
2270,a9a5d17d-3c7c-4435-b113-378e995fc18c,WS,CW27,CW27,2025-07-01,2025-07-01,,LN,,2025-11-26 06:51:57.90379+00,7802c383-1ec0-41ae-9739-8ecc2faf327c,Task.xlsx,2025-11-26 06:51:57.90379+00,2025-11-26 06:51:57.90379+00,2025-07-01,2025-07,CW27,1,WS
2271,a9a5d17d-3c7c-4435-b113-378e995fc18c,WS,CW27,CW27,2025-07-02,2025-07-02,,LN,,2025-11-26 06:51:57.90379+00,7802c383-1ec0-41ae-9739-8ecc2faf327c,Task.xlsx,2025-11-26 06:51:57.90379+00,2025-11-26 06:51:57.90379+00,2025-07-02,2025-07,CW27,2,WS
2272,a9a5d17d-3c7c-4435-b113-378e995fc18c,M,CW27,CW27,2025-07-03,2025-07-03,,LN,,2025-11-26 06:51:57.90379+00,7802c383-1ec0-41ae-9739-8ecc2faf327c,Task.xlsx,2025-11-26 06:51:57.90379+00,2025-11-26 06:51:57.90379+00,2025-07-03,2025-07,CW27,3,M
2273,a9a5d17d-3c7c-4435-b113-378e995fc18c,M,CW28,CW28,2025-07-07,2025-07-07,,LN,,2025-11-26 06:51:57.90379+00,7802c383-1ec0-41ae-9739-8ecc2faf327c,Task.xlsx,2025-11-26 06:51:57.90379+00,2025-11-26 06:51:57.90379+00,2025-07-07,2025-07,CW28,7,M
2274,a9a5d17d-3c7c-4435-b113-378e995fc18c,M,CW28,CW28,2025-07-09,2025-07-09,,LN,,2025-11-26 06:51:57.90379+00,7802c383-1ec0-41ae-9739-8ecc2faf327c,Task.xlsx,2025-11-26 06:51:57.90379+00,2025-11-26 06:51:57.90379+00,2025-07-09,2025-07,CW28,9,M
2275,a9a5d17d-3c7c-4435-b113-378e995fc18c,WS,CW29,CW29,2025-07-14,2025-07-14,,LN,,2025-11-26 06:51:57.90379+00,7802c383-1ec0-41ae-9739-8ecc2faf327c,Task.xlsx,2025-11-26 06:51:57.90379+00,2025-11-26 06:51:57.90379+00,2025-07-14,2025-07,CW29,14,WS
2276,a9a5d17d-3c7c-4435-b113-378e995fc18c,M,CW29,CW29,2025-07-16,2025-07-16,,LN,,2025-11-26 06:51:57.90379+00,7802c383-1ec0-41ae-9739-8ecc2faf327c,Task.xlsx,2025-11-26 06:51:57.90379+00,2025-11-26 06:51:57.90379+00,2025-07-16,2025-07,CW29,16,M
2277,a9a5d17d-3c7c-4435-b113-378e995fc18c,M,CW29,CW29,2025-07-17,2025-07-17,,LN,,2025-11-26 06:51:57.90379+00,7802c383-1ec0-41ae-9739-8ecc2faf327c,Task.xlsx,2025-11-26 06:51:57.90379+00,2025-11-26 06:51:57.90379+00,2025-07-17,2025-07,CW29,17,M
2278,a9a5d17d-3c7c-4435-b113-378e995fc18c,WS,CW29,CW29,2025-07-18,2025-07-18,,LN,,2025-11-26 06:51:57.90379+00,7802c383-1ec0-41ae-9739-8ecc2faf327c,Task.xlsx,2025-11-26 06:51:57.90379+00,2025-11-26 06:51:57.90379+00,2025-07-18,2025-07,CW29,18,WS
2279,a9a5d17d-3c7c-4435-b113-378e995fc18c,WS,CW30,CW30,2025-07-21,2025-07-21,,LN,,2025-11-26 06:51:57.90379+00,7802c383-1ec0-41ae-9739-8ecc2faf327c,Task.xlsx,2025-11-26 06:51:57.90379+00,2025-11-26 06:51:57.90379+00,2025-07-21,2025-07,CW30,21,WS
2280,a9a5d17d-3c7c-4435-b113-378e995fc18c,WS,CW30,CW30,2025-07-23,2025-07-23,,LN,,2025-11-26 06:51:57.90379+00,7802c383-1ec0-41ae-9739-8ecc2faf327c,Task.xlsx,2025-11-26 06:51:57.90379+00,2025-11-26 06:51:57.90379+00,2025-07-23,2025-07,CW30,23,WS
2281,a9a5d17d-3c7c-4435-b113-378e995fc18c,M,CW30,CW30,2025-07-24,2025-07-24,,LN,,2025-11-26 06:51:57.90379+00,7802c383-1ec0-41ae-9739-8ecc2faf327c,Task.xlsx,2025-11-26 06:51:57.90379+00,2025-11-26 06:51:57.90379+00,2025-07-24,2025-07,CW30,24,M
2282,a9a5d17d-3c7c-4435-b113-378e995fc18c,T,CW31,CW31,2025-07-29,2025-07-29,,LN,,2025-11-26 06:51:57.90379+00,7802c383-1ec0-41ae-9739-8ecc2faf327c,Task.xlsx,2025-11-26 06:51:57.90379+00,2025-11-26 06:51:57.90379+00,2025-07-29,2025-07,CW31,29,T
2283,a9a5d17d-3c7c-4435-b113-378e995fc18c,M,CW31,CW31,2025-07-31,2025-07-31,,LN,,2025-11-26 06:51:57.90379+00,7802c383-1ec0-41ae-9739-8ecc2faf327c,Task.xlsx,2025-11-26 06:51:57.90379+00,2025-11-26 06:51:57.90379+00,2025-07-31,2025-07,CW31,31,M
2284,a9a5d17d-3c7c-4435-b113-378e995fc18c,M,CW32,CW32,2025-08-04,2025-08-04,,LN,,2025-11-26 06:51:57.90379+00,7802c383-1ec0-41ae-9739-8ecc2faf327c,Task.xlsx,2025-11-26 06:51:57.90379+00,2025-11-26 06:51:57.90379+00,2025-08-04,2025-08,CW32,4,M
2285,a9a5d17d-3c7c-4435-b113-378e995fc18c,M,CW33,CW33,2025-08-13,2025-08-13,,LN,,2025-11-26 06:51:57.90379+00,7802c383-1ec0-41ae-9739-8ecc2faf327c,Task.xlsx,2025-11-26 06:51:57.90379+00,2025-11-26 06:51:57.90379+00,2025-08-13,2025-08,CW33,13,M
2286,a9a5d17d-3c7c-4435-b113-378e995fc18c,M,CW33,CW33,2025-08-14,2025-08-14,,LN,,2025-11-26 06:51:57.90379+00,7802c383-1ec0-41ae-9739-8ecc2faf327c,Task.xlsx,2025-11-26 06:51:57.90379+00,2025-11-26 06:51:57.90379+00,2025-08-14,2025-08,CW33,14,M
2287,a9a5d17d-3c7c-4435-b113-378e995fc18c,M,CW34,CW34,2025-08-18,2025-08-18,,LN,,2025-11-26 06:51:57.90379+00,7802c383-1ec0-41ae-9739-8ecc2faf327c,Task.xlsx,2025-11-26 06:51:57.90379+00,2025-11-26 06:51:57.90379+00,2025-08-18,2025-08,CW34,18,M
2288,a9a5d17d-3c7c-4435-b113-378e995fc18c,M,CW34,CW34,2025-08-19,2025-08-19,,LN,,2025-11-26 06:51:57.90379+00,7802c383-1ec0-41ae-9739-8ecc2faf327c,Task.xlsx,2025-11-26 06:51:57.90379+00,2025-11-26 06:51:57.90379+00,2025-08-19,2025-08,CW34,19,M
2289,a9a5d17d-3c7c-4435-b113-378e995fc18c,M,CW34,CW34,2025-08-20,2025-08-20,,LN,,2025-11-26 06:51:57.90379+00,7802c383-1ec0-41ae-9739-8ecc2faf327c,Task.xlsx,2025-11-26 06:51:57.90379+00,2025-11-26 06:51:57.90379+00,2025-08-20,2025-08,CW34,20,M
2290,a9a5d17d-3c7c-4435-b113-378e995fc18c,P,CW34,CW34,2025-08-21,2025-08-21,,SU,,2025-11-26 06:51:57.90379+00,7802c383-1ec0-41ae-9739-8ecc2faf327c,Task.xlsx,2025-11-26 06:51:57.90379+00,2025-11-26 06:51:57.90379+00,2025-08-21,2025-08,CW34,21,P
2291,a9a5d17d-3c7c-4435-b113-378e995fc18c,P,CW34,CW34,2025-08-22,2025-08-22,,SU,,2025-11-26 06:51:57.90379+00,7802c383-1ec0-41ae-9739-8ecc2faf327c,Task.xlsx,2025-11-26 06:51:57.90379+00,2025-11-26 06:51:57.90379+00,2025-08-22,2025-08,CW34,22,P
2292,a9a5d17d-3c7c-4435-b113-378e995fc18c,M,CW35,CW35,2025-08-25,2025-08-25,,LC,,2025-11-26 06:51:57.90379+00,7802c383-1ec0-41ae-9739-8ecc2faf327c,Task.xlsx,2025-11-26 06:51:57.90379+00,2025-11-26 06:51:57.90379+00,2025-08-25,2025-08,CW35,25,M
2293,a9a5d17d-3c7c-4435-b113-378e995fc18c,M,CW35,CW35,2025-08-28,2025-08-28,,LN,,2025-11-26 06:51:57.90379+00,7802c383-1ec0-41ae-9739-8ecc2faf327c,Task.xlsx,2025-11-26 06:51:57.90379+00,2025-11-26 06:51:57.90379+00,2025-08-28,2025-08,CW35,28,M
2294,a9a5d17d-3c7c-4435-b113-378e995fc18c,M,CW36,CW36,2025-09-01,2025-09-01,,LN,,2025-11-26 06:51:57.90379+00,7802c383-1ec0-41ae-9739-8ecc2faf327c,Task.xlsx,2025-11-26 06:51:57.90379+00,2025-11-26 06:51:57.90379+00,2025-09-01,2025-09,CW36,1,M
2295,a9a5d17d-3c7c-4435-b113-378e995fc18c,WS,CW36,CW36,2025-09-02,2025-09-02,,LN,,2025-11-26 06:51:57.90379+00,7802c383-1ec0-41ae-9739-8ecc2faf327c,Task.xlsx,2025-11-26 06:51:57.90379+00,2025-11-26 06:51:57.90379+00,2025-09-02,2025-09,CW36,2,WS
2296,a9a5d17d-3c7c-4435-b113-378e995fc18c,WS,CW36,CW36,2025-09-03,2025-09-03,,LN,,2025-11-26 06:51:57.90379+00,7802c383-1ec0-41ae-9739-8ecc2faf327c,Task.xlsx,2025-11-26 06:51:57.90379+00,2025-11-26 06:51:57.90379+00,2025-09-03,2025-09,CW36,3,WS
2297,a9a5d17d-3c7c-4435-b113-378e995fc18c,M,CW37,CW37,2025-09-09,2025-09-09,,LN,,2025-11-26 06:51:57.90379+00,7802c383-1ec0-41ae-9739-8ecc2faf327c,Task.xlsx,2025-11-26 06:51:57.90379+00,2025-11-26 06:51:57.90379+00,2025-09-09,2025-09,CW37,9,M
2298,a9a5d17d-3c7c-4435-b113-378e995fc18c,M,CW37,CW37,2025-09-10,2025-09-10,,LN,,2025-11-26 06:51:57.90379+00,7802c383-1ec0-41ae-9739-8ecc2faf327c,Task.xlsx,2025-11-26 06:51:57.90379+00,2025-11-26 06:51:57.90379+00,2025-09-10,2025-09,CW37,10,M
2299,a9a5d17d-3c7c-4435-b113-378e995fc18c,M,CW37,CW37,2025-09-12,2025-09-12,,LN,,2025-11-26 06:51:57.90379+00,7802c383-1ec0-41ae-9739-8ecc2faf327c,Task.xlsx,2025-11-26 06:51:57.90379+00,2025-11-26 06:51:57.90379+00,2025-09-12,2025-09,CW37,12,M
2300,a9a5d17d-3c7c-4435-b113-378e995fc18c,WS,CW38,CW38,2025-09-15,2025-09-15,,LN,,2025-11-26 06:51:57.90379+00,7802c383-1ec0-41ae-9739-8ecc2faf327c,Task.xlsx,2025-11-26 06:51:57.90379+00,2025-11-26 06:51:57.90379+00,2025-09-15,2025-09,CW38,15,WS
2301,a9a5d17d-3c7c-4435-b113-378e995fc18c,WS,CW38,CW38,2025-09-16,2025-09-16,,LN,,2025-11-26 06:51:57.90379+00,7802c383-1ec0-41ae-9739-8ecc2faf327c,Task.xlsx,2025-11-26 06:51:57.90379+00,2025-11-26 06:51:57.90379+00,2025-09-16,2025-09,CW38,16,WS
2302,a9a5d17d-3c7c-4435-b113-378e995fc18c,WS,CW38,CW38,2025-09-17,2025-09-17,,LN,,2025-11-26 06:51:57.90379+00,7802c383-1ec0-41ae-9739-8ecc2faf327c,Task.xlsx,2025-11-26 06:51:57.90379+00,2025-11-26 06:51:57.90379+00,2025-09-17,2025-09,CW38,17,WS
2303,a9a5d17d-3c7c-4435-b113-378e995fc18c,WS,CW38,CW38,2025-09-18,2025-09-18,,LN,,2025-11-26 06:51:57.90379+00,7802c383-1ec0-41ae-9739-8ecc2faf327c,Task.xlsx,2025-11-26 06:51:57.90379+00,2025-11-26 06:51:57.90379+00,2025-09-18,2025-09,CW38,18,WS
2304,a9a5d17d-3c7c-4435-b113-378e995fc18c,WS,CW38,CW38,2025-09-19,2025-09-19,,LN,,2025-11-26 06:51:57.90379+00,7802c383-1ec0-41ae-9739-8ecc2faf327c,Task.xlsx,2025-11-26 06:51:57.90379+00,2025-11-26 06:51:57.90379+00,2025-09-19,2025-09,CW38,19,WS
2305,a9a5d17d-3c7c-4435-b113-378e995fc18c,M,CW39,CW39,2025-09-25,2025-09-25,,LN,,2025-11-26 06:51:57.90379+00,7802c383-1ec0-41ae-9739-8ecc2faf327c,Task.xlsx,2025-11-26 06:51:57.90379+00,2025-11-26 06:51:57.90379+00,2025-09-25,2025-09,CW39,25,M
2306,a9a5d17d-3c7c-4435-b113-378e995fc18c,M,CW39,CW39,2025-09-26,2025-09-26,,LN,,2025-11-26 06:51:57.90379+00,7802c383-1ec0-41ae-9739-8ecc2faf327c,Task.xlsx,2025-11-26 06:51:57.90379+00,2025-11-26 06:51:57.90379+00,2025-09-26,2025-09,CW39,26,M
2307,a9a5d17d-3c7c-4435-b113-378e995fc18c,WS,CW41,CW41,2025-10-09,2025-10-09,,DC,,2025-11-26 06:51:57.90379+00,7802c383-1ec0-41ae-9739-8ecc2faf327c,Task.xlsx,2025-11-26 06:51:57.90379+00,2025-11-26 06:51:57.90379+00,2025-10-09,2025-10,CW41,9,WS
2308,a9a5d17d-3c7c-4435-b113-378e995fc18c,M,CW41,CW41,2025-10-11,2025-10-11,,LN,,2025-11-26 06:51:57.90379+00,7802c383-1ec0-41ae-9739-8ecc2faf327c,Task.xlsx,2025-11-26 06:51:57.90379+00,2025-11-26 06:51:57.90379+00,2025-10-11,2025-10,CW41,11,M
2309,a9a5d17d-3c7c-4435-b113-378e995fc18c,SW,CW42,CW42,2025-10-13,2025-10-13,,LN,,2025-11-26 06:51:57.90379+00,7802c383-1ec0-41ae-9739-8ecc2faf327c,Task.xlsx,2025-11-26 06:51:57.90379+00,2025-11-26 06:51:57.90379+00,2025-10-13,2025-10,CW42,13,SW
2310,a9a5d17d-3c7c-4435-b113-378e995fc18c,SW,CW42,CW42,2025-10-14,2025-10-14,,LN,,2025-11-26 06:51:57.90379+00,7802c383-1ec0-41ae-9739-8ecc2faf327c,Task.xlsx,2025-11-26 06:51:57.90379+00,2025-11-26 06:51:57.90379+00,2025-10-14,2025-10,CW42,14,SW
2311,a9a5d17d-3c7c-4435-b113-378e995fc18c,WS,CW42,CW42,2025-10-15,2025-10-15,,LN,,2025-11-26 06:51:57.90379+00,7802c383-1ec0-41ae-9739-8ecc2faf327c,Task.xlsx,2025-11-26 06:51:57.90379+00,2025-11-26 06:51:57.90379+00,2025-10-15,2025-10,CW42,15,WS
2312,a9a5d17d-3c7c-4435-b113-378e995fc18c,WS,CW42,CW42,2025-10-16,2025-10-16,,LN,,2025-11-26 06:51:57.90379+00,7802c383-1ec0-41ae-9739-8ecc2faf327c,Task.xlsx,2025-11-26 06:51:57.90379+00,2025-11-26 06:51:57.90379+00,2025-10-16,2025-10,CW42,16,WS
2313,a9a5d17d-3c7c-4435-b113-378e995fc18c,SW,CW42,CW42,2025-10-17,2025-10-17,,LN,,2025-11-26 06:51:57.90379+00,7802c383-1ec0-41ae-9739-8ecc2faf327c,Task.xlsx,2025-11-26 06:51:57.90379+00,2025-11-26 06:51:57.90379+00,2025-10-17,2025-10,CW42,17,SW
2314,a9a5d17d-3c7c-4435-b113-378e995fc18c,WS,CW43,CW43,2025-10-20,2025-10-20,,LN,,2025-11-26 06:51:57.90379+00,7802c383-1ec0-41ae-9739-8ecc2faf327c,Task.xlsx,2025-11-26 06:51:57.90379+00,2025-11-26 06:51:57.90379+00,2025-10-20,2025-10,CW43,20,WS
2315,a9a5d17d-3c7c-4435-b113-378e995fc18c,WS,CW43,CW43,2025-10-21,2025-10-21,,LN,,2025-11-26 06:51:57.90379+00,7802c383-1ec0-41ae-9739-8ecc2faf327c,Task.xlsx,2025-11-26 06:51:57.90379+00,2025-11-26 06:51:57.90379+00,2025-10-21,2025-10,CW43,21,WS
2316,a9a5d17d-3c7c-4435-b113-378e995fc18c,WS,CW43,CW43,2025-10-22,2025-10-22,,LN,,2025-11-26 06:51:57.90379+00,7802c383-1ec0-41ae-9739-8ecc2faf327c,Task.xlsx,2025-11-26 06:51:57.90379+00,2025-11-26 06:51:57.90379+00,2025-10-22,2025-10,CW43,22,WS
2317,a9a5d17d-3c7c-4435-b113-378e995fc18c,M,CW43,CW43,2025-10-23,2025-10-23,,LN,,2025-11-26 06:51:57.90379+00,7802c383-1ec0-41ae-9739-8ecc2faf327c,Task.xlsx,2025-11-26 06:51:57.90379+00,2025-11-26 06:51:57.90379+00,2025-10-23,2025-10,CW43,23,M
2318,a9a5d17d-3c7c-4435-b113-378e995fc18c,WS,CW43,CW43,2025-10-24,2025-10-24,,LN,,2025-11-26 06:51:57.90379+00,7802c383-1ec0-41ae-9739-8ecc2faf327c,Task.xlsx,2025-11-26 06:51:57.90379+00,2025-11-26 06:51:57.90379+00,2025-10-24,2025-10,CW43,24,WS
2319,a9a5d17d-3c7c-4435-b113-378e995fc18c,JIPM Healthy check preparation,CW44,CW44,2025-10-27,2025-10-27,,LN,,2025-11-26 06:51:57.90379+00,7802c383-1ec0-41ae-9739-8ecc2faf327c,Task.xlsx,2025-11-26 06:51:57.90379+00,2025-11-26 06:51:57.90379+00,2025-10-27,2025-10,CW44,27,JIPM Healthy check preparation
2320,a9a5d17d-3c7c-4435-b113-378e995fc18c,JIPM Healthy check preparation,CW45,CW45,2025-11-03,2025-11-03,,LN,,2025-11-26 06:51:57.90379+00,7802c383-1ec0-41ae-9739-8ecc2faf327c,Task.xlsx,2025-11-26 06:51:57.90379+00,2025-11-26 06:51:57.90379+00,2025-11-03,2025-11,CW45,3,JIPM Healthy check preparation
2321,a9a5d17d-3c7c-4435-b113-378e995fc18c,SW,CW46,CW46,2025-11-10,2025-11-10,i-BLI,LN,,2025-11-26 06:51:57.90379+00,7802c383-1ec0-41ae-9739-8ecc2faf327c,Task.xlsx,2025-11-26 06:51:57.90379+00,2025-11-26 06:51:57.90379+00,2025-11-10,2025-11,CW46,10,SW
2322,a9a5d17d-3c7c-4435-b113-378e995fc18c,SW,CW46,CW46,2025-11-11,2025-11-11,,LN,,2025-11-26 06:51:57.90379+00,7802c383-1ec0-41ae-9739-8ecc2faf327c,Task.xlsx,2025-11-26 06:51:57.90379+00,2025-11-26 06:51:57.90379+00,2025-11-11,2025-11,CW46,11,SW
2323,a9a5d17d-3c7c-4435-b113-378e995fc18c,SW,CW46,CW46,2025-11-12,2025-11-12,,LN,,2025-11-26 06:51:57.90379+00,7802c383-1ec0-41ae-9739-8ecc2faf327c,Task.xlsx,2025-11-26 06:51:57.90379+00,2025-11-26 06:51:57.90379+00,2025-11-12,2025-11,CW46,12,SW
2324,a9a5d17d-3c7c-4435-b113-378e995fc18c,SW,CW46,CW46,2025-11-13,2025-11-13,,LN,,2025-11-26 06:51:57.90379+00,7802c383-1ec0-41ae-9739-8ecc2faf327c,Task.xlsx,2025-11-26 06:51:57.90379+00,2025-11-26 06:51:57.90379+00,2025-11-13,2025-11,CW46,13,SW
2325,a9a5d17d-3c7c-4435-b113-378e995fc18c,SW,CW46,CW46,2025-11-14,2025-11-14,,LN,,2025-11-26 06:51:57.90379+00,7802c383-1ec0-41ae-9739-8ecc2faf327c,Task.xlsx,2025-11-26 06:51:57.90379+00,2025-11-26 06:51:57.90379+00,2025-11-14,2025-11,CW46,14,SW
2326,a9a5d17d-3c7c-4435-b113-378e995fc18c,P,CW47,CW47,2025-11-17,2025-11-17,I-BLI Homework catch up,LN,,2025-11-26 06:51:57.90379+00,7802c383-1ec0-41ae-9739-8ecc2faf327c,Task.xlsx,2025-11-26 06:51:57.90379+00,2025-11-26 06:51:57.90379+00,2025-11-17,2025-11,CW47,17,P
2327,a9a5d17d-3c7c-4435-b113-378e995fc18c,JIPM Healthy check preparation,CW47,CW47,2025-11-18,2025-11-18,,LN,,2025-11-26 06:51:57.90379+00,7802c383-1ec0-41ae-9739-8ecc2faf327c,Task.xlsx,2025-11-26 06:51:57.90379+00,2025-11-26 06:51:57.90379+00,2025-11-18,2025-11,CW47,18,JIPM Healthy check preparation
2328,a9a5d17d-3c7c-4435-b113-378e995fc18c,P,CW47,CW47,2025-11-19,2025-11-19,I-BLI Preparation,LN,,2025-11-26 06:51:57.90379+00,7802c383-1ec0-41ae-9739-8ecc2faf327c,Task.xlsx,2025-11-26 06:51:57.90379+00,2025-11-26 06:51:57.90379+00,2025-11-19,2025-11,CW47,19,P
2329,a9a5d17d-3c7c-4435-b113-378e995fc18c,JIPM Healthy check preparation,CW47,CW47,2025-11-20,2025-11-20,,LN,,2025-11-26 06:51:57.90379+00,7802c383-1ec0-41ae-9739-8ecc2faf327c,Task.xlsx,2025-11-26 06:51:57.90379+00,2025-11-26 06:51:57.90379+00,2025-11-20,2025-11,CW47,20,JIPM Healthy check preparation
2330,a9a5d17d-3c7c-4435-b113-378e995fc18c,SW,CW48,CW48,2025-11-24,2025-11-24,i-BLI,LN,,2025-11-26 06:51:57.90379+00,7802c383-1ec0-41ae-9739-8ecc2faf327c,Task.xlsx,2025-11-26 06:51:57.90379+00,2025-11-26 06:51:57.90379+00,2025-11-24,2025-11,CW48,24,SW
2331,a9a5d17d-3c7c-4435-b113-378e995fc18c,SW,CW48,CW48,2025-11-25,2025-11-25,,LN,,2025-11-26 06:51:57.90379+00,7802c383-1ec0-41ae-9739-8ecc2faf327c,Task.xlsx,2025-11-26 06:51:57.90379+00,2025-11-26 06:51:57.90379+00,2025-11-25,2025-11,CW48,25,SW
2332,a9a5d17d-3c7c-4435-b113-378e995fc18c,SW,CW48,CW48,2025-11-26,2025-11-26,,LN,,2025-11-26 06:51:57.90379+00,7802c383-1ec0-41ae-9739-8ecc2faf327c,Task.xlsx,2025-11-26 06:51:57.90379+00,2025-11-26 06:51:57.90379+00,2025-11-26,2025-11,CW48,26,SW
2333,a9a5d17d-3c7c-4435-b113-378e995fc18c,SW,CW48,CW48,2025-11-27,2025-11-27,,LN,,2025-11-26 06:51:57.90379+00,7802c383-1ec0-41ae-9739-8ecc2faf327c,Task.xlsx,2025-11-26 06:51:57.90379+00,2025-11-26 06:51:57.90379+00,2025-11-27,2025-11,CW48,27,SW
2334,a9a5d17d-3c7c-4435-b113-378e995fc18c,SW,CW48,CW48,2025-11-28,2025-11-28,,LN,,2025-11-26 06:51:57.90379+00,7802c383-1ec0-41ae-9739-8ecc2faf327c,Task.xlsx,2025-11-26 06:51:57.90379+00,2025-11-26 06:51:57.90379+00,2025-11-28,2025-11,CW48,28,SW
2335,a9a5d17d-3c7c-4435-b113-378e995fc18c,A,CW49,CW49,2025-12-02,2025-12-02,Assessmnet,LN,,2025-11-26 06:51:57.90379+00,7802c383-1ec0-41ae-9739-8ecc2faf327c,Task.xlsx,2025-11-26 06:51:57.90379+00,2025-11-26 06:51:57.90379+00,2025-12-02,2025-12,CW49,2,A
2336,a9a5d17d-3c7c-4435-b113-378e995fc18c,A,CW49,CW49,2025-12-03,2025-12-03,,LN,,2025-11-26 06:51:57.90379+00,7802c383-1ec0-41ae-9739-8ecc2faf327c,Task.xlsx,2025-11-26 06:51:57.90379+00,2025-11-26 06:51:57.90379+00,2025-12-03,2025-12,CW49,3,A
2337,a9a5d17d-3c7c-4435-b113-378e995fc18c,M,CW49,CW49,2025-12-04,2025-12-04,,CL,,2025-11-26 06:51:57.90379+00,7802c383-1ec0-41ae-9739-8ecc2faf327c,Task.xlsx,2025-11-26 06:51:57.90379+00,2025-11-26 06:51:57.90379+00,2025-12-04,2025-12,CW49,4,M
2338,a9a5d17d-3c7c-4435-b113-378e995fc18c,M,CW49,CW49,2025-12-05,2025-12-05,,LC,,2025-11-26 06:51:57.90379+00,7802c383-1ec0-41ae-9739-8ecc2faf327c,Task.xlsx,2025-11-26 06:51:57.90379+00,2025-11-26 06:51:57.90379+00,2025-12-05,2025-12,CW49,5,M
2339,a9a5d17d-3c7c-4435-b113-378e995fc18c,M,CW50,CW50,2025-12-08,2025-12-08,,LN,,2025-11-26 06:51:57.90379+00,7802c383-1ec0-41ae-9739-8ecc2faf327c,Task.xlsx,2025-11-26 06:51:57.90379+00,2025-11-26 06:51:57.90379+00,2025-12-08,2025-12,CW50,8,M
2340,a9a5d17d-3c7c-4435-b113-378e995fc18c,M,CW50,CW50,2025-12-09,2025-12-09,,LN,,2025-11-26 06:51:57.90379+00,7802c383-1ec0-41ae-9739-8ecc2faf327c,Task.xlsx,2025-11-26 06:51:57.90379+00,2025-11-26 06:51:57.90379+00,2025-12-09,2025-12,CW50,9,M
2341,a9a5d17d-3c7c-4435-b113-378e995fc18c,M,CW50,CW50,2025-12-11,2025-12-11,,LN,,2025-11-26 06:51:57.90379+00,7802c383-1ec0-41ae-9739-8ecc2faf327c,Task.xlsx,2025-11-26 06:51:57.90379+00,2025-11-26 06:51:57.90379+00,2025-12-11,2025-12,CW50,11,M
2342,a9a5d17d-3c7c-4435-b113-378e995fc18c,M,CW51,CW51,2025-12-17,2025-12-17,,LN,,2025-11-26 06:51:57.90379+00,7802c383-1ec0-41ae-9739-8ecc2faf327c,Task.xlsx,2025-11-26 06:51:57.90379+00,2025-11-26 06:51:57.90379+00,2025-12-17,2025-12,CW51,17,M
2343,a9a5d17d-3c7c-4435-b113-378e995fc18c,M,CW51,CW51,2025-12-18,2025-12-18,,LN,,2025-11-26 06:51:57.90379+00,7802c383-1ec0-41ae-9739-8ecc2faf327c,Task.xlsx,2025-11-26 06:51:57.90379+00,2025-11-26 06:51:57.90379+00,2025-12-18,2025-12,CW51,18,M
2344,a9a5d17d-3c7c-4435-b113-378e995fc18c,M,CW52,CW52,2025-12-22,2025-12-22,,LN,,2025-11-26 06:51:57.90379+00,7802c383-1ec0-41ae-9739-8ecc2faf327c,Task.xlsx,2025-11-26 06:51:57.90379+00,2025-11-26 06:51:57.90379+00,2025-12-22,2025-12,CW52,22,M
2345,a9a5d17d-3c7c-4435-b113-378e995fc18c,L,CW52,CW52,2025-12-31,2025-12-31,,,,2025-11-26 06:51:57.90379+00,7802c383-1ec0-41ae-9739-8ecc2faf327c,Task.xlsx,2025-11-26 06:51:57.90379+00,2025-11-26 06:51:57.90379+00,2025-12-31,2025-12,CW01,31,L
2346,a8473055-87c4-41ab-a306-9dd3a6e2fae5,WS,CW01,CW01,2025-01-02,2025-01-02,PM,SNa,,2025-11-26 06:51:57.90379+00,7802c383-1ec0-41ae-9739-8ecc2faf327c,Task.xlsx,2025-11-26 06:51:57.90379+00,2025-11-26 06:51:57.90379+00,2025-01-02,2025-01,CW01,2,WS
2347,a8473055-87c4-41ab-a306-9dd3a6e2fae5,M,CW01,CW01,2025-01-03,2025-01-03,,SNa,,2025-11-26 06:51:57.90379+00,7802c383-1ec0-41ae-9739-8ecc2faf327c,Task.xlsx,2025-11-26 06:51:57.90379+00,2025-11-26 06:51:57.90379+00,2025-01-03,2025-01,CW01,3,M
2348,a8473055-87c4-41ab-a306-9dd3a6e2fae5,M,CW02,CW02,2025-01-06,2025-01-06,TPM,SNa,,2025-11-26 06:51:57.90379+00,7802c383-1ec0-41ae-9739-8ecc2faf327c,Task.xlsx,2025-11-26 06:51:57.90379+00,2025-11-26 06:51:57.90379+00,2025-01-06,2025-01,CW02,6,M
2349,a8473055-87c4-41ab-a306-9dd3a6e2fae5,M,CW02,CW02,2025-01-08,2025-01-08,PM,SNa,,2025-11-26 06:51:57.90379+00,7802c383-1ec0-41ae-9739-8ecc2faf327c,Task.xlsx,2025-11-26 06:51:57.90379+00,2025-11-26 06:51:57.90379+00,2025-01-08,2025-01,CW02,8,M
2350,a8473055-87c4-41ab-a306-9dd3a6e2fae5,WS,CW02,CW02,2025-01-09,2025-01-09,TPM,SNa,,2025-11-26 06:51:57.90379+00,7802c383-1ec0-41ae-9739-8ecc2faf327c,Task.xlsx,2025-11-26 06:51:57.90379+00,2025-11-26 06:51:57.90379+00,2025-01-09,2025-01,CW02,9,WS
2351,a8473055-87c4-41ab-a306-9dd3a6e2fae5,M,CW03,CW03,2025-01-14,2025-01-14,PM,SNa,,2025-11-26 06:51:57.90379+00,7802c383-1ec0-41ae-9739-8ecc2faf327c,Task.xlsx,2025-11-26 06:51:57.90379+00,2025-11-26 06:51:57.90379+00,2025-01-14,2025-01,CW03,14,M
2352,a8473055-87c4-41ab-a306-9dd3a6e2fae5,M,CW03,CW03,2025-01-16,2025-01-16,,SNa,,2025-11-26 06:51:57.90379+00,7802c383-1ec0-41ae-9739-8ecc2faf327c,Task.xlsx,2025-11-26 06:51:57.90379+00,2025-11-26 06:51:57.90379+00,2025-01-16,2025-01,CW03,16,M
2353,a8473055-87c4-41ab-a306-9dd3a6e2fae5,M,CW03,CW03,2025-01-17,2025-01-17,,SNa,,2025-11-26 06:51:57.90379+00,7802c383-1ec0-41ae-9739-8ecc2faf327c,Task.xlsx,2025-11-26 06:51:57.90379+00,2025-11-26 06:51:57.90379+00,2025-01-17,2025-01,CW03,17,M
2354,a8473055-87c4-41ab-a306-9dd3a6e2fae5,M,CW04,CW04,2025-01-22,2025-01-22,TPM,SNa,,2025-11-26 06:51:57.90379+00,7802c383-1ec0-41ae-9739-8ecc2faf327c,Task.xlsx,2025-11-26 06:51:57.90379+00,2025-11-26 06:51:57.90379+00,2025-01-22,2025-01,CW04,22,M
2355,a8473055-87c4-41ab-a306-9dd3a6e2fae5,WS,CW04,CW04,2025-01-23,2025-01-23,,SNa,,2025-11-26 06:51:57.90379+00,7802c383-1ec0-41ae-9739-8ecc2faf327c,Task.xlsx,2025-11-26 06:51:57.90379+00,2025-11-26 06:51:57.90379+00,2025-01-23,2025-01,CW04,23,WS
2356,a8473055-87c4-41ab-a306-9dd3a6e2fae5,P,CW06,CW06,2025-02-05,2025-02-05,FI,SNa,,2025-11-26 06:51:57.90379+00,7802c383-1ec0-41ae-9739-8ecc2faf327c,Task.xlsx,2025-11-26 06:51:57.90379+00,2025-11-26 06:51:57.90379+00,2025-02-05,2025-02,CW06,5,P
2357,a8473055-87c4-41ab-a306-9dd3a6e2fae5,M,CW06,CW06,2025-02-08,2025-02-08,PM,SNa,,2025-11-26 06:51:57.90379+00,7802c383-1ec0-41ae-9739-8ecc2faf327c,Task.xlsx,2025-11-26 06:51:57.90379+00,2025-11-26 06:51:57.90379+00,2025-02-08,2025-02,CW06,8,M
2358,a8473055-87c4-41ab-a306-9dd3a6e2fae5,M,CW07,CW07,2025-02-10,2025-02-10,FI,SNa,,2025-11-26 06:51:57.90379+00,7802c383-1ec0-41ae-9739-8ecc2faf327c,Task.xlsx,2025-11-26 06:51:57.90379+00,2025-11-26 06:51:57.90379+00,2025-02-10,2025-02,CW07,10,M
2359,a8473055-87c4-41ab-a306-9dd3a6e2fae5,M,CW07,CW07,2025-02-11,2025-02-11,PM,SNa,,2025-11-26 06:51:57.90379+00,7802c383-1ec0-41ae-9739-8ecc2faf327c,Task.xlsx,2025-11-26 06:51:57.90379+00,2025-11-26 06:51:57.90379+00,2025-02-11,2025-02,CW07,11,M
2360,a8473055-87c4-41ab-a306-9dd3a6e2fae5,M,CW07,CW07,2025-02-12,2025-02-12,,SNa,,2025-11-26 06:51:57.90379+00,7802c383-1ec0-41ae-9739-8ecc2faf327c,Task.xlsx,2025-11-26 06:51:57.90379+00,2025-11-26 06:51:57.90379+00,2025-02-12,2025-02,CW07,12,M
2361,a8473055-87c4-41ab-a306-9dd3a6e2fae5,M,CW07,CW07,2025-02-14,2025-02-14,TPM,SNa,,2025-11-26 06:51:57.90379+00,7802c383-1ec0-41ae-9739-8ecc2faf327c,Task.xlsx,2025-11-26 06:51:57.90379+00,2025-11-26 06:51:57.90379+00,2025-02-14,2025-02,CW07,14,M
2362,a8473055-87c4-41ab-a306-9dd3a6e2fae5,T,CW08,CW08,2025-02-17,2025-02-17,FMEA,SNa,,2025-11-26 06:51:57.90379+00,7802c383-1ec0-41ae-9739-8ecc2faf327c,Task.xlsx,2025-11-26 06:51:57.90379+00,2025-11-26 06:51:57.90379+00,2025-02-17,2025-02,CW08,17,T
2363,a8473055-87c4-41ab-a306-9dd3a6e2fae5,T,CW08,CW08,2025-02-18,2025-02-18,FMEA,SNa,,2025-11-26 06:51:57.90379+00,7802c383-1ec0-41ae-9739-8ecc2faf327c,Task.xlsx,2025-11-26 06:51:57.90379+00,2025-11-26 06:51:57.90379+00,2025-02-18,2025-02,CW08,18,T
2364,a8473055-87c4-41ab-a306-9dd3a6e2fae5,M,CW08,CW08,2025-02-19,2025-02-19,FI +AM,SNa,,2025-11-26 06:51:57.90379+00,7802c383-1ec0-41ae-9739-8ecc2faf327c,Task.xlsx,2025-11-26 06:51:57.90379+00,2025-11-26 06:51:57.90379+00,2025-02-19,2025-02,CW08,19,M
2365,a8473055-87c4-41ab-a306-9dd3a6e2fae5,M,CW08,CW08,2025-02-21,2025-02-21,,SNa,,2025-11-26 06:51:57.90379+00,7802c383-1ec0-41ae-9739-8ecc2faf327c,Task.xlsx,2025-11-26 06:51:57.90379+00,2025-11-26 06:51:57.90379+00,2025-02-21,2025-02,CW08,21,M
2366,a8473055-87c4-41ab-a306-9dd3a6e2fae5,P,CW09,CW09,2025-02-24,2025-02-24,FI,SNa,,2025-11-26 06:51:57.90379+00,7802c383-1ec0-41ae-9739-8ecc2faf327c,Task.xlsx,2025-11-26 06:51:57.90379+00,2025-11-26 06:51:57.90379+00,2025-02-24,2025-02,CW09,24,P
2367,a8473055-87c4-41ab-a306-9dd3a6e2fae5,M,CW09,CW09,2025-02-25,2025-02-25,FI,SNa,,2025-11-26 06:51:57.90379+00,7802c383-1ec0-41ae-9739-8ecc2faf327c,Task.xlsx,2025-11-26 06:51:57.90379+00,2025-11-26 06:51:57.90379+00,2025-02-25,2025-02,CW09,25,M
2368,a8473055-87c4-41ab-a306-9dd3a6e2fae5,M,CW09,CW09,2025-02-27,2025-02-27,,SNa,,2025-11-26 06:51:57.90379+00,7802c383-1ec0-41ae-9739-8ecc2faf327c,Task.xlsx,2025-11-26 06:51:57.90379+00,2025-11-26 06:51:57.90379+00,2025-02-27,2025-02,CW09,27,M
2369,a8473055-87c4-41ab-a306-9dd3a6e2fae5,P,CW10,CW10,2025-03-03,2025-03-03,FI,SNa,,2025-11-26 06:51:57.90379+00,7802c383-1ec0-41ae-9739-8ecc2faf327c,Task.xlsx,2025-11-26 06:51:57.90379+00,2025-11-26 06:51:57.90379+00,2025-03-03,2025-03,CW10,3,P
2370,a8473055-87c4-41ab-a306-9dd3a6e2fae5,P,CW10,CW10,2025-03-04,2025-03-04,FI,SNa,,2025-11-26 06:51:57.90379+00,7802c383-1ec0-41ae-9739-8ecc2faf327c,Task.xlsx,2025-11-26 06:51:57.90379+00,2025-11-26 06:51:57.90379+00,2025-03-04,2025-03,CW10,4,P
2371,a8473055-87c4-41ab-a306-9dd3a6e2fae5,M,CW10,CW10,2025-03-05,2025-03-05,AM,SNa,,2025-11-26 06:51:57.90379+00,7802c383-1ec0-41ae-9739-8ecc2faf327c,Task.xlsx,2025-11-26 06:51:57.90379+00,2025-11-26 06:51:57.90379+00,2025-03-05,2025-03,CW10,5,M
2372,a8473055-87c4-41ab-a306-9dd3a6e2fae5,M,CW10,CW10,2025-03-06,2025-03-06,PM,SNa,,2025-11-26 06:51:57.90379+00,7802c383-1ec0-41ae-9739-8ecc2faf327c,Task.xlsx,2025-11-26 06:51:57.90379+00,2025-11-26 06:51:57.90379+00,2025-03-06,2025-03,CW10,6,M
2373,a8473055-87c4-41ab-a306-9dd3a6e2fae5,P,CW11,CW11,2025-03-10,2025-03-10,FI,SNa,,2025-11-26 06:51:57.90379+00,7802c383-1ec0-41ae-9739-8ecc2faf327c,Task.xlsx,2025-11-26 06:51:57.90379+00,2025-11-26 06:51:57.90379+00,2025-03-10,2025-03,CW11,10,P
2374,a8473055-87c4-41ab-a306-9dd3a6e2fae5,M,CW11,CW11,2025-03-11,2025-03-11,PM,SNa,,2025-11-26 06:51:57.90379+00,7802c383-1ec0-41ae-9739-8ecc2faf327c,Task.xlsx,2025-11-26 06:51:57.90379+00,2025-11-26 06:51:57.90379+00,2025-03-11,2025-03,CW11,11,M
2375,a8473055-87c4-41ab-a306-9dd3a6e2fae5,M,CW11,CW11,2025-03-12,2025-03-12,AM,,,2025-11-26 06:51:57.90379+00,7802c383-1ec0-41ae-9739-8ecc2faf327c,Task.xlsx,2025-11-26 06:51:57.90379+00,2025-11-26 06:51:57.90379+00,2025-03-12,2025-03,CW11,12,M
2376,a8473055-87c4-41ab-a306-9dd3a6e2fae5,P,CW12,CW12,2025-03-17,2025-03-17,FI,SNa,,2025-11-26 06:51:57.90379+00,7802c383-1ec0-41ae-9739-8ecc2faf327c,Task.xlsx,2025-11-26 06:51:57.90379+00,2025-11-26 06:51:57.90379+00,2025-03-17,2025-03,CW12,17,P
2377,a8473055-87c4-41ab-a306-9dd3a6e2fae5,M,CW12,CW12,2025-03-19,2025-03-19,FI,SNa,,2025-11-26 06:51:57.90379+00,7802c383-1ec0-41ae-9739-8ecc2faf327c,Task.xlsx,2025-11-26 06:51:57.90379+00,2025-11-26 06:51:57.90379+00,2025-03-19,2025-03,CW12,19,M
2378,a8473055-87c4-41ab-a306-9dd3a6e2fae5,M,CW12,CW12,2025-03-20,2025-03-20,,SNa,,2025-11-26 06:51:57.90379+00,7802c383-1ec0-41ae-9739-8ecc2faf327c,Task.xlsx,2025-11-26 06:51:57.90379+00,2025-11-26 06:51:57.90379+00,2025-03-20,2025-03,CW12,20,M
2379,a8473055-87c4-41ab-a306-9dd3a6e2fae5,P,CW13,CW13,2025-03-24,2025-03-24,FI,SNa,,2025-11-26 06:51:57.90379+00,7802c383-1ec0-41ae-9739-8ecc2faf327c,Task.xlsx,2025-11-26 06:51:57.90379+00,2025-11-26 06:51:57.90379+00,2025-03-24,2025-03,CW13,24,P
2380,a8473055-87c4-41ab-a306-9dd3a6e2fae5,M,CW13,CW13,2025-03-25,2025-03-25,PM,SNa,,2025-11-26 06:51:57.90379+00,7802c383-1ec0-41ae-9739-8ecc2faf327c,Task.xlsx,2025-11-26 06:51:57.90379+00,2025-11-26 06:51:57.90379+00,2025-03-25,2025-03,CW13,25,M
2381,a8473055-87c4-41ab-a306-9dd3a6e2fae5,WS,CW13,CW13,2025-03-27,2025-03-27,,SNa,,2025-11-26 06:51:57.90379+00,7802c383-1ec0-41ae-9739-8ecc2faf327c,Task.xlsx,2025-11-26 06:51:57.90379+00,2025-11-26 06:51:57.90379+00,2025-03-27,2025-03,CW13,27,WS
2382,a8473055-87c4-41ab-a306-9dd3a6e2fae5,AM,CW14,CW14,2025-04-02,2025-04-02,,SNa,,2025-11-26 06:51:57.90379+00,7802c383-1ec0-41ae-9739-8ecc2faf327c,Task.xlsx,2025-11-26 06:51:57.90379+00,2025-11-26 06:51:57.90379+00,2025-04-02,2025-04,CW14,2,AM
2383,a8473055-87c4-41ab-a306-9dd3a6e2fae5,FI,CW14,CW14,2025-04-03,2025-04-03,,SNa,,2025-11-26 06:51:57.90379+00,7802c383-1ec0-41ae-9739-8ecc2faf327c,Task.xlsx,2025-11-26 06:51:57.90379+00,2025-11-26 06:51:57.90379+00,2025-04-03,2025-04,CW14,3,FI
2384,a8473055-87c4-41ab-a306-9dd3a6e2fae5,WS,CW15,CW15,2025-04-07,2025-04-07,,SNa,,2025-11-26 06:51:57.90379+00,7802c383-1ec0-41ae-9739-8ecc2faf327c,Task.xlsx,2025-11-26 06:51:57.90379+00,2025-11-26 06:51:57.90379+00,2025-04-07,2025-04,CW15,7,WS
2385,a8473055-87c4-41ab-a306-9dd3a6e2fae5,SW,CW15,CW15,2025-04-08,2025-04-08,,SNa,,2025-11-26 06:51:57.90379+00,7802c383-1ec0-41ae-9739-8ecc2faf327c,Task.xlsx,2025-11-26 06:51:57.90379+00,2025-11-26 06:51:57.90379+00,2025-04-08,2025-04,CW15,8,SW
2386,a8473055-87c4-41ab-a306-9dd3a6e2fae5,SW,CW15,CW15,2025-04-09,2025-04-09,,SNa,,2025-11-26 06:51:57.90379+00,7802c383-1ec0-41ae-9739-8ecc2faf327c,Task.xlsx,2025-11-26 06:51:57.90379+00,2025-11-26 06:51:57.90379+00,2025-04-09,2025-04,CW15,9,SW
2387,a8473055-87c4-41ab-a306-9dd3a6e2fae5,SW,CW15,CW15,2025-04-10,2025-04-10,,SNa,,2025-11-26 06:51:57.90379+00,7802c383-1ec0-41ae-9739-8ecc2faf327c,Task.xlsx,2025-11-26 06:51:57.90379+00,2025-11-26 06:51:57.90379+00,2025-04-10,2025-04,CW15,10,SW
2388,a8473055-87c4-41ab-a306-9dd3a6e2fae5,SW,CW15,CW15,2025-04-11,2025-04-11,,SNa,,2025-11-26 06:51:57.90379+00,7802c383-1ec0-41ae-9739-8ecc2faf327c,Task.xlsx,2025-11-26 06:51:57.90379+00,2025-11-26 06:51:57.90379+00,2025-04-11,2025-04,CW15,11,SW
2389,a8473055-87c4-41ab-a306-9dd3a6e2fae5,M,CW16,CW16,2025-04-14,2025-04-14,,SNa,,2025-11-26 06:51:57.90379+00,7802c383-1ec0-41ae-9739-8ecc2faf327c,Task.xlsx,2025-11-26 06:51:57.90379+00,2025-11-26 06:51:57.90379+00,2025-04-14,2025-04,CW16,14,M
2390,a8473055-87c4-41ab-a306-9dd3a6e2fae5,TPM+PM,CW16,CW16,2025-04-15,2025-04-15,,SNa,,2025-11-26 06:51:57.90379+00,7802c383-1ec0-41ae-9739-8ecc2faf327c,Task.xlsx,2025-11-26 06:51:57.90379+00,2025-11-26 06:51:57.90379+00,2025-04-15,2025-04,CW16,15,TPM+PM
2391,a8473055-87c4-41ab-a306-9dd3a6e2fae5,FI,CW16,CW16,2025-04-16,2025-04-16,,SNa,,2025-11-26 06:51:57.90379+00,7802c383-1ec0-41ae-9739-8ecc2faf327c,Task.xlsx,2025-11-26 06:51:57.90379+00,2025-11-26 06:51:57.90379+00,2025-04-16,2025-04,CW16,16,FI
2392,a8473055-87c4-41ab-a306-9dd3a6e2fae5,M,CW16,CW16,2025-04-18,2025-04-18,,SNa,,2025-11-26 06:51:57.90379+00,7802c383-1ec0-41ae-9739-8ecc2faf327c,Task.xlsx,2025-11-26 06:51:57.90379+00,2025-11-26 06:51:57.90379+00,2025-04-18,2025-04,CW16,18,M
2393,a8473055-87c4-41ab-a306-9dd3a6e2fae5,Crhis visit,CW17,CW17,2025-04-23,2025-04-23,Chris's visit,Crhis visit,,2025-11-26 06:51:57.90379+00,7802c383-1ec0-41ae-9739-8ecc2faf327c,Task.xlsx,2025-11-26 06:51:57.90379+00,2025-11-26 06:51:57.90379+00,2025-04-23,2025-04,CW17,23,Crhis visit
2394,a8473055-87c4-41ab-a306-9dd3a6e2fae5,M,CW17,CW17,2025-04-24,2025-04-24,,SNa,,2025-11-26 06:51:57.90379+00,7802c383-1ec0-41ae-9739-8ecc2faf327c,Task.xlsx,2025-11-26 06:51:57.90379+00,2025-11-26 06:51:57.90379+00,2025-04-24,2025-04,CW17,24,M
2395,a8473055-87c4-41ab-a306-9dd3a6e2fae5,M,CW17,CW17,2025-04-25,2025-04-25,,SNa,,2025-11-26 06:51:57.90379+00,7802c383-1ec0-41ae-9739-8ecc2faf327c,Task.xlsx,2025-11-26 06:51:57.90379+00,2025-11-26 06:51:57.90379+00,2025-04-25,2025-04,CW17,25,M
2396,a8473055-87c4-41ab-a306-9dd3a6e2fae5,WS,CW18,CW18,2025-04-29,2025-04-29,,SNa,,2025-11-26 06:51:57.90379+00,7802c383-1ec0-41ae-9739-8ecc2faf327c,Task.xlsx,2025-11-26 06:51:57.90379+00,2025-11-26 06:51:57.90379+00,2025-04-29,2025-04,CW18,29,WS
2397,a8473055-87c4-41ab-a306-9dd3a6e2fae5,AM+FI,CW18,CW18,2025-04-30,2025-04-30,,SNa,,2025-11-26 06:51:57.90379+00,7802c383-1ec0-41ae-9739-8ecc2faf327c,Task.xlsx,2025-11-26 06:51:57.90379+00,2025-11-26 06:51:57.90379+00,2025-04-30,2025-04,CW18,30,AM+FI
2398,a8473055-87c4-41ab-a306-9dd3a6e2fae5,PM,CW19,CW19,2025-05-06,2025-05-06,,SNa,,2025-11-26 06:51:57.90379+00,7802c383-1ec0-41ae-9739-8ecc2faf327c,Task.xlsx,2025-11-26 06:51:57.90379+00,2025-11-26 06:51:57.90379+00,2025-05-06,2025-05,CW19,6,PM
2399,a8473055-87c4-41ab-a306-9dd3a6e2fae5,T,CW19,CW19,2025-05-08,2025-05-08,,SCh,,2025-11-26 06:51:57.90379+00,7802c383-1ec0-41ae-9739-8ecc2faf327c,Task.xlsx,2025-11-26 06:51:57.90379+00,2025-11-26 06:51:57.90379+00,2025-05-08,2025-05,CW19,8,T
2400,a8473055-87c4-41ab-a306-9dd3a6e2fae5,T,CW19,CW19,2025-05-09,2025-05-09,,SCh,,2025-11-26 06:51:57.90379+00,7802c383-1ec0-41ae-9739-8ecc2faf327c,Task.xlsx,2025-11-26 06:51:57.90379+00,2025-11-26 06:51:57.90379+00,2025-05-09,2025-05,CW19,9,T
2401,a8473055-87c4-41ab-a306-9dd3a6e2fae5,C,CW20,CW20,2025-05-13,2025-05-13,,SNa,,2025-11-26 06:51:57.90379+00,7802c383-1ec0-41ae-9739-8ecc2faf327c,Task.xlsx,2025-11-26 06:51:57.90379+00,2025-11-26 06:51:57.90379+00,2025-05-13,2025-05,CW20,13,C
2402,a8473055-87c4-41ab-a306-9dd3a6e2fae5,WS,CW20,CW20,2025-05-14,2025-05-14,,SCh,,2025-11-26 06:51:57.90379+00,7802c383-1ec0-41ae-9739-8ecc2faf327c,Task.xlsx,2025-11-26 06:51:57.90379+00,2025-11-26 06:51:57.90379+00,2025-05-14,2025-05,CW20,14,WS
2403,a8473055-87c4-41ab-a306-9dd3a6e2fae5,M,CW21,CW21,2025-05-20,2025-05-20,,SNa,,2025-11-26 06:51:57.90379+00,7802c383-1ec0-41ae-9739-8ecc2faf327c,Task.xlsx,2025-11-26 06:51:57.90379+00,2025-11-26 06:51:57.90379+00,2025-05-20,2025-05,CW21,20,M
2404,a8473055-87c4-41ab-a306-9dd3a6e2fae5,M,CW21,CW21,2025-05-21,2025-05-21,,SNa,,2025-11-26 06:51:57.90379+00,7802c383-1ec0-41ae-9739-8ecc2faf327c,Task.xlsx,2025-11-26 06:51:57.90379+00,2025-11-26 06:51:57.90379+00,2025-05-21,2025-05,CW21,21,M
2405,a8473055-87c4-41ab-a306-9dd3a6e2fae5,M,CW22,CW22,2025-05-27,2025-05-27,BPS,SCh,,2025-11-26 06:51:57.90379+00,7802c383-1ec0-41ae-9739-8ecc2faf327c,Task.xlsx,2025-11-26 06:51:57.90379+00,2025-11-26 06:51:57.90379+00,2025-05-27,2025-05,CW22,27,M
2406,a8473055-87c4-41ab-a306-9dd3a6e2fae5,M,CW23,CW23,2025-06-03,2025-06-03,,SNa,,2025-11-26 06:51:57.90379+00,7802c383-1ec0-41ae-9739-8ecc2faf327c,Task.xlsx,2025-11-26 06:51:57.90379+00,2025-11-26 06:51:57.90379+00,2025-06-03,2025-06,CW23,3,M
2407,a8473055-87c4-41ab-a306-9dd3a6e2fae5,M,CW23,CW23,2025-06-04,2025-06-04,,SNa,,2025-11-26 06:51:57.90379+00,7802c383-1ec0-41ae-9739-8ecc2faf327c,Task.xlsx,2025-11-26 06:51:57.90379+00,2025-11-26 06:51:57.90379+00,2025-06-04,2025-06,CW23,4,M
2408,a8473055-87c4-41ab-a306-9dd3a6e2fae5,WS,CW24,CW24,2025-06-09,2025-06-09,Boot Camp,EA,,2025-11-26 06:51:57.90379+00,7802c383-1ec0-41ae-9739-8ecc2faf327c,Task.xlsx,2025-11-26 06:51:57.90379+00,2025-11-26 06:51:57.90379+00,2025-06-09,2025-06,CW24,9,WS
2409,a8473055-87c4-41ab-a306-9dd3a6e2fae5,WS,CW24,CW24,2025-06-10,2025-06-10,,HA,,2025-11-26 06:51:57.90379+00,7802c383-1ec0-41ae-9739-8ecc2faf327c,Task.xlsx,2025-11-26 06:51:57.90379+00,2025-11-26 06:51:57.90379+00,2025-06-10,2025-06,CW24,10,WS
2410,a8473055-87c4-41ab-a306-9dd3a6e2fae5,M,CW24,CW24,2025-06-11,2025-06-11,,SNa,,2025-11-26 06:51:57.90379+00,7802c383-1ec0-41ae-9739-8ecc2faf327c,Task.xlsx,2025-11-26 06:51:57.90379+00,2025-11-26 06:51:57.90379+00,2025-06-11,2025-06,CW24,11,M
2411,a8473055-87c4-41ab-a306-9dd3a6e2fae5,M,CW25,CW25,2025-06-17,2025-06-17,,SNa,,2025-11-26 06:51:57.90379+00,7802c383-1ec0-41ae-9739-8ecc2faf327c,Task.xlsx,2025-11-26 06:51:57.90379+00,2025-11-26 06:51:57.90379+00,2025-06-17,2025-06,CW25,17,M
2412,a8473055-87c4-41ab-a306-9dd3a6e2fae5,M,CW25,CW25,2025-06-18,2025-06-18,,SNa,,2025-11-26 06:51:57.90379+00,7802c383-1ec0-41ae-9739-8ecc2faf327c,Task.xlsx,2025-11-26 06:51:57.90379+00,2025-11-26 06:51:57.90379+00,2025-06-18,2025-06,CW25,18,M
2413,a8473055-87c4-41ab-a306-9dd3a6e2fae5,T,CW26,CW26,2025-06-24,2025-06-24,,SCh,,2025-11-26 06:51:57.90379+00,7802c383-1ec0-41ae-9739-8ecc2faf327c,Task.xlsx,2025-11-26 06:51:57.90379+00,2025-11-26 06:51:57.90379+00,2025-06-24,2025-06,CW26,24,T
2414,a8473055-87c4-41ab-a306-9dd3a6e2fae5,M,CW26,CW26,2025-06-25,2025-06-25,,SNa,,2025-11-26 06:51:57.90379+00,7802c383-1ec0-41ae-9739-8ecc2faf327c,Task.xlsx,2025-11-26 06:51:57.90379+00,2025-11-26 06:51:57.90379+00,2025-06-25,2025-06,CW26,25,M
2415,a8473055-87c4-41ab-a306-9dd3a6e2fae5,M,CW27,CW27,2025-06-30,2025-06-30,BPS,SNa,,2025-11-26 06:51:57.90379+00,7802c383-1ec0-41ae-9739-8ecc2faf327c,Task.xlsx,2025-11-26 06:51:57.90379+00,2025-11-26 06:51:57.90379+00,2025-06-30,2025-06,CW27,30,M
2416,a8473055-87c4-41ab-a306-9dd3a6e2fae5,M,CW27,CW27,2025-07-01,2025-07-01,,SNa,,2025-11-26 06:51:57.90379+00,7802c383-1ec0-41ae-9739-8ecc2faf327c,Task.xlsx,2025-11-26 06:51:57.90379+00,2025-11-26 06:51:57.90379+00,2025-07-01,2025-07,CW27,1,M
2417,a8473055-87c4-41ab-a306-9dd3a6e2fae5,M,CW27,CW27,2025-07-02,2025-07-02,,SNa,,2025-11-26 06:51:57.90379+00,7802c383-1ec0-41ae-9739-8ecc2faf327c,Task.xlsx,2025-11-26 06:51:57.90379+00,2025-11-26 06:51:57.90379+00,2025-07-02,2025-07,CW27,2,M
2418,a8473055-87c4-41ab-a306-9dd3a6e2fae5,M,CW28,CW28,2025-07-09,2025-07-09,,SNa,,2025-11-26 06:51:57.90379+00,7802c383-1ec0-41ae-9739-8ecc2faf327c,Task.xlsx,2025-11-26 06:51:57.90379+00,2025-11-26 06:51:57.90379+00,2025-07-09,2025-07,CW28,9,M
2419,a8473055-87c4-41ab-a306-9dd3a6e2fae5,M,CW29,CW29,2025-07-15,2025-07-15,,SNa,,2025-11-26 06:51:57.90379+00,7802c383-1ec0-41ae-9739-8ecc2faf327c,Task.xlsx,2025-11-26 06:51:57.90379+00,2025-11-26 06:51:57.90379+00,2025-07-15,2025-07,CW29,15,M
2420,a8473055-87c4-41ab-a306-9dd3a6e2fae5,M,CW29,CW29,2025-07-16,2025-07-16,,SNa,,2025-11-26 06:51:57.90379+00,7802c383-1ec0-41ae-9739-8ecc2faf327c,Task.xlsx,2025-11-26 06:51:57.90379+00,2025-11-26 06:51:57.90379+00,2025-07-16,2025-07,CW29,16,M
2421,a8473055-87c4-41ab-a306-9dd3a6e2fae5,M,CW30,CW30,2025-07-23,2025-07-23,,SNa,,2025-11-26 06:51:57.90379+00,7802c383-1ec0-41ae-9739-8ecc2faf327c,Task.xlsx,2025-11-26 06:51:57.90379+00,2025-11-26 06:51:57.90379+00,2025-07-23,2025-07,CW30,23,M
2422,a8473055-87c4-41ab-a306-9dd3a6e2fae5,M,CW31,CW31,2025-07-28,2025-07-28,BPS,SNa,,2025-11-26 06:51:57.90379+00,7802c383-1ec0-41ae-9739-8ecc2faf327c,Task.xlsx,2025-11-26 06:51:57.90379+00,2025-11-26 06:51:57.90379+00,2025-07-28,2025-07,CW31,28,M
2423,a8473055-87c4-41ab-a306-9dd3a6e2fae5,M,CW31,CW31,2025-07-29,2025-07-29,,SNa,,2025-11-26 06:51:57.90379+00,7802c383-1ec0-41ae-9739-8ecc2faf327c,Task.xlsx,2025-11-26 06:51:57.90379+00,2025-11-26 06:51:57.90379+00,2025-07-29,2025-07,CW31,29,M
2424,a8473055-87c4-41ab-a306-9dd3a6e2fae5,M,CW31,CW31,2025-07-30,2025-07-30,,SNa,,2025-11-26 06:51:57.90379+00,7802c383-1ec0-41ae-9739-8ecc2faf327c,Task.xlsx,2025-11-26 06:51:57.90379+00,2025-11-26 06:51:57.90379+00,2025-07-30,2025-07,CW31,30,M
2425,a8473055-87c4-41ab-a306-9dd3a6e2fae5,P,CW31,CW31,2025-07-31,2025-07-31,New Kangda,SU,,2025-11-26 06:51:57.90379+00,7802c383-1ec0-41ae-9739-8ecc2faf327c,Task.xlsx,2025-11-26 06:51:57.90379+00,2025-11-26 06:51:57.90379+00,2025-07-31,2025-07,CW31,31,P
2426,a8473055-87c4-41ab-a306-9dd3a6e2fae5,P,CW31,CW31,2025-08-01,2025-08-01,,SU,,2025-11-26 06:51:57.90379+00,7802c383-1ec0-41ae-9739-8ecc2faf327c,Task.xlsx,2025-11-26 06:51:57.90379+00,2025-11-26 06:51:57.90379+00,2025-08-01,2025-08,CW31,1,P
2427,a8473055-87c4-41ab-a306-9dd3a6e2fae5,M,CW32,CW32,2025-08-06,2025-08-06,,SNa,,2025-11-26 06:51:57.90379+00,7802c383-1ec0-41ae-9739-8ecc2faf327c,Task.xlsx,2025-11-26 06:51:57.90379+00,2025-11-26 06:51:57.90379+00,2025-08-06,2025-08,CW32,6,M
2428,a8473055-87c4-41ab-a306-9dd3a6e2fae5,M,CW33,CW33,2025-08-12,2025-08-12,,SNa,,2025-11-26 06:51:57.90379+00,7802c383-1ec0-41ae-9739-8ecc2faf327c,Task.xlsx,2025-11-26 06:51:57.90379+00,2025-11-26 06:51:57.90379+00,2025-08-12,2025-08,CW33,12,M
2429,a8473055-87c4-41ab-a306-9dd3a6e2fae5,M,CW33,CW33,2025-08-13,2025-08-13,,SNa,,2025-11-26 06:51:57.90379+00,7802c383-1ec0-41ae-9739-8ecc2faf327c,Task.xlsx,2025-11-26 06:51:57.90379+00,2025-11-26 06:51:57.90379+00,2025-08-13,2025-08,CW33,13,M
2430,a8473055-87c4-41ab-a306-9dd3a6e2fae5,WS,CW34,CW34,2025-08-18,2025-08-18,,SNa,,2025-11-26 06:51:57.90379+00,7802c383-1ec0-41ae-9739-8ecc2faf327c,Task.xlsx,2025-11-26 06:51:57.90379+00,2025-11-26 06:51:57.90379+00,2025-08-18,2025-08,CW34,18,WS
2431,a8473055-87c4-41ab-a306-9dd3a6e2fae5,M,CW34,CW34,2025-08-20,2025-08-20,,SNa,,2025-11-26 06:51:57.90379+00,7802c383-1ec0-41ae-9739-8ecc2faf327c,Task.xlsx,2025-11-26 06:51:57.90379+00,2025-11-26 06:51:57.90379+00,2025-08-20,2025-08,CW34,20,M
2432,a8473055-87c4-41ab-a306-9dd3a6e2fae5,M,CW35,CW35,2025-08-25,2025-08-25,BPS,SNa,,2025-11-26 06:51:57.90379+00,7802c383-1ec0-41ae-9739-8ecc2faf327c,Task.xlsx,2025-11-26 06:51:57.90379+00,2025-11-26 06:51:57.90379+00,2025-08-25,2025-08,CW35,25,M
2433,a8473055-87c4-41ab-a306-9dd3a6e2fae5,M,CW35,CW35,2025-08-26,2025-08-26,,SNa,,2025-11-26 06:51:57.90379+00,7802c383-1ec0-41ae-9739-8ecc2faf327c,Task.xlsx,2025-11-26 06:51:57.90379+00,2025-11-26 06:51:57.90379+00,2025-08-26,2025-08,CW35,26,M
2434,a8473055-87c4-41ab-a306-9dd3a6e2fae5,M,CW35,CW35,2025-08-27,2025-08-27,,SNa,,2025-11-26 06:51:57.90379+00,7802c383-1ec0-41ae-9739-8ecc2faf327c,Task.xlsx,2025-11-26 06:51:57.90379+00,2025-11-26 06:51:57.90379+00,2025-08-27,2025-08,CW35,27,M
2435,a8473055-87c4-41ab-a306-9dd3a6e2fae5,M,CW36,CW36,2025-09-03,2025-09-03,,SNa,,2025-11-26 06:51:57.90379+00,7802c383-1ec0-41ae-9739-8ecc2faf327c,Task.xlsx,2025-11-26 06:51:57.90379+00,2025-11-26 06:51:57.90379+00,2025-09-03,2025-09,CW36,3,M
2436,a8473055-87c4-41ab-a306-9dd3a6e2fae5,M,CW37,CW37,2025-09-09,2025-09-09,,SNa,,2025-11-26 06:51:57.90379+00,7802c383-1ec0-41ae-9739-8ecc2faf327c,Task.xlsx,2025-11-26 06:51:57.90379+00,2025-11-26 06:51:57.90379+00,2025-09-09,2025-09,CW37,9,M
2437,a8473055-87c4-41ab-a306-9dd3a6e2fae5,M,CW37,CW37,2025-09-10,2025-09-10,,SNa,,2025-11-26 06:51:57.90379+00,7802c383-1ec0-41ae-9739-8ecc2faf327c,Task.xlsx,2025-11-26 06:51:57.90379+00,2025-11-26 06:51:57.90379+00,2025-09-10,2025-09,CW37,10,M
2438,a8473055-87c4-41ab-a306-9dd3a6e2fae5,WS,CW37,CW37,2025-09-11,2025-09-11,,SNa,,2025-11-26 06:51:57.90379+00,7802c383-1ec0-41ae-9739-8ecc2faf327c,Task.xlsx,2025-11-26 06:51:57.90379+00,2025-11-26 06:51:57.90379+00,2025-09-11,2025-09,CW37,11,WS
2439,a8473055-87c4-41ab-a306-9dd3a6e2fae5,M,CW37,CW37,2025-09-12,2025-09-12,BPS,SNa,,2025-11-26 06:51:57.90379+00,7802c383-1ec0-41ae-9739-8ecc2faf327c,Task.xlsx,2025-11-26 06:51:57.90379+00,2025-11-26 06:51:57.90379+00,2025-09-12,2025-09,CW37,12,M
2440,a8473055-87c4-41ab-a306-9dd3a6e2fae5,M,CW38,CW38,2025-09-17,2025-09-17,,SNa,,2025-11-26 06:51:57.90379+00,7802c383-1ec0-41ae-9739-8ecc2faf327c,Task.xlsx,2025-11-26 06:51:57.90379+00,2025-11-26 06:51:57.90379+00,2025-09-17,2025-09,CW38,17,M
2441,a8473055-87c4-41ab-a306-9dd3a6e2fae5,M,CW39,CW39,2025-09-23,2025-09-23,,SNa,,2025-11-26 06:51:57.90379+00,7802c383-1ec0-41ae-9739-8ecc2faf327c,Task.xlsx,2025-11-26 06:51:57.90379+00,2025-11-26 06:51:57.90379+00,2025-09-23,2025-09,CW39,23,M
2442,a8473055-87c4-41ab-a306-9dd3a6e2fae5,M,CW39,CW39,2025-09-24,2025-09-24,,SNa,,2025-11-26 06:51:57.90379+00,7802c383-1ec0-41ae-9739-8ecc2faf327c,Task.xlsx,2025-11-26 06:51:57.90379+00,2025-11-26 06:51:57.90379+00,2025-09-24,2025-09,CW39,24,M
2443,a8473055-87c4-41ab-a306-9dd3a6e2fae5,M,CW40,CW40,2025-09-30,2025-09-30,,SNa,,2025-11-26 06:51:57.90379+00,7802c383-1ec0-41ae-9739-8ecc2faf327c,Task.xlsx,2025-11-26 06:51:57.90379+00,2025-11-26 06:51:57.90379+00,2025-09-30,2025-09,CW40,30,M
2444,a8473055-87c4-41ab-a306-9dd3a6e2fae5,WS,CW42,CW42,2025-10-13,2025-10-13,,SNa,,2025-11-26 06:51:57.90379+00,7802c383-1ec0-41ae-9739-8ecc2faf327c,Task.xlsx,2025-11-26 06:51:57.90379+00,2025-11-26 06:51:57.90379+00,2025-10-13,2025-10,CW42,13,WS
2445,a8473055-87c4-41ab-a306-9dd3a6e2fae5,M,CW42,CW42,2025-10-14,2025-10-14,,SNa,,2025-11-26 06:51:57.90379+00,7802c383-1ec0-41ae-9739-8ecc2faf327c,Task.xlsx,2025-11-26 06:51:57.90379+00,2025-11-26 06:51:57.90379+00,2025-10-14,2025-10,CW42,14,M
2446,a8473055-87c4-41ab-a306-9dd3a6e2fae5,M,CW42,CW42,2025-10-15,2025-10-15,,SNa,,2025-11-26 06:51:57.90379+00,7802c383-1ec0-41ae-9739-8ecc2faf327c,Task.xlsx,2025-11-26 06:51:57.90379+00,2025-11-26 06:51:57.90379+00,2025-10-15,2025-10,CW42,15,M
2447,a8473055-87c4-41ab-a306-9dd3a6e2fae5,M,CW43,CW43,2025-10-22,2025-10-22,,SNa,,2025-11-26 06:51:57.90379+00,7802c383-1ec0-41ae-9739-8ecc2faf327c,Task.xlsx,2025-11-26 06:51:57.90379+00,2025-11-26 06:51:57.90379+00,2025-10-22,2025-10,CW43,22,M
2448,a8473055-87c4-41ab-a306-9dd3a6e2fae5,M,CW44,CW44,2025-10-28,2025-10-28,,SNa,,2025-11-26 06:51:57.90379+00,7802c383-1ec0-41ae-9739-8ecc2faf327c,Task.xlsx,2025-11-26 06:51:57.90379+00,2025-11-26 06:51:57.90379+00,2025-10-28,2025-10,CW44,28,M
2449,a8473055-87c4-41ab-a306-9dd3a6e2fae5,M,CW44,CW44,2025-10-29,2025-10-29,,SNa,,2025-11-26 06:51:57.90379+00,7802c383-1ec0-41ae-9739-8ecc2faf327c,Task.xlsx,2025-11-26 06:51:57.90379+00,2025-11-26 06:51:57.90379+00,2025-10-29,2025-10,CW44,29,M
2450,a8473055-87c4-41ab-a306-9dd3a6e2fae5,M,CW45,CW45,2025-11-03,2025-11-03,BPS,SNa,,2025-11-26 06:51:57.90379+00,7802c383-1ec0-41ae-9739-8ecc2faf327c,Task.xlsx,2025-11-26 06:51:57.90379+00,2025-11-26 06:51:57.90379+00,2025-11-03,2025-11,CW45,3,M
2451,a8473055-87c4-41ab-a306-9dd3a6e2fae5,M,CW45,CW45,2025-11-05,2025-11-05,,SNa,,2025-11-26 06:51:57.90379+00,7802c383-1ec0-41ae-9739-8ecc2faf327c,Task.xlsx,2025-11-26 06:51:57.90379+00,2025-11-26 06:51:57.90379+00,2025-11-05,2025-11,CW45,5,M
2452,a8473055-87c4-41ab-a306-9dd3a6e2fae5,P,CW45,CW45,2025-11-06,2025-11-06,I-BLI Preparation,EA,,2025-11-26 06:51:57.90379+00,7802c383-1ec0-41ae-9739-8ecc2faf327c,Task.xlsx,2025-11-26 06:51:57.90379+00,2025-11-26 06:51:57.90379+00,2025-11-06,2025-11,CW45,6,P
2453,a8473055-87c4-41ab-a306-9dd3a6e2fae5,P,CW45,CW45,2025-11-07,2025-11-07,I-BLI Preparation,EA,,2025-11-26 06:51:57.90379+00,7802c383-1ec0-41ae-9739-8ecc2faf327c,Task.xlsx,2025-11-26 06:51:57.90379+00,2025-11-26 06:51:57.90379+00,2025-11-07,2025-11,CW45,7,P
2454,a8473055-87c4-41ab-a306-9dd3a6e2fae5,P,CW46,CW46,2025-11-10,2025-11-10,i-BLI,EA,,2025-11-26 06:51:57.90379+00,7802c383-1ec0-41ae-9739-8ecc2faf327c,Task.xlsx,2025-11-26 06:51:57.90379+00,2025-11-26 06:51:57.90379+00,2025-11-10,2025-11,CW46,10,P
2455,a8473055-87c4-41ab-a306-9dd3a6e2fae5,P,CW46,CW46,2025-11-11,2025-11-11,,EA,,2025-11-26 06:51:57.90379+00,7802c383-1ec0-41ae-9739-8ecc2faf327c,Task.xlsx,2025-11-26 06:51:57.90379+00,2025-11-26 06:51:57.90379+00,2025-11-11,2025-11,CW46,11,P
2456,a8473055-87c4-41ab-a306-9dd3a6e2fae5,P,CW46,CW46,2025-11-12,2025-11-12,,EA,,2025-11-26 06:51:57.90379+00,7802c383-1ec0-41ae-9739-8ecc2faf327c,Task.xlsx,2025-11-26 06:51:57.90379+00,2025-11-26 06:51:57.90379+00,2025-11-12,2025-11,CW46,12,P
2457,a8473055-87c4-41ab-a306-9dd3a6e2fae5,P,CW46,CW46,2025-11-13,2025-11-13,,EA,,2025-11-26 06:51:57.90379+00,7802c383-1ec0-41ae-9739-8ecc2faf327c,Task.xlsx,2025-11-26 06:51:57.90379+00,2025-11-26 06:51:57.90379+00,2025-11-13,2025-11,CW46,13,P
2458,a8473055-87c4-41ab-a306-9dd3a6e2fae5,P,CW46,CW46,2025-11-14,2025-11-14,,EA,,2025-11-26 06:51:57.90379+00,7802c383-1ec0-41ae-9739-8ecc2faf327c,Task.xlsx,2025-11-26 06:51:57.90379+00,2025-11-26 06:51:57.90379+00,2025-11-14,2025-11,CW46,14,P
2459,a8473055-87c4-41ab-a306-9dd3a6e2fae5,M,CW47,CW47,2025-11-19,2025-11-19,,SNa,,2025-11-26 06:51:57.90379+00,7802c383-1ec0-41ae-9739-8ecc2faf327c,Task.xlsx,2025-11-26 06:51:57.90379+00,2025-11-26 06:51:57.90379+00,2025-11-19,2025-11,CW47,19,M
2460,a8473055-87c4-41ab-a306-9dd3a6e2fae5,M,CW48,CW48,2025-11-25,2025-11-25,,SNa,,2025-11-26 06:51:57.90379+00,7802c383-1ec0-41ae-9739-8ecc2faf327c,Task.xlsx,2025-11-26 06:51:57.90379+00,2025-11-26 06:51:57.90379+00,2025-11-25,2025-11,CW48,25,M
2461,a8473055-87c4-41ab-a306-9dd3a6e2fae5,M,CW48,CW48,2025-11-26,2025-11-26,,SNa,,2025-11-26 06:51:57.90379+00,7802c383-1ec0-41ae-9739-8ecc2faf327c,Task.xlsx,2025-11-26 06:51:57.90379+00,2025-11-26 06:51:57.90379+00,2025-11-26,2025-11,CW48,26,M
2462,a8473055-87c4-41ab-a306-9dd3a6e2fae5,M,CW49,CW49,2025-12-01,2025-12-01,BPS,SNa,,2025-11-26 06:51:57.90379+00,7802c383-1ec0-41ae-9739-8ecc2faf327c,Task.xlsx,2025-11-26 06:51:57.90379+00,2025-11-26 06:51:57.90379+00,2025-12-01,2025-12,CW49,1,M
2463,a8473055-87c4-41ab-a306-9dd3a6e2fae5,M,CW49,CW49,2025-12-03,2025-12-03,,SNa,,2025-11-26 06:51:57.90379+00,7802c383-1ec0-41ae-9739-8ecc2faf327c,Task.xlsx,2025-11-26 06:51:57.90379+00,2025-11-26 06:51:57.90379+00,2025-12-03,2025-12,CW49,3,M
2464,a8473055-87c4-41ab-a306-9dd3a6e2fae5,WS,CW50,CW50,2025-12-08,2025-12-08,,SNa,,2025-11-26 06:51:57.90379+00,7802c383-1ec0-41ae-9739-8ecc2faf327c,Task.xlsx,2025-11-26 06:51:57.90379+00,2025-11-26 06:51:57.90379+00,2025-12-08,2025-12,CW50,8,WS
2465,a8473055-87c4-41ab-a306-9dd3a6e2fae5,M,CW50,CW50,2025-12-09,2025-12-09,,SNa,,2025-11-26 06:51:57.90379+00,7802c383-1ec0-41ae-9739-8ecc2faf327c,Task.xlsx,2025-11-26 06:51:57.90379+00,2025-11-26 06:51:57.90379+00,2025-12-09,2025-12,CW50,9,M
2466,a8473055-87c4-41ab-a306-9dd3a6e2fae5,M,CW50,CW50,2025-12-10,2025-12-10,,SNa,,2025-11-26 06:51:57.90379+00,7802c383-1ec0-41ae-9739-8ecc2faf327c,Task.xlsx,2025-11-26 06:51:57.90379+00,2025-11-26 06:51:57.90379+00,2025-12-10,2025-12,CW50,10,M
2467,a8473055-87c4-41ab-a306-9dd3a6e2fae5,M,CW51,CW51,2025-12-17,2025-12-17,,SNa,,2025-11-26 06:51:57.90379+00,7802c383-1ec0-41ae-9739-8ecc2faf327c,Task.xlsx,2025-11-26 06:51:57.90379+00,2025-11-26 06:51:57.90379+00,2025-12-17,2025-12,CW51,17,M
2468,a8473055-87c4-41ab-a306-9dd3a6e2fae5,M,CW52,CW52,2025-12-23,2025-12-23,,SNa,,2025-11-26 06:51:57.90379+00,7802c383-1ec0-41ae-9739-8ecc2faf327c,Task.xlsx,2025-11-26 06:51:57.90379+00,2025-11-26 06:51:57.90379+00,2025-12-23,2025-12,CW52,23,M
2469,a8473055-87c4-41ab-a306-9dd3a6e2fae5,M,CW52,CW52,2025-12-24,2025-12-24,,SNa,,2025-11-26 06:51:57.90379+00,7802c383-1ec0-41ae-9739-8ecc2faf327c,Task.xlsx,2025-11-26 06:51:57.90379+00,2025-11-26 06:51:57.90379+00,2025-12-24,2025-12,CW52,24,M
2470,a8473055-87c4-41ab-a306-9dd3a6e2fae5,M,CW52,CW52,2025-12-31,2025-12-31,,SNa,,2025-11-26 06:51:57.90379+00,7802c383-1ec0-41ae-9739-8ecc2faf327c,Task.xlsx,2025-11-26 06:51:57.90379+00,2025-11-26 06:51:57.90379+00,2025-12-31,2025-12,CW01,31,M
2471,e13482df-ea57-4e1a-8d76-120b0b8f6c91,WS,CW02,CW02,2025-01-09,2025-01-09,,SNa,,2025-11-26 06:51:57.90379+00,7802c383-1ec0-41ae-9739-8ecc2faf327c,Task.xlsx,2025-11-26 06:51:57.90379+00,2025-11-26 06:51:57.90379+00,2025-01-09,2025-01,CW02,9,WS
2472,e13482df-ea57-4e1a-8d76-120b0b8f6c91,WS,CW04,CW04,2025-01-20,2025-01-20,FI,ED,,2025-11-26 06:51:57.90379+00,7802c383-1ec0-41ae-9739-8ecc2faf327c,Task.xlsx,2025-11-26 06:51:57.90379+00,2025-11-26 06:51:57.90379+00,2025-01-20,2025-01,CW04,20,WS
2473,e13482df-ea57-4e1a-8d76-120b0b8f6c91,SW,CW07,CW07,2025-02-11,2025-02-11,,ED,,2025-11-26 06:51:57.90379+00,7802c383-1ec0-41ae-9739-8ecc2faf327c,Task.xlsx,2025-11-26 06:51:57.90379+00,2025-11-26 06:51:57.90379+00,2025-02-11,2025-02,CW07,11,SW
2474,e13482df-ea57-4e1a-8d76-120b0b8f6c91,SW,CW07,CW07,2025-02-12,2025-02-12,,ED,,2025-11-26 06:51:57.90379+00,7802c383-1ec0-41ae-9739-8ecc2faf327c,Task.xlsx,2025-11-26 06:51:57.90379+00,2025-11-26 06:51:57.90379+00,2025-02-12,2025-02,CW07,12,SW
2475,e13482df-ea57-4e1a-8d76-120b0b8f6c91,SW,CW07,CW07,2025-02-13,2025-02-13,,ED,,2025-11-26 06:51:57.90379+00,7802c383-1ec0-41ae-9739-8ecc2faf327c,Task.xlsx,2025-11-26 06:51:57.90379+00,2025-11-26 06:51:57.90379+00,2025-02-13,2025-02,CW07,13,SW
2476,e13482df-ea57-4e1a-8d76-120b0b8f6c91,SW,CW08,CW08,2025-02-17,2025-02-17,L24 HC Optimization,CL,,2025-11-26 06:51:57.90379+00,7802c383-1ec0-41ae-9739-8ecc2faf327c,Task.xlsx,2025-11-26 06:51:57.90379+00,2025-11-26 06:51:57.90379+00,2025-02-17,2025-02,CW08,17,SW
2477,e13482df-ea57-4e1a-8d76-120b0b8f6c91,SW,CW08,CW08,2025-02-18,2025-02-18,,CL,,2025-11-26 06:51:57.90379+00,7802c383-1ec0-41ae-9739-8ecc2faf327c,Task.xlsx,2025-11-26 06:51:57.90379+00,2025-11-26 06:51:57.90379+00,2025-02-18,2025-02,CW08,18,SW
2478,e13482df-ea57-4e1a-8d76-120b0b8f6c91,SW,CW08,CW08,2025-02-19,2025-02-19,,CL,,2025-11-26 06:51:57.90379+00,7802c383-1ec0-41ae-9739-8ecc2faf327c,Task.xlsx,2025-11-26 06:51:57.90379+00,2025-11-26 06:51:57.90379+00,2025-02-19,2025-02,CW08,19,SW
2479,e13482df-ea57-4e1a-8d76-120b0b8f6c91,SW,CW08,CW08,2025-02-20,2025-02-20,,CL,,2025-11-26 06:51:57.90379+00,7802c383-1ec0-41ae-9739-8ecc2faf327c,Task.xlsx,2025-11-26 06:51:57.90379+00,2025-11-26 06:51:57.90379+00,2025-02-20,2025-02,CW08,20,SW
2480,e13482df-ea57-4e1a-8d76-120b0b8f6c91,SW,CW08,CW08,2025-02-21,2025-02-21,,CL,,2025-11-26 06:51:57.90379+00,7802c383-1ec0-41ae-9739-8ecc2faf327c,Task.xlsx,2025-11-26 06:51:57.90379+00,2025-11-26 06:51:57.90379+00,2025-02-21,2025-02,CW08,21,SW
2481,e13482df-ea57-4e1a-8d76-120b0b8f6c91,SW,CW12,CW12,2025-03-19,2025-03-19,CP Paperless project,ED,,2025-11-26 06:51:57.90379+00,7802c383-1ec0-41ae-9739-8ecc2faf327c,Task.xlsx,2025-11-26 06:51:57.90379+00,2025-11-26 06:51:57.90379+00,2025-03-19,2025-03,CW12,19,SW
2482,e13482df-ea57-4e1a-8d76-120b0b8f6c91,SW,CW12,CW12,2025-03-20,2025-03-20,,ED,,2025-11-26 06:51:57.90379+00,7802c383-1ec0-41ae-9739-8ecc2faf327c,Task.xlsx,2025-11-26 06:51:57.90379+00,2025-11-26 06:51:57.90379+00,2025-03-20,2025-03,CW12,20,SW
2483,e13482df-ea57-4e1a-8d76-120b0b8f6c91,SW,CW12,CW12,2025-03-21,2025-03-21,,ED,,2025-11-26 06:51:57.90379+00,7802c383-1ec0-41ae-9739-8ecc2faf327c,Task.xlsx,2025-11-26 06:51:57.90379+00,2025-11-26 06:51:57.90379+00,2025-03-21,2025-03,CW12,21,SW
2484,e13482df-ea57-4e1a-8d76-120b0b8f6c91,SW,CW13,CW13,2025-03-24,2025-03-24,,ED,,2025-11-26 06:51:57.90379+00,7802c383-1ec0-41ae-9739-8ecc2faf327c,Task.xlsx,2025-11-26 06:51:57.90379+00,2025-11-26 06:51:57.90379+00,2025-03-24,2025-03,CW13,24,SW
2485,e13482df-ea57-4e1a-8d76-120b0b8f6c91,WS,CW15,CW15,2025-04-10,2025-04-10,,ED,,2025-11-26 06:51:57.90379+00,7802c383-1ec0-41ae-9739-8ecc2faf327c,Task.xlsx,2025-11-26 06:51:57.90379+00,2025-11-26 06:51:57.90379+00,2025-04-10,2025-04,CW15,10,WS
2486,e13482df-ea57-4e1a-8d76-120b0b8f6c91,P,CW17,CW17,2025-04-24,2025-04-24,,ED,,2025-11-26 06:51:57.90379+00,7802c383-1ec0-41ae-9739-8ecc2faf327c,Task.xlsx,2025-11-26 06:51:57.90379+00,2025-11-26 06:51:57.90379+00,2025-04-24,2025-04,CW17,24,P
2487,e13482df-ea57-4e1a-8d76-120b0b8f6c91,SW,CW19,CW19,2025-05-06,2025-05-06,,CL,,2025-11-26 06:51:57.90379+00,7802c383-1ec0-41ae-9739-8ecc2faf327c,Task.xlsx,2025-11-26 06:51:57.90379+00,2025-11-26 06:51:57.90379+00,2025-05-06,2025-05,CW19,6,SW
2488,e13482df-ea57-4e1a-8d76-120b0b8f6c91,SW,CW19,CW19,2025-05-07,2025-05-07,,CL,,2025-11-26 06:51:57.90379+00,7802c383-1ec0-41ae-9739-8ecc2faf327c,Task.xlsx,2025-11-26 06:51:57.90379+00,2025-11-26 06:51:57.90379+00,2025-05-07,2025-05,CW19,7,SW
2489,e13482df-ea57-4e1a-8d76-120b0b8f6c91,SW,CW19,CW19,2025-05-08,2025-05-08,,CL,,2025-11-26 06:51:57.90379+00,7802c383-1ec0-41ae-9739-8ecc2faf327c,Task.xlsx,2025-11-26 06:51:57.90379+00,2025-11-26 06:51:57.90379+00,2025-05-08,2025-05,CW19,8,SW
2490,e13482df-ea57-4e1a-8d76-120b0b8f6c91,SW,CW19,CW19,2025-05-09,2025-05-09,,CL,,2025-11-26 06:51:57.90379+00,7802c383-1ec0-41ae-9739-8ecc2faf327c,Task.xlsx,2025-11-26 06:51:57.90379+00,2025-11-26 06:51:57.90379+00,2025-05-09,2025-05,CW19,9,SW
2491,e13482df-ea57-4e1a-8d76-120b0b8f6c91,SW,CW20,CW20,2025-05-12,2025-05-12,Everybody Energy,LN,,2025-11-26 06:51:57.90379+00,7802c383-1ec0-41ae-9739-8ecc2faf327c,Task.xlsx,2025-11-26 06:51:57.90379+00,2025-11-26 06:51:57.90379+00,2025-05-12,2025-05,CW20,12,SW
2492,e13482df-ea57-4e1a-8d76-120b0b8f6c91,SW,CW20,CW20,2025-05-13,2025-05-13,,LN,,2025-11-26 06:51:57.90379+00,7802c383-1ec0-41ae-9739-8ecc2faf327c,Task.xlsx,2025-11-26 06:51:57.90379+00,2025-11-26 06:51:57.90379+00,2025-05-13,2025-05,CW20,13,SW
2493,e13482df-ea57-4e1a-8d76-120b0b8f6c91,SW,CW20,CW20,2025-05-14,2025-05-14,,LN,,2025-11-26 06:51:57.90379+00,7802c383-1ec0-41ae-9739-8ecc2faf327c,Task.xlsx,2025-11-26 06:51:57.90379+00,2025-11-26 06:51:57.90379+00,2025-05-14,2025-05,CW20,14,SW
2494,e13482df-ea57-4e1a-8d76-120b0b8f6c91,SW,CW20,CW20,2025-05-15,2025-05-15,,LN,,2025-11-26 06:51:57.90379+00,7802c383-1ec0-41ae-9739-8ecc2faf327c,Task.xlsx,2025-11-26 06:51:57.90379+00,2025-11-26 06:51:57.90379+00,2025-05-15,2025-05,CW20,15,SW
2495,e13482df-ea57-4e1a-8d76-120b0b8f6c91,SW,CW20,CW20,2025-05-16,2025-05-16,,LN,,2025-11-26 06:51:57.90379+00,7802c383-1ec0-41ae-9739-8ecc2faf327c,Task.xlsx,2025-11-26 06:51:57.90379+00,2025-11-26 06:51:57.90379+00,2025-05-16,2025-05,CW20,16,SW
2496,e13482df-ea57-4e1a-8d76-120b0b8f6c91,SW,CW21,CW21,2025-05-19,2025-05-19,Everybody Energy,LN,,2025-11-26 06:51:57.90379+00,7802c383-1ec0-41ae-9739-8ecc2faf327c,Task.xlsx,2025-11-26 06:51:57.90379+00,2025-11-26 06:51:57.90379+00,2025-05-19,2025-05,CW21,19,SW
2497,e13482df-ea57-4e1a-8d76-120b0b8f6c91,SW,CW21,CW21,2025-05-20,2025-05-20,,LN,,2025-11-26 06:51:57.90379+00,7802c383-1ec0-41ae-9739-8ecc2faf327c,Task.xlsx,2025-11-26 06:51:57.90379+00,2025-11-26 06:51:57.90379+00,2025-05-20,2025-05,CW21,20,SW
2498,e13482df-ea57-4e1a-8d76-120b0b8f6c91,SW,CW21,CW21,2025-05-21,2025-05-21,,LN,,2025-11-26 06:51:57.90379+00,7802c383-1ec0-41ae-9739-8ecc2faf327c,Task.xlsx,2025-11-26 06:51:57.90379+00,2025-11-26 06:51:57.90379+00,2025-05-21,2025-05,CW21,21,SW
2499,e13482df-ea57-4e1a-8d76-120b0b8f6c91,SW,CW21,CW21,2025-05-22,2025-05-22,,LN,,2025-11-26 06:51:57.90379+00,7802c383-1ec0-41ae-9739-8ecc2faf327c,Task.xlsx,2025-11-26 06:51:57.90379+00,2025-11-26 06:51:57.90379+00,2025-05-22,2025-05,CW21,22,SW
2500,e13482df-ea57-4e1a-8d76-120b0b8f6c91,SW,CW21,CW21,2025-05-23,2025-05-23,,LN,,2025-11-26 06:51:57.90379+00,7802c383-1ec0-41ae-9739-8ecc2faf327c,Task.xlsx,2025-11-26 06:51:57.90379+00,2025-11-26 06:51:57.90379+00,2025-05-23,2025-05,CW21,23,SW
2501,e13482df-ea57-4e1a-8d76-120b0b8f6c91,SW,CW22,CW22,2025-05-26,2025-05-26,Everybody Energy,LN,,2025-11-26 06:51:57.90379+00,7802c383-1ec0-41ae-9739-8ecc2faf327c,Task.xlsx,2025-11-26 06:51:57.90379+00,2025-11-26 06:51:57.90379+00,2025-05-26,2025-05,CW22,26,SW
2502,e13482df-ea57-4e1a-8d76-120b0b8f6c91,SW,CW22,CW22,2025-05-27,2025-05-27,,LN,,2025-11-26 06:51:57.90379+00,7802c383-1ec0-41ae-9739-8ecc2faf327c,Task.xlsx,2025-11-26 06:51:57.90379+00,2025-11-26 06:51:57.90379+00,2025-05-27,2025-05,CW22,27,SW
2503,e13482df-ea57-4e1a-8d76-120b0b8f6c91,SW,CW22,CW22,2025-05-28,2025-05-28,,LN,,2025-11-26 06:51:57.90379+00,7802c383-1ec0-41ae-9739-8ecc2faf327c,Task.xlsx,2025-11-26 06:51:57.90379+00,2025-11-26 06:51:57.90379+00,2025-05-28,2025-05,CW22,28,SW
2504,e13482df-ea57-4e1a-8d76-120b0b8f6c91,SW,CW22,CW22,2025-05-29,2025-05-29,,LN,,2025-11-26 06:51:57.90379+00,7802c383-1ec0-41ae-9739-8ecc2faf327c,Task.xlsx,2025-11-26 06:51:57.90379+00,2025-11-26 06:51:57.90379+00,2025-05-29,2025-05,CW22,29,SW
2505,e13482df-ea57-4e1a-8d76-120b0b8f6c91,SW,CW22,CW22,2025-05-30,2025-05-30,,LN,,2025-11-26 06:51:57.90379+00,7802c383-1ec0-41ae-9739-8ecc2faf327c,Task.xlsx,2025-11-26 06:51:57.90379+00,2025-11-26 06:51:57.90379+00,2025-05-30,2025-05,CW22,30,SW
2506,e13482df-ea57-4e1a-8d76-120b0b8f6c91,P,CW23,CW23,2025-06-05,2025-06-05,,ED,,2025-11-26 06:51:57.90379+00,7802c383-1ec0-41ae-9739-8ecc2faf327c,Task.xlsx,2025-11-26 06:51:57.90379+00,2025-11-26 06:51:57.90379+00,2025-06-05,2025-06,CW23,5,P
2507,e13482df-ea57-4e1a-8d76-120b0b8f6c91,WS,CW24,CW24,2025-06-09,2025-06-09,Boot Camp,EA,,2025-11-26 06:51:57.90379+00,7802c383-1ec0-41ae-9739-8ecc2faf327c,Task.xlsx,2025-11-26 06:51:57.90379+00,2025-11-26 06:51:57.90379+00,2025-06-09,2025-06,CW24,9,WS
2508,e13482df-ea57-4e1a-8d76-120b0b8f6c91,WS,CW24,CW24,2025-06-10,2025-06-10,,HA,,2025-11-26 06:51:57.90379+00,7802c383-1ec0-41ae-9739-8ecc2faf327c,Task.xlsx,2025-11-26 06:51:57.90379+00,2025-11-26 06:51:57.90379+00,2025-06-10,2025-06,CW24,10,WS
2509,e13482df-ea57-4e1a-8d76-120b0b8f6c91,WS,CW25,CW25,2025-06-18,2025-06-18,Essential,ED,,2025-11-26 06:51:57.90379+00,7802c383-1ec0-41ae-9739-8ecc2faf327c,Task.xlsx,2025-11-26 06:51:57.90379+00,2025-11-26 06:51:57.90379+00,2025-06-18,2025-06,CW25,18,WS
2510,e13482df-ea57-4e1a-8d76-120b0b8f6c91,P,CW25,CW25,2025-06-19,2025-06-19,,ED,,2025-11-26 06:51:57.90379+00,7802c383-1ec0-41ae-9739-8ecc2faf327c,Task.xlsx,2025-11-26 06:51:57.90379+00,2025-11-26 06:51:57.90379+00,2025-06-19,2025-06,CW25,19,P
2511,e13482df-ea57-4e1a-8d76-120b0b8f6c91,L,CW27,CW27,2025-06-30,2025-06-30,Holiday,,,2025-11-26 06:51:57.90379+00,7802c383-1ec0-41ae-9739-8ecc2faf327c,Task.xlsx,2025-11-26 06:51:57.90379+00,2025-11-26 06:51:57.90379+00,2025-06-30,2025-06,CW27,30,L
2512,e13482df-ea57-4e1a-8d76-120b0b8f6c91,L,CW27,CW27,2025-07-01,2025-07-01,,,,2025-11-26 06:51:57.90379+00,7802c383-1ec0-41ae-9739-8ecc2faf327c,Task.xlsx,2025-11-26 06:51:57.90379+00,2025-11-26 06:51:57.90379+00,2025-07-01,2025-07,CW27,1,L
2513,e13482df-ea57-4e1a-8d76-120b0b8f6c91,L,CW27,CW27,2025-07-02,2025-07-02,,,,2025-11-26 06:51:57.90379+00,7802c383-1ec0-41ae-9739-8ecc2faf327c,Task.xlsx,2025-11-26 06:51:57.90379+00,2025-11-26 06:51:57.90379+00,2025-07-02,2025-07,CW27,2,L
2514,e13482df-ea57-4e1a-8d76-120b0b8f6c91,L,CW27,CW27,2025-07-03,2025-07-03,,,,2025-11-26 06:51:57.90379+00,7802c383-1ec0-41ae-9739-8ecc2faf327c,Task.xlsx,2025-11-26 06:51:57.90379+00,2025-11-26 06:51:57.90379+00,2025-07-03,2025-07,CW27,3,L
2515,e13482df-ea57-4e1a-8d76-120b0b8f6c91,L,CW27,CW27,2025-07-04,2025-07-04,,,,2025-11-26 06:51:57.90379+00,7802c383-1ec0-41ae-9739-8ecc2faf327c,Task.xlsx,2025-11-26 06:51:57.90379+00,2025-11-26 06:51:57.90379+00,2025-07-04,2025-07,CW27,4,L
2516,e13482df-ea57-4e1a-8d76-120b0b8f6c91,WS,CW28,CW28,2025-07-09,2025-07-09,,ED,,2025-11-26 06:51:57.90379+00,7802c383-1ec0-41ae-9739-8ecc2faf327c,Task.xlsx,2025-11-26 06:51:57.90379+00,2025-11-26 06:51:57.90379+00,2025-07-09,2025-07,CW28,9,WS
2517,e13482df-ea57-4e1a-8d76-120b0b8f6c91,SW,CW29,CW29,2025-07-14,2025-07-14,Pull,ED,,2025-11-26 06:51:57.90379+00,7802c383-1ec0-41ae-9739-8ecc2faf327c,Task.xlsx,2025-11-26 06:51:57.90379+00,2025-11-26 06:51:57.90379+00,2025-07-14,2025-07,CW29,14,SW
2518,e13482df-ea57-4e1a-8d76-120b0b8f6c91,SW,CW29,CW29,2025-07-15,2025-07-15,,ED,,2025-11-26 06:51:57.90379+00,7802c383-1ec0-41ae-9739-8ecc2faf327c,Task.xlsx,2025-11-26 06:51:57.90379+00,2025-11-26 06:51:57.90379+00,2025-07-15,2025-07,CW29,15,SW
2519,e13482df-ea57-4e1a-8d76-120b0b8f6c91,SW,CW29,CW29,2025-07-16,2025-07-16,,ED,,2025-11-26 06:51:57.90379+00,7802c383-1ec0-41ae-9739-8ecc2faf327c,Task.xlsx,2025-11-26 06:51:57.90379+00,2025-11-26 06:51:57.90379+00,2025-07-16,2025-07,CW29,16,SW
2520,e13482df-ea57-4e1a-8d76-120b0b8f6c91,SW,CW29,CW29,2025-07-17,2025-07-17,,ED,,2025-11-26 06:51:57.90379+00,7802c383-1ec0-41ae-9739-8ecc2faf327c,Task.xlsx,2025-11-26 06:51:57.90379+00,2025-11-26 06:51:57.90379+00,2025-07-17,2025-07,CW29,17,SW
2521,e13482df-ea57-4e1a-8d76-120b0b8f6c91,SW,CW29,CW29,2025-07-18,2025-07-18,,ED,,2025-11-26 06:51:57.90379+00,7802c383-1ec0-41ae-9739-8ecc2faf327c,Task.xlsx,2025-11-26 06:51:57.90379+00,2025-11-26 06:51:57.90379+00,2025-07-18,2025-07,CW29,18,SW
2522,e13482df-ea57-4e1a-8d76-120b0b8f6c91,SW,CW30,CW30,2025-07-21,2025-07-21,Pull,ED,,2025-11-26 06:51:57.90379+00,7802c383-1ec0-41ae-9739-8ecc2faf327c,Task.xlsx,2025-11-26 06:51:57.90379+00,2025-11-26 06:51:57.90379+00,2025-07-21,2025-07,CW30,21,SW
2523,e13482df-ea57-4e1a-8d76-120b0b8f6c91,WS,CW30,CW30,2025-07-23,2025-07-23,Top Idea,EA,,2025-11-26 06:51:57.90379+00,7802c383-1ec0-41ae-9739-8ecc2faf327c,Task.xlsx,2025-11-26 06:51:57.90379+00,2025-11-26 06:51:57.90379+00,2025-07-23,2025-07,CW30,23,WS
2524,e13482df-ea57-4e1a-8d76-120b0b8f6c91,T,CW31,CW31,2025-07-29,2025-07-29,Scaling,LN,,2025-11-26 06:51:57.90379+00,7802c383-1ec0-41ae-9739-8ecc2faf327c,Task.xlsx,2025-11-26 06:51:57.90379+00,2025-11-26 06:51:57.90379+00,2025-07-29,2025-07,CW31,29,T
2525,e13482df-ea57-4e1a-8d76-120b0b8f6c91,P,CW31,CW31,2025-07-31,2025-07-31,,ED,,2025-11-26 06:51:57.90379+00,7802c383-1ec0-41ae-9739-8ecc2faf327c,Task.xlsx,2025-11-26 06:51:57.90379+00,2025-11-26 06:51:57.90379+00,2025-07-31,2025-07,CW31,31,P
2526,e13482df-ea57-4e1a-8d76-120b0b8f6c91,P,CW32,CW32,2025-08-04,2025-08-04,BPS Month,ED,,2025-11-26 06:51:57.90379+00,7802c383-1ec0-41ae-9739-8ecc2faf327c,Task.xlsx,2025-11-26 06:51:57.90379+00,2025-11-26 06:51:57.90379+00,2025-08-04,2025-08,CW32,4,P
2527,e13482df-ea57-4e1a-8d76-120b0b8f6c91,P,CW32,CW32,2025-08-05,2025-08-05,,ED,,2025-11-26 06:51:57.90379+00,7802c383-1ec0-41ae-9739-8ecc2faf327c,Task.xlsx,2025-11-26 06:51:57.90379+00,2025-11-26 06:51:57.90379+00,2025-08-05,2025-08,CW32,5,P
2528,e13482df-ea57-4e1a-8d76-120b0b8f6c91,P,CW32,CW32,2025-08-06,2025-08-06,,ED,,2025-11-26 06:51:57.90379+00,7802c383-1ec0-41ae-9739-8ecc2faf327c,Task.xlsx,2025-11-26 06:51:57.90379+00,2025-11-26 06:51:57.90379+00,2025-08-06,2025-08,CW32,6,P
2529,e13482df-ea57-4e1a-8d76-120b0b8f6c91,P,CW32,CW32,2025-08-07,2025-08-07,,ED,,2025-11-26 06:51:57.90379+00,7802c383-1ec0-41ae-9739-8ecc2faf327c,Task.xlsx,2025-11-26 06:51:57.90379+00,2025-11-26 06:51:57.90379+00,2025-08-07,2025-08,CW32,7,P
2530,e13482df-ea57-4e1a-8d76-120b0b8f6c91,P,CW32,CW32,2025-08-08,2025-08-08,,ED,,2025-11-26 06:51:57.90379+00,7802c383-1ec0-41ae-9739-8ecc2faf327c,Task.xlsx,2025-11-26 06:51:57.90379+00,2025-11-26 06:51:57.90379+00,2025-08-08,2025-08,CW32,8,P
2531,e13482df-ea57-4e1a-8d76-120b0b8f6c91,P,CW33,CW33,2025-08-11,2025-08-11,BPS Month,ED,,2025-11-26 06:51:57.90379+00,7802c383-1ec0-41ae-9739-8ecc2faf327c,Task.xlsx,2025-11-26 06:51:57.90379+00,2025-11-26 06:51:57.90379+00,2025-08-11,2025-08,CW33,11,P
2532,e13482df-ea57-4e1a-8d76-120b0b8f6c91,P,CW33,CW33,2025-08-12,2025-08-12,,ED,,2025-11-26 06:51:57.90379+00,7802c383-1ec0-41ae-9739-8ecc2faf327c,Task.xlsx,2025-11-26 06:51:57.90379+00,2025-11-26 06:51:57.90379+00,2025-08-12,2025-08,CW33,12,P
2533,e13482df-ea57-4e1a-8d76-120b0b8f6c91,P,CW33,CW33,2025-08-13,2025-08-13,,ED,,2025-11-26 06:51:57.90379+00,7802c383-1ec0-41ae-9739-8ecc2faf327c,Task.xlsx,2025-11-26 06:51:57.90379+00,2025-11-26 06:51:57.90379+00,2025-08-13,2025-08,CW33,13,P
2534,e13482df-ea57-4e1a-8d76-120b0b8f6c91,P,CW33,CW33,2025-08-14,2025-08-14,,ED,,2025-11-26 06:51:57.90379+00,7802c383-1ec0-41ae-9739-8ecc2faf327c,Task.xlsx,2025-11-26 06:51:57.90379+00,2025-11-26 06:51:57.90379+00,2025-08-14,2025-08,CW33,14,P
2535,e13482df-ea57-4e1a-8d76-120b0b8f6c91,P,CW33,CW33,2025-08-15,2025-08-15,,ED,,2025-11-26 06:51:57.90379+00,7802c383-1ec0-41ae-9739-8ecc2faf327c,Task.xlsx,2025-11-26 06:51:57.90379+00,2025-11-26 06:51:57.90379+00,2025-08-15,2025-08,CW33,15,P
2536,e13482df-ea57-4e1a-8d76-120b0b8f6c91,T,CW34,CW34,2025-08-18,2025-08-18,VSM,,,2025-11-26 06:51:57.90379+00,7802c383-1ec0-41ae-9739-8ecc2faf327c,Task.xlsx,2025-11-26 06:51:57.90379+00,2025-11-26 06:51:57.90379+00,2025-08-18,2025-08,CW34,18,T
2537,e13482df-ea57-4e1a-8d76-120b0b8f6c91,T,CW34,CW34,2025-08-19,2025-08-19,,,,2025-11-26 06:51:57.90379+00,7802c383-1ec0-41ae-9739-8ecc2faf327c,Task.xlsx,2025-11-26 06:51:57.90379+00,2025-11-26 06:51:57.90379+00,2025-08-19,2025-08,CW34,19,T
2538,e13482df-ea57-4e1a-8d76-120b0b8f6c91,WS,CW34,CW34,2025-08-20,2025-08-20,Lean admin,,,2025-11-26 06:51:57.90379+00,7802c383-1ec0-41ae-9739-8ecc2faf327c,Task.xlsx,2025-11-26 06:51:57.90379+00,2025-11-26 06:51:57.90379+00,2025-08-20,2025-08,CW34,20,WS
2539,e13482df-ea57-4e1a-8d76-120b0b8f6c91,ED,CW34,CW34,2025-08-21,2025-08-21,,,,2025-11-26 06:51:57.90379+00,7802c383-1ec0-41ae-9739-8ecc2faf327c,Task.xlsx,2025-11-26 06:51:57.90379+00,2025-11-26 06:51:57.90379+00,2025-08-21,2025-08,CW34,21,ED
2540,e13482df-ea57-4e1a-8d76-120b0b8f6c91,ED,CW34,CW34,2025-08-22,2025-08-22,,,,2025-11-26 06:51:57.90379+00,7802c383-1ec0-41ae-9739-8ecc2faf327c,Task.xlsx,2025-11-26 06:51:57.90379+00,2025-11-26 06:51:57.90379+00,2025-08-22,2025-08,CW34,22,ED
2541,e13482df-ea57-4e1a-8d76-120b0b8f6c91,T,CW37,CW37,2025-09-10,2025-09-10,SMC,Sch,,2025-11-26 06:51:57.90379+00,7802c383-1ec0-41ae-9739-8ecc2faf327c,Task.xlsx,2025-11-26 06:51:57.90379+00,2025-11-26 06:51:57.90379+00,2025-09-10,2025-09,CW37,10,T
2542,e13482df-ea57-4e1a-8d76-120b0b8f6c91,P,CW38,CW38,2025-09-15,2025-09-15,BPS Month,ED,,2025-11-26 06:51:57.90379+00,7802c383-1ec0-41ae-9739-8ecc2faf327c,Task.xlsx,2025-11-26 06:51:57.90379+00,2025-11-26 06:51:57.90379+00,2025-09-15,2025-09,CW38,15,P
2543,e13482df-ea57-4e1a-8d76-120b0b8f6c91,P,CW38,CW38,2025-09-16,2025-09-16,,ED,,2025-11-26 06:51:57.90379+00,7802c383-1ec0-41ae-9739-8ecc2faf327c,Task.xlsx,2025-11-26 06:51:57.90379+00,2025-11-26 06:51:57.90379+00,2025-09-16,2025-09,CW38,16,P
2544,e13482df-ea57-4e1a-8d76-120b0b8f6c91,P,CW38,CW38,2025-09-17,2025-09-17,,ED,,2025-11-26 06:51:57.90379+00,7802c383-1ec0-41ae-9739-8ecc2faf327c,Task.xlsx,2025-11-26 06:51:57.90379+00,2025-11-26 06:51:57.90379+00,2025-09-17,2025-09,CW38,17,P
2545,e13482df-ea57-4e1a-8d76-120b0b8f6c91,P,CW38,CW38,2025-09-18,2025-09-18,,ED,,2025-11-26 06:51:57.90379+00,7802c383-1ec0-41ae-9739-8ecc2faf327c,Task.xlsx,2025-11-26 06:51:57.90379+00,2025-11-26 06:51:57.90379+00,2025-09-18,2025-09,CW38,18,P
2546,e13482df-ea57-4e1a-8d76-120b0b8f6c91,P,CW38,CW38,2025-09-19,2025-09-19,,ED,,2025-11-26 06:51:57.90379+00,7802c383-1ec0-41ae-9739-8ecc2faf327c,Task.xlsx,2025-11-26 06:51:57.90379+00,2025-11-26 06:51:57.90379+00,2025-09-19,2025-09,CW38,19,P
2547,e13482df-ea57-4e1a-8d76-120b0b8f6c91,P,CW39,CW39,2025-09-22,2025-09-22,BPS Month,ED,,2025-11-26 06:51:57.90379+00,7802c383-1ec0-41ae-9739-8ecc2faf327c,Task.xlsx,2025-11-26 06:51:57.90379+00,2025-11-26 06:51:57.90379+00,2025-09-22,2025-09,CW39,22,P
2548,e13482df-ea57-4e1a-8d76-120b0b8f6c91,P,CW39,CW39,2025-09-23,2025-09-23,,ED,,2025-11-26 06:51:57.90379+00,7802c383-1ec0-41ae-9739-8ecc2faf327c,Task.xlsx,2025-11-26 06:51:57.90379+00,2025-11-26 06:51:57.90379+00,2025-09-23,2025-09,CW39,23,P
2549,e13482df-ea57-4e1a-8d76-120b0b8f6c91,P,CW39,CW39,2025-09-24,2025-09-24,,ED,,2025-11-26 06:51:57.90379+00,7802c383-1ec0-41ae-9739-8ecc2faf327c,Task.xlsx,2025-11-26 06:51:57.90379+00,2025-11-26 06:51:57.90379+00,2025-09-24,2025-09,CW39,24,P
2550,e13482df-ea57-4e1a-8d76-120b0b8f6c91,P,CW39,CW39,2025-09-25,2025-09-25,,ED,,2025-11-26 06:51:57.90379+00,7802c383-1ec0-41ae-9739-8ecc2faf327c,Task.xlsx,2025-11-26 06:51:57.90379+00,2025-11-26 06:51:57.90379+00,2025-09-25,2025-09,CW39,25,P
2551,e13482df-ea57-4e1a-8d76-120b0b8f6c91,P,CW39,CW39,2025-09-26,2025-09-26,,ED,,2025-11-26 06:51:57.90379+00,7802c383-1ec0-41ae-9739-8ecc2faf327c,Task.xlsx,2025-11-26 06:51:57.90379+00,2025-11-26 06:51:57.90379+00,2025-09-26,2025-09,CW39,26,P
2552,e13482df-ea57-4e1a-8d76-120b0b8f6c91,P,CW42,CW42,2025-10-13,2025-10-13,i-BLI,EA,,2025-11-26 06:51:57.90379+00,7802c383-1ec0-41ae-9739-8ecc2faf327c,Task.xlsx,2025-11-26 06:51:57.90379+00,2025-11-26 06:51:57.90379+00,2025-10-13,2025-10,CW42,13,P
2553,e13482df-ea57-4e1a-8d76-120b0b8f6c91,P,CW42,CW42,2025-10-14,2025-10-14,,EA,,2025-11-26 06:51:57.90379+00,7802c383-1ec0-41ae-9739-8ecc2faf327c,Task.xlsx,2025-11-26 06:51:57.90379+00,2025-11-26 06:51:57.90379+00,2025-10-14,2025-10,CW42,14,P
2554,e13482df-ea57-4e1a-8d76-120b0b8f6c91,P,CW42,CW42,2025-10-15,2025-10-15,,EA,,2025-11-26 06:51:57.90379+00,7802c383-1ec0-41ae-9739-8ecc2faf327c,Task.xlsx,2025-11-26 06:51:57.90379+00,2025-11-26 06:51:57.90379+00,2025-10-15,2025-10,CW42,15,P
2555,e13482df-ea57-4e1a-8d76-120b0b8f6c91,P,CW42,CW42,2025-10-16,2025-10-16,,EA,,2025-11-26 06:51:57.90379+00,7802c383-1ec0-41ae-9739-8ecc2faf327c,Task.xlsx,2025-11-26 06:51:57.90379+00,2025-11-26 06:51:57.90379+00,2025-10-16,2025-10,CW42,16,P
2556,e13482df-ea57-4e1a-8d76-120b0b8f6c91,P,CW42,CW42,2025-10-17,2025-10-17,,EA,,2025-11-26 06:51:57.90379+00,7802c383-1ec0-41ae-9739-8ecc2faf327c,Task.xlsx,2025-11-26 06:51:57.90379+00,2025-11-26 06:51:57.90379+00,2025-10-17,2025-10,CW42,17,P
2557,e13482df-ea57-4e1a-8d76-120b0b8f6c91,M,CW43,CW43,2025-10-24,2025-10-24,FPR,ED,,2025-11-26 06:51:57.90379+00,7802c383-1ec0-41ae-9739-8ecc2faf327c,Task.xlsx,2025-11-26 06:51:57.90379+00,2025-11-26 06:51:57.90379+00,2025-10-24,2025-10,CW43,24,M
2558,e13482df-ea57-4e1a-8d76-120b0b8f6c91,P,CW44,CW44,2025-10-27,2025-10-27,BPS Assessment,EA,,2025-11-26 06:51:57.90379+00,7802c383-1ec0-41ae-9739-8ecc2faf327c,Task.xlsx,2025-11-26 06:51:57.90379+00,2025-11-26 06:51:57.90379+00,2025-10-27,2025-10,CW44,27,P
2559,e13482df-ea57-4e1a-8d76-120b0b8f6c91,P,CW44,CW44,2025-10-28,2025-10-28,,EA,,2025-11-26 06:51:57.90379+00,7802c383-1ec0-41ae-9739-8ecc2faf327c,Task.xlsx,2025-11-26 06:51:57.90379+00,2025-11-26 06:51:57.90379+00,2025-10-28,2025-10,CW44,28,P
2560,e13482df-ea57-4e1a-8d76-120b0b8f6c91,P,CW44,CW44,2025-10-29,2025-10-29,,EA,,2025-11-26 06:51:57.90379+00,7802c383-1ec0-41ae-9739-8ecc2faf327c,Task.xlsx,2025-11-26 06:51:57.90379+00,2025-11-26 06:51:57.90379+00,2025-10-29,2025-10,CW44,29,P
2561,e13482df-ea57-4e1a-8d76-120b0b8f6c91,P,CW44,CW44,2025-10-30,2025-10-30,,EA,,2025-11-26 06:51:57.90379+00,7802c383-1ec0-41ae-9739-8ecc2faf327c,Task.xlsx,2025-11-26 06:51:57.90379+00,2025-11-26 06:51:57.90379+00,2025-10-30,2025-10,CW44,30,P
2562,e13482df-ea57-4e1a-8d76-120b0b8f6c91,P,CW44,CW44,2025-10-31,2025-10-31,,EA,,2025-11-26 06:51:57.90379+00,7802c383-1ec0-41ae-9739-8ecc2faf327c,Task.xlsx,2025-11-26 06:51:57.90379+00,2025-11-26 06:51:57.90379+00,2025-10-31,2025-10,CW44,31,P
2563,e13482df-ea57-4e1a-8d76-120b0b8f6c91,T,CW45,CW45,2025-11-06,2025-11-06,SMC,SCh,,2025-11-26 06:51:57.90379+00,7802c383-1ec0-41ae-9739-8ecc2faf327c,Task.xlsx,2025-11-26 06:51:57.90379+00,2025-11-26 06:51:57.90379+00,2025-11-06,2025-11,CW45,6,T
2564,e13482df-ea57-4e1a-8d76-120b0b8f6c91,P,CW46,CW46,2025-11-10,2025-11-10,i-BLI,EA,,2025-11-26 06:51:57.90379+00,7802c383-1ec0-41ae-9739-8ecc2faf327c,Task.xlsx,2025-11-26 06:51:57.90379+00,2025-11-26 06:51:57.90379+00,2025-11-10,2025-11,CW46,10,P
2565,e13482df-ea57-4e1a-8d76-120b0b8f6c91,P,CW46,CW46,2025-11-11,2025-11-11,,EA,,2025-11-26 06:51:57.90379+00,7802c383-1ec0-41ae-9739-8ecc2faf327c,Task.xlsx,2025-11-26 06:51:57.90379+00,2025-11-26 06:51:57.90379+00,2025-11-11,2025-11,CW46,11,P
2566,e13482df-ea57-4e1a-8d76-120b0b8f6c91,P,CW46,CW46,2025-11-12,2025-11-12,,EA,,2025-11-26 06:51:57.90379+00,7802c383-1ec0-41ae-9739-8ecc2faf327c,Task.xlsx,2025-11-26 06:51:57.90379+00,2025-11-26 06:51:57.90379+00,2025-11-12,2025-11,CW46,12,P
2567,e13482df-ea57-4e1a-8d76-120b0b8f6c91,P,CW46,CW46,2025-11-13,2025-11-13,,EA,,2025-11-26 06:51:57.90379+00,7802c383-1ec0-41ae-9739-8ecc2faf327c,Task.xlsx,2025-11-26 06:51:57.90379+00,2025-11-26 06:51:57.90379+00,2025-11-13,2025-11,CW46,13,P
2568,e13482df-ea57-4e1a-8d76-120b0b8f6c91,P,CW46,CW46,2025-11-14,2025-11-14,,EA,,2025-11-26 06:51:57.90379+00,7802c383-1ec0-41ae-9739-8ecc2faf327c,Task.xlsx,2025-11-26 06:51:57.90379+00,2025-11-26 06:51:57.90379+00,2025-11-14,2025-11,CW46,14,P
2569,e13482df-ea57-4e1a-8d76-120b0b8f6c91,P,CW47,CW47,2025-11-17,2025-11-17,BPS Assessment,EA,,2025-11-26 06:51:57.90379+00,7802c383-1ec0-41ae-9739-8ecc2faf327c,Task.xlsx,2025-11-26 06:51:57.90379+00,2025-11-26 06:51:57.90379+00,2025-11-17,2025-11,CW47,17,P
2570,e13482df-ea57-4e1a-8d76-120b0b8f6c91,P,CW47,CW47,2025-11-18,2025-11-18,,EA,,2025-11-26 06:51:57.90379+00,7802c383-1ec0-41ae-9739-8ecc2faf327c,Task.xlsx,2025-11-26 06:51:57.90379+00,2025-11-26 06:51:57.90379+00,2025-11-18,2025-11,CW47,18,P
2571,e13482df-ea57-4e1a-8d76-120b0b8f6c91,P,CW47,CW47,2025-11-19,2025-11-19,,EA,,2025-11-26 06:51:57.90379+00,7802c383-1ec0-41ae-9739-8ecc2faf327c,Task.xlsx,2025-11-26 06:51:57.90379+00,2025-11-26 06:51:57.90379+00,2025-11-19,2025-11,CW47,19,P
2572,e13482df-ea57-4e1a-8d76-120b0b8f6c91,P,CW47,CW47,2025-11-20,2025-11-20,,EA,,2025-11-26 06:51:57.90379+00,7802c383-1ec0-41ae-9739-8ecc2faf327c,Task.xlsx,2025-11-26 06:51:57.90379+00,2025-11-26 06:51:57.90379+00,2025-11-20,2025-11,CW47,20,P
2573,e13482df-ea57-4e1a-8d76-120b0b8f6c91,P,CW47,CW47,2025-11-21,2025-11-21,,EA,,2025-11-26 06:51:57.90379+00,7802c383-1ec0-41ae-9739-8ecc2faf327c,Task.xlsx,2025-11-26 06:51:57.90379+00,2025-11-26 06:51:57.90379+00,2025-11-21,2025-11,CW47,21,P
2574,e13482df-ea57-4e1a-8d76-120b0b8f6c91,P,CW48,CW48,2025-11-24,2025-11-24,BPS Assessment,EA,,2025-11-26 06:51:57.90379+00,7802c383-1ec0-41ae-9739-8ecc2faf327c,Task.xlsx,2025-11-26 06:51:57.90379+00,2025-11-26 06:51:57.90379+00,2025-11-24,2025-11,CW48,24,P
2575,e13482df-ea57-4e1a-8d76-120b0b8f6c91,P,CW48,CW48,2025-11-25,2025-11-25,,EA,,2025-11-26 06:51:57.90379+00,7802c383-1ec0-41ae-9739-8ecc2faf327c,Task.xlsx,2025-11-26 06:51:57.90379+00,2025-11-26 06:51:57.90379+00,2025-11-25,2025-11,CW48,25,P
2576,e13482df-ea57-4e1a-8d76-120b0b8f6c91,P,CW48,CW48,2025-11-26,2025-11-26,,EA,,2025-11-26 06:51:57.90379+00,7802c383-1ec0-41ae-9739-8ecc2faf327c,Task.xlsx,2025-11-26 06:51:57.90379+00,2025-11-26 06:51:57.90379+00,2025-11-26,2025-11,CW48,26,P
2577,e13482df-ea57-4e1a-8d76-120b0b8f6c91,P,CW48,CW48,2025-11-27,2025-11-27,,EA,,2025-11-26 06:51:57.90379+00,7802c383-1ec0-41ae-9739-8ecc2faf327c,Task.xlsx,2025-11-26 06:51:57.90379+00,2025-11-26 06:51:57.90379+00,2025-11-27,2025-11,CW48,27,P
2578,e13482df-ea57-4e1a-8d76-120b0b8f6c91,P,CW48,CW48,2025-11-28,2025-11-28,,EA,,2025-11-26 06:51:57.90379+00,7802c383-1ec0-41ae-9739-8ecc2faf327c,Task.xlsx,2025-11-26 06:51:57.90379+00,2025-11-26 06:51:57.90379+00,2025-11-28,2025-11,CW48,28,P
2579,e13482df-ea57-4e1a-8d76-120b0b8f6c91,P,CW49,CW49,2025-12-01,2025-12-01,BPS Assessment,EA,,2025-11-26 06:51:57.90379+00,7802c383-1ec0-41ae-9739-8ecc2faf327c,Task.xlsx,2025-11-26 06:51:57.90379+00,2025-11-26 06:51:57.90379+00,2025-12-01,2025-12,CW49,1,P
2580,e13482df-ea57-4e1a-8d76-120b0b8f6c91,P,CW49,CW49,2025-12-02,2025-12-02,,EA,,2025-11-26 06:51:57.90379+00,7802c383-1ec0-41ae-9739-8ecc2faf327c,Task.xlsx,2025-11-26 06:51:57.90379+00,2025-11-26 06:51:57.90379+00,2025-12-02,2025-12,CW49,2,P
2581,e13482df-ea57-4e1a-8d76-120b0b8f6c91,P,CW49,CW49,2025-12-03,2025-12-03,,EA,,2025-11-26 06:51:57.90379+00,7802c383-1ec0-41ae-9739-8ecc2faf327c,Task.xlsx,2025-11-26 06:51:57.90379+00,2025-11-26 06:51:57.90379+00,2025-12-03,2025-12,CW49,3,P
2582,e13482df-ea57-4e1a-8d76-120b0b8f6c91,P,CW49,CW49,2025-12-04,2025-12-04,,EA,,2025-11-26 06:51:57.90379+00,7802c383-1ec0-41ae-9739-8ecc2faf327c,Task.xlsx,2025-11-26 06:51:57.90379+00,2025-11-26 06:51:57.90379+00,2025-12-04,2025-12,CW49,4,P
2583,e13482df-ea57-4e1a-8d76-120b0b8f6c91,P,CW49,CW49,2025-12-05,2025-12-05,,EA,,2025-11-26 06:51:57.90379+00,7802c383-1ec0-41ae-9739-8ecc2faf327c,Task.xlsx,2025-11-26 06:51:57.90379+00,2025-11-26 06:51:57.90379+00,2025-12-05,2025-12,CW49,5,P
2584,e13482df-ea57-4e1a-8d76-120b0b8f6c91,L,CW51,CW51,2025-12-15,2025-12-15,Holiday,,,2025-11-26 06:51:57.90379+00,7802c383-1ec0-41ae-9739-8ecc2faf327c,Task.xlsx,2025-11-26 06:51:57.90379+00,2025-11-26 06:51:57.90379+00,2025-12-15,2025-12,CW51,15,L
2585,e13482df-ea57-4e1a-8d76-120b0b8f6c91,L,CW51,CW51,2025-12-16,2025-12-16,,,,2025-11-26 06:51:57.90379+00,7802c383-1ec0-41ae-9739-8ecc2faf327c,Task.xlsx,2025-11-26 06:51:57.90379+00,2025-11-26 06:51:57.90379+00,2025-12-16,2025-12,CW51,16,L
2586,e13482df-ea57-4e1a-8d76-120b0b8f6c91,L,CW51,CW51,2025-12-17,2025-12-17,,,,2025-11-26 06:51:57.90379+00,7802c383-1ec0-41ae-9739-8ecc2faf327c,Task.xlsx,2025-11-26 06:51:57.90379+00,2025-11-26 06:51:57.90379+00,2025-12-17,2025-12,CW51,17,L
2587,e13482df-ea57-4e1a-8d76-120b0b8f6c91,L,CW51,CW51,2025-12-18,2025-12-18,,,,2025-11-26 06:51:57.90379+00,7802c383-1ec0-41ae-9739-8ecc2faf327c,Task.xlsx,2025-11-26 06:51:57.90379+00,2025-11-26 06:51:57.90379+00,2025-12-18,2025-12,CW51,18,L
2588,e13482df-ea57-4e1a-8d76-120b0b8f6c91,L,CW51,CW51,2025-12-19,2025-12-19,,,,2025-11-26 06:51:57.90379+00,7802c383-1ec0-41ae-9739-8ecc2faf327c,Task.xlsx,2025-11-26 06:51:57.90379+00,2025-11-26 06:51:57.90379+00,2025-12-19,2025-12,CW51,19,L
2589,e13482df-ea57-4e1a-8d76-120b0b8f6c91,L,CW51,CW51,2025-12-20,2025-12-20,,,,2025-11-26 06:51:57.90379+00,7802c383-1ec0-41ae-9739-8ecc2faf327c,Task.xlsx,2025-11-26 06:51:57.90379+00,2025-11-26 06:51:57.90379+00,2025-12-20,2025-12,CW51,20,L
2590,e13482df-ea57-4e1a-8d76-120b0b8f6c91,L,CW51,CW51,2025-12-21,2025-12-21,,,,2025-11-26 06:51:57.90379+00,7802c383-1ec0-41ae-9739-8ecc2faf327c,Task.xlsx,2025-11-26 06:51:57.90379+00,2025-11-26 06:51:57.90379+00,2025-12-21,2025-12,CW51,21,L
2591,e13482df-ea57-4e1a-8d76-120b0b8f6c91,L,CW52,CW52,2025-12-22,2025-12-22,,,,2025-11-26 06:51:57.90379+00,7802c383-1ec0-41ae-9739-8ecc2faf327c,Task.xlsx,2025-11-26 06:51:57.90379+00,2025-11-26 06:51:57.90379+00,2025-12-22,2025-12,CW52,22,L
2592,e13482df-ea57-4e1a-8d76-120b0b8f6c91,L,CW52,CW52,2025-12-23,2025-12-23,,,,2025-11-26 06:51:57.90379+00,7802c383-1ec0-41ae-9739-8ecc2faf327c,Task.xlsx,2025-11-26 06:51:57.90379+00,2025-11-26 06:51:57.90379+00,2025-12-23,2025-12,CW52,23,L
2593,e13482df-ea57-4e1a-8d76-120b0b8f6c91,L,CW52,CW52,2025-12-24,2025-12-24,,,,2025-11-26 06:51:57.90379+00,7802c383-1ec0-41ae-9739-8ecc2faf327c,Task.xlsx,2025-11-26 06:51:57.90379+00,2025-11-26 06:51:57.90379+00,2025-12-24,2025-12,CW52,24,L
2594,e13482df-ea57-4e1a-8d76-120b0b8f6c91,L,CW52,CW52,2025-12-25,2025-12-25,,,,2025-11-26 06:51:57.90379+00,7802c383-1ec0-41ae-9739-8ecc2faf327c,Task.xlsx,2025-11-26 06:51:57.90379+00,2025-11-26 06:51:57.90379+00,2025-12-25,2025-12,CW52,25,L
2595,e13482df-ea57-4e1a-8d76-120b0b8f6c91,L,CW52,CW52,2025-12-26,2025-12-26,,,,2025-11-26 06:51:57.90379+00,7802c383-1ec0-41ae-9739-8ecc2faf327c,Task.xlsx,2025-11-26 06:51:57.90379+00,2025-11-26 06:51:57.90379+00,2025-12-26,2025-12,CW52,26,L
2596,e13482df-ea57-4e1a-8d76-120b0b8f6c91,L,CW52,CW52,2025-12-27,2025-12-27,,,,2025-11-26 06:51:57.90379+00,7802c383-1ec0-41ae-9739-8ecc2faf327c,Task.xlsx,2025-11-26 06:51:57.90379+00,2025-11-26 06:51:57.90379+00,2025-12-27,2025-12,CW52,27,L
2597,e13482df-ea57-4e1a-8d76-120b0b8f6c91,L,CW52,CW52,2025-12-28,2025-12-28,,,,2025-11-26 06:51:57.90379+00,7802c383-1ec0-41ae-9739-8ecc2faf327c,Task.xlsx,2025-11-26 06:51:57.90379+00,2025-11-26 06:51:57.90379+00,2025-12-28,2025-12,CW52,28,L
2598,e13482df-ea57-4e1a-8d76-120b0b8f6c91,L,CW52,CW52,2025-12-29,2025-12-29,,,,2025-11-26 06:51:57.90379+00,7802c383-1ec0-41ae-9739-8ecc2faf327c,Task.xlsx,2025-11-26 06:51:57.90379+00,2025-11-26 06:51:57.90379+00,2025-12-29,2025-12,CW01,29,L
2599,e13482df-ea57-4e1a-8d76-120b0b8f6c91,L,CW52,CW52,2025-12-30,2025-12-30,,,,2025-11-26 06:51:57.90379+00,7802c383-1ec0-41ae-9739-8ecc2faf327c,Task.xlsx,2025-11-26 06:51:57.90379+00,2025-11-26 06:51:57.90379+00,2025-12-30,2025-12,CW01,30,L
2600,e13482df-ea57-4e1a-8d76-120b0b8f6c91,L,CW52,CW52,2025-12-31,2025-12-31,,,,2025-11-26 06:51:57.90379+00,7802c383-1ec0-41ae-9739-8ecc2faf327c,Task.xlsx,2025-11-26 06:51:57.90379+00,2025-11-26 06:51:57.90379+00,2025-12-31,2025-12,CW01,31,L
2601,8024e7b4-d63a-4b3f-96e2-4ea60381b552,WS,CW01,CW01,2025-01-02,2025-01-02,,CG,,2025-11-26 06:51:57.90379+00,7802c383-1ec0-41ae-9739-8ecc2faf327c,Task.xlsx,2025-11-26 06:51:57.90379+00,2025-11-26 06:51:57.90379+00,2025-01-02,2025-01,CW01,2,WS
2602,8024e7b4-d63a-4b3f-96e2-4ea60381b552,M,CW01,CW01,2025-01-03,2025-01-03,,CG,,2025-11-26 06:51:57.90379+00,7802c383-1ec0-41ae-9739-8ecc2faf327c,Task.xlsx,2025-11-26 06:51:57.90379+00,2025-11-26 06:51:57.90379+00,2025-01-03,2025-01,CW01,3,M
2603,8024e7b4-d63a-4b3f-96e2-4ea60381b552,M,CW02,CW02,2025-01-06,2025-01-06,,CG,,2025-11-26 06:51:57.90379+00,7802c383-1ec0-41ae-9739-8ecc2faf327c,Task.xlsx,2025-11-26 06:51:57.90379+00,2025-11-26 06:51:57.90379+00,2025-01-06,2025-01,CW02,6,M
2604,8024e7b4-d63a-4b3f-96e2-4ea60381b552,WS,CW02,CW02,2025-01-07,2025-01-07,,CG,,2025-11-26 06:51:57.90379+00,7802c383-1ec0-41ae-9739-8ecc2faf327c,Task.xlsx,2025-11-26 06:51:57.90379+00,2025-11-26 06:51:57.90379+00,2025-01-07,2025-01,CW02,7,WS
2605,8024e7b4-d63a-4b3f-96e2-4ea60381b552,C,CW02,CW02,2025-01-08,2025-01-08,,CG,,2025-11-26 06:51:57.90379+00,7802c383-1ec0-41ae-9739-8ecc2faf327c,Task.xlsx,2025-11-26 06:51:57.90379+00,2025-11-26 06:51:57.90379+00,2025-01-08,2025-01,CW02,8,C
2606,8024e7b4-d63a-4b3f-96e2-4ea60381b552,WS,CW02,CW02,2025-01-09,2025-01-09,,LN,,2025-11-26 06:51:57.90379+00,7802c383-1ec0-41ae-9739-8ecc2faf327c,Task.xlsx,2025-11-26 06:51:57.90379+00,2025-11-26 06:51:57.90379+00,2025-01-09,2025-01,CW02,9,WS
2607,8024e7b4-d63a-4b3f-96e2-4ea60381b552,M,CW02,CW02,2025-01-10,2025-01-10,,CG,,2025-11-26 06:51:57.90379+00,7802c383-1ec0-41ae-9739-8ecc2faf327c,Task.xlsx,2025-11-26 06:51:57.90379+00,2025-11-26 06:51:57.90379+00,2025-01-10,2025-01,CW02,10,M
2608,8024e7b4-d63a-4b3f-96e2-4ea60381b552,WS,CW03,CW03,2025-01-13,2025-01-13,,CG,,2025-11-26 06:51:57.90379+00,7802c383-1ec0-41ae-9739-8ecc2faf327c,Task.xlsx,2025-11-26 06:51:57.90379+00,2025-11-26 06:51:57.90379+00,2025-01-13,2025-01,CW03,13,WS
2609,8024e7b4-d63a-4b3f-96e2-4ea60381b552,WS,CW03,CW03,2025-01-14,2025-01-14,,CG,,2025-11-26 06:51:57.90379+00,7802c383-1ec0-41ae-9739-8ecc2faf327c,Task.xlsx,2025-11-26 06:51:57.90379+00,2025-11-26 06:51:57.90379+00,2025-01-14,2025-01,CW03,14,WS
2610,8024e7b4-d63a-4b3f-96e2-4ea60381b552,WS,CW03,CW03,2025-01-15,2025-01-15,,CG,,2025-11-26 06:51:57.90379+00,7802c383-1ec0-41ae-9739-8ecc2faf327c,Task.xlsx,2025-11-26 06:51:57.90379+00,2025-11-26 06:51:57.90379+00,2025-01-15,2025-01,CW03,15,WS
2611,8024e7b4-d63a-4b3f-96e2-4ea60381b552,M,CW03,CW03,2025-01-16,2025-01-16,,EA,,2025-11-26 06:51:57.90379+00,7802c383-1ec0-41ae-9739-8ecc2faf327c,Task.xlsx,2025-11-26 06:51:57.90379+00,2025-11-26 06:51:57.90379+00,2025-01-16,2025-01,CW03,16,M
2612,8024e7b4-d63a-4b3f-96e2-4ea60381b552,M,CW03,CW03,2025-01-17,2025-01-17,,EA,,2025-11-26 06:51:57.90379+00,7802c383-1ec0-41ae-9739-8ecc2faf327c,Task.xlsx,2025-11-26 06:51:57.90379+00,2025-11-26 06:51:57.90379+00,2025-01-17,2025-01,CW03,17,M
2613,8024e7b4-d63a-4b3f-96e2-4ea60381b552,SD,CW04,CW04,2025-01-20,2025-01-20,,EA,,2025-11-26 06:51:57.90379+00,7802c383-1ec0-41ae-9739-8ecc2faf327c,Task.xlsx,2025-11-26 06:51:57.90379+00,2025-11-26 06:51:57.90379+00,2025-01-20,2025-01,CW04,20,SD
2614,8024e7b4-d63a-4b3f-96e2-4ea60381b552,M,CW04,CW04,2025-01-21,2025-01-21,,CG,,2025-11-26 06:51:57.90379+00,7802c383-1ec0-41ae-9739-8ecc2faf327c,Task.xlsx,2025-11-26 06:51:57.90379+00,2025-11-26 06:51:57.90379+00,2025-01-21,2025-01,CW04,21,M
2615,8024e7b4-d63a-4b3f-96e2-4ea60381b552,M,CW04,CW04,2025-01-22,2025-01-22,,CG,,2025-11-26 06:51:57.90379+00,7802c383-1ec0-41ae-9739-8ecc2faf327c,Task.xlsx,2025-11-26 06:51:57.90379+00,2025-11-26 06:51:57.90379+00,2025-01-22,2025-01,CW04,22,M
2616,8024e7b4-d63a-4b3f-96e2-4ea60381b552,SD,CW04,CW04,2025-01-23,2025-01-23,,EA,,2025-11-26 06:51:57.90379+00,7802c383-1ec0-41ae-9739-8ecc2faf327c,Task.xlsx,2025-11-26 06:51:57.90379+00,2025-11-26 06:51:57.90379+00,2025-01-23,2025-01,CW04,23,SD
2617,8024e7b4-d63a-4b3f-96e2-4ea60381b552,SD,CW04,CW04,2025-01-24,2025-01-24,,EA,,2025-11-26 06:51:57.90379+00,7802c383-1ec0-41ae-9739-8ecc2faf327c,Task.xlsx,2025-11-26 06:51:57.90379+00,2025-11-26 06:51:57.90379+00,2025-01-24,2025-01,CW04,24,SD
2618,8024e7b4-d63a-4b3f-96e2-4ea60381b552,SD,CW04,CW04,2025-01-25,2025-01-25,,EA,,2025-11-26 06:51:57.90379+00,7802c383-1ec0-41ae-9739-8ecc2faf327c,Task.xlsx,2025-11-26 06:51:57.90379+00,2025-11-26 06:51:57.90379+00,2025-01-25,2025-01,CW04,25,SD
2619,8024e7b4-d63a-4b3f-96e2-4ea60381b552,SD,CW04,CW04,2025-01-26,2025-01-26,,EA,,2025-11-26 06:51:57.90379+00,7802c383-1ec0-41ae-9739-8ecc2faf327c,Task.xlsx,2025-11-26 06:51:57.90379+00,2025-11-26 06:51:57.90379+00,2025-01-26,2025-01,CW04,26,SD
2620,8024e7b4-d63a-4b3f-96e2-4ea60381b552,SD,CW05,CW05,2025-01-27,2025-01-27,,EA,,2025-11-26 06:51:57.90379+00,7802c383-1ec0-41ae-9739-8ecc2faf327c,Task.xlsx,2025-11-26 06:51:57.90379+00,2025-11-26 06:51:57.90379+00,2025-01-27,2025-01,CW05,27,SD
2621,8024e7b4-d63a-4b3f-96e2-4ea60381b552,SD,CW05,CW05,2025-01-28,2025-01-28,,EA,,2025-11-26 06:51:57.90379+00,7802c383-1ec0-41ae-9739-8ecc2faf327c,Task.xlsx,2025-11-26 06:51:57.90379+00,2025-11-26 06:51:57.90379+00,2025-01-28,2025-01,CW05,28,SD
2622,8024e7b4-d63a-4b3f-96e2-4ea60381b552,SD,CW05,CW05,2025-01-29,2025-01-29,,EA,,2025-11-26 06:51:57.90379+00,7802c383-1ec0-41ae-9739-8ecc2faf327c,Task.xlsx,2025-11-26 06:51:57.90379+00,2025-11-26 06:51:57.90379+00,2025-01-29,2025-01,CW05,29,SD
2623,8024e7b4-d63a-4b3f-96e2-4ea60381b552,SD,CW05,CW05,2025-01-30,2025-01-30,,EA,,2025-11-26 06:51:57.90379+00,7802c383-1ec0-41ae-9739-8ecc2faf327c,Task.xlsx,2025-11-26 06:51:57.90379+00,2025-11-26 06:51:57.90379+00,2025-01-30,2025-01,CW05,30,SD
2624,8024e7b4-d63a-4b3f-96e2-4ea60381b552,SD,CW05,CW05,2025-01-31,2025-01-31,,EA,,2025-11-26 06:51:57.90379+00,7802c383-1ec0-41ae-9739-8ecc2faf327c,Task.xlsx,2025-11-26 06:51:57.90379+00,2025-11-26 06:51:57.90379+00,2025-01-31,2025-01,CW05,31,SD
2625,8024e7b4-d63a-4b3f-96e2-4ea60381b552,SD,CW05,CW05,2025-02-01,2025-02-01,,EA,,2025-11-26 06:51:57.90379+00,7802c383-1ec0-41ae-9739-8ecc2faf327c,Task.xlsx,2025-11-26 06:51:57.90379+00,2025-11-26 06:51:57.90379+00,2025-02-01,2025-02,CW05,1,SD
2626,8024e7b4-d63a-4b3f-96e2-4ea60381b552,SD,CW05,CW05,2025-02-02,2025-02-02,,EA,,2025-11-26 06:51:57.90379+00,7802c383-1ec0-41ae-9739-8ecc2faf327c,Task.xlsx,2025-11-26 06:51:57.90379+00,2025-11-26 06:51:57.90379+00,2025-02-02,2025-02,CW05,2,SD
2627,8024e7b4-d63a-4b3f-96e2-4ea60381b552,SD,CW06,CW06,2025-02-03,2025-02-03,,EA,,2025-11-26 06:51:57.90379+00,7802c383-1ec0-41ae-9739-8ecc2faf327c,Task.xlsx,2025-11-26 06:51:57.90379+00,2025-11-26 06:51:57.90379+00,2025-02-03,2025-02,CW06,3,SD
2628,8024e7b4-d63a-4b3f-96e2-4ea60381b552,SD,CW06,CW06,2025-02-04,2025-02-04,,EA,,2025-11-26 06:51:57.90379+00,7802c383-1ec0-41ae-9739-8ecc2faf327c,Task.xlsx,2025-11-26 06:51:57.90379+00,2025-11-26 06:51:57.90379+00,2025-02-04,2025-02,CW06,4,SD
2629,8024e7b4-d63a-4b3f-96e2-4ea60381b552,SD,CW06,CW06,2025-02-05,2025-02-05,,EA,,2025-11-26 06:51:57.90379+00,7802c383-1ec0-41ae-9739-8ecc2faf327c,Task.xlsx,2025-11-26 06:51:57.90379+00,2025-11-26 06:51:57.90379+00,2025-02-05,2025-02,CW06,5,SD
2630,8024e7b4-d63a-4b3f-96e2-4ea60381b552,SD,CW06,CW06,2025-02-06,2025-02-06,,EA,,2025-11-26 06:51:57.90379+00,7802c383-1ec0-41ae-9739-8ecc2faf327c,Task.xlsx,2025-11-26 06:51:57.90379+00,2025-11-26 06:51:57.90379+00,2025-02-06,2025-02,CW06,6,SD
2631,8024e7b4-d63a-4b3f-96e2-4ea60381b552,SD,CW06,CW06,2025-02-07,2025-02-07,,EA,,2025-11-26 06:51:57.90379+00,7802c383-1ec0-41ae-9739-8ecc2faf327c,Task.xlsx,2025-11-26 06:51:57.90379+00,2025-11-26 06:51:57.90379+00,2025-02-07,2025-02,CW06,7,SD
2632,8024e7b4-d63a-4b3f-96e2-4ea60381b552,WS,CW06,CW06,2025-02-08,2025-02-08,,CG,,2025-11-26 06:51:57.90379+00,7802c383-1ec0-41ae-9739-8ecc2faf327c,Task.xlsx,2025-11-26 06:51:57.90379+00,2025-11-26 06:51:57.90379+00,2025-02-08,2025-02,CW06,8,WS
2633,8024e7b4-d63a-4b3f-96e2-4ea60381b552,M,CW07,CW07,2025-02-10,2025-02-10,VSD,LN,,2025-11-26 06:51:57.90379+00,7802c383-1ec0-41ae-9739-8ecc2faf327c,Task.xlsx,2025-11-26 06:51:57.90379+00,2025-11-26 06:51:57.90379+00,2025-02-10,2025-02,CW07,10,M
2634,8024e7b4-d63a-4b3f-96e2-4ea60381b552,M,CW07,CW07,2025-02-11,2025-02-11,P&R,LN,,2025-11-26 06:51:57.90379+00,7802c383-1ec0-41ae-9739-8ecc2faf327c,Task.xlsx,2025-11-26 06:51:57.90379+00,2025-11-26 06:51:57.90379+00,2025-02-11,2025-02,CW07,11,M
2635,8024e7b4-d63a-4b3f-96e2-4ea60381b552,WS,CW07,CW07,2025-02-12,2025-02-12,VSD/LLD/FOL,CG,,2025-11-26 06:51:57.90379+00,7802c383-1ec0-41ae-9739-8ecc2faf327c,Task.xlsx,2025-11-26 06:51:57.90379+00,2025-11-26 06:51:57.90379+00,2025-02-12,2025-02,CW07,12,WS
2636,8024e7b4-d63a-4b3f-96e2-4ea60381b552,WS,CW07,CW07,2025-02-13,2025-02-13,,CG,,2025-11-26 06:51:57.90379+00,7802c383-1ec0-41ae-9739-8ecc2faf327c,Task.xlsx,2025-11-26 06:51:57.90379+00,2025-11-26 06:51:57.90379+00,2025-02-13,2025-02,CW07,13,WS
2637,8024e7b4-d63a-4b3f-96e2-4ea60381b552,WS,CW07,CW07,2025-02-14,2025-02-14,,CG,,2025-11-26 06:51:57.90379+00,7802c383-1ec0-41ae-9739-8ecc2faf327c,Task.xlsx,2025-11-26 06:51:57.90379+00,2025-11-26 06:51:57.90379+00,2025-02-14,2025-02,CW07,14,WS
2638,8024e7b4-d63a-4b3f-96e2-4ea60381b552,SD,CW08,CW08,2025-02-17,2025-02-17,,EA,,2025-11-26 06:51:57.90379+00,7802c383-1ec0-41ae-9739-8ecc2faf327c,Task.xlsx,2025-11-26 06:51:57.90379+00,2025-11-26 06:51:57.90379+00,2025-02-17,2025-02,CW08,17,SD
2639,8024e7b4-d63a-4b3f-96e2-4ea60381b552,M,CW08,CW08,2025-02-18,2025-02-18,,CL,,2025-11-26 06:51:57.90379+00,7802c383-1ec0-41ae-9739-8ecc2faf327c,Task.xlsx,2025-11-26 06:51:57.90379+00,2025-11-26 06:51:57.90379+00,2025-02-18,2025-02,CW08,18,M
2640,8024e7b4-d63a-4b3f-96e2-4ea60381b552,M,CW08,CW08,2025-02-19,2025-02-19,,CG,,2025-11-26 06:51:57.90379+00,7802c383-1ec0-41ae-9739-8ecc2faf327c,Task.xlsx,2025-11-26 06:51:57.90379+00,2025-11-26 06:51:57.90379+00,2025-02-19,2025-02,CW08,19,M
2641,8024e7b4-d63a-4b3f-96e2-4ea60381b552,SD,CW08,CW08,2025-02-20,2025-02-20,,EA,,2025-11-26 06:51:57.90379+00,7802c383-1ec0-41ae-9739-8ecc2faf327c,Task.xlsx,2025-11-26 06:51:57.90379+00,2025-11-26 06:51:57.90379+00,2025-02-20,2025-02,CW08,20,SD
2642,8024e7b4-d63a-4b3f-96e2-4ea60381b552,WS,CW08,CW08,2025-02-21,2025-02-21,VSD,CL,,2025-11-26 06:51:57.90379+00,7802c383-1ec0-41ae-9739-8ecc2faf327c,Task.xlsx,2025-11-26 06:51:57.90379+00,2025-11-26 06:51:57.90379+00,2025-02-21,2025-02,CW08,21,WS
2643,8024e7b4-d63a-4b3f-96e2-4ea60381b552,SW,CW09,CW09,2025-02-24,2025-02-24,QCO,CL,,2025-11-26 06:51:57.90379+00,7802c383-1ec0-41ae-9739-8ecc2faf327c,Task.xlsx,2025-11-26 06:51:57.90379+00,2025-11-26 06:51:57.90379+00,2025-02-24,2025-02,CW09,24,SW
2644,8024e7b4-d63a-4b3f-96e2-4ea60381b552,SW,CW09,CW09,2025-02-25,2025-02-25,,CL,,2025-11-26 06:51:57.90379+00,7802c383-1ec0-41ae-9739-8ecc2faf327c,Task.xlsx,2025-11-26 06:51:57.90379+00,2025-11-26 06:51:57.90379+00,2025-02-25,2025-02,CW09,25,SW
2645,8024e7b4-d63a-4b3f-96e2-4ea60381b552,SW,CW09,CW09,2025-02-26,2025-02-26,,CL,,2025-11-26 06:51:57.90379+00,7802c383-1ec0-41ae-9739-8ecc2faf327c,Task.xlsx,2025-11-26 06:51:57.90379+00,2025-11-26 06:51:57.90379+00,2025-02-26,2025-02,CW09,26,SW
2646,8024e7b4-d63a-4b3f-96e2-4ea60381b552,SW,CW09,CW09,2025-02-27,2025-02-27,,CL,,2025-11-26 06:51:57.90379+00,7802c383-1ec0-41ae-9739-8ecc2faf327c,Task.xlsx,2025-11-26 06:51:57.90379+00,2025-11-26 06:51:57.90379+00,2025-02-27,2025-02,CW09,27,SW
2647,8024e7b4-d63a-4b3f-96e2-4ea60381b552,SW,CW09,CW09,2025-02-28,2025-02-28,,CL,,2025-11-26 06:51:57.90379+00,7802c383-1ec0-41ae-9739-8ecc2faf327c,Task.xlsx,2025-11-26 06:51:57.90379+00,2025-11-26 06:51:57.90379+00,2025-02-28,2025-02,CW09,28,SW
2648,8024e7b4-d63a-4b3f-96e2-4ea60381b552,WS,CW10,CW10,2025-03-03,2025-03-03,VSD,CL,,2025-11-26 06:51:57.90379+00,7802c383-1ec0-41ae-9739-8ecc2faf327c,Task.xlsx,2025-11-26 06:51:57.90379+00,2025-11-26 06:51:57.90379+00,2025-03-03,2025-03,CW10,3,WS
2649,8024e7b4-d63a-4b3f-96e2-4ea60381b552,WS,CW10,CW10,2025-03-04,2025-03-04,P&R,CL,,2025-11-26 06:51:57.90379+00,7802c383-1ec0-41ae-9739-8ecc2faf327c,Task.xlsx,2025-11-26 06:51:57.90379+00,2025-11-26 06:51:57.90379+00,2025-03-04,2025-03,CW10,4,WS
2650,8024e7b4-d63a-4b3f-96e2-4ea60381b552,WS,CW10,CW10,2025-03-05,2025-03-05,FOL,CL,,2025-11-26 06:51:57.90379+00,7802c383-1ec0-41ae-9739-8ecc2faf327c,Task.xlsx,2025-11-26 06:51:57.90379+00,2025-11-26 06:51:57.90379+00,2025-03-05,2025-03,CW10,5,WS
2651,8024e7b4-d63a-4b3f-96e2-4ea60381b552,WS,CW11,CW11,2025-03-10,2025-03-10,LLD,LN,,2025-11-26 06:51:57.90379+00,7802c383-1ec0-41ae-9739-8ecc2faf327c,Task.xlsx,2025-11-26 06:51:57.90379+00,2025-11-26 06:51:57.90379+00,2025-03-10,2025-03,CW11,10,WS
2652,8024e7b4-d63a-4b3f-96e2-4ea60381b552,WS,CW11,CW11,2025-03-11,2025-03-11,,LN,,2025-11-26 06:51:57.90379+00,7802c383-1ec0-41ae-9739-8ecc2faf327c,Task.xlsx,2025-11-26 06:51:57.90379+00,2025-11-26 06:51:57.90379+00,2025-03-11,2025-03,CW11,11,WS
2653,8024e7b4-d63a-4b3f-96e2-4ea60381b552,WS,CW11,CW11,2025-03-12,2025-03-12,,LN,,2025-11-26 06:51:57.90379+00,7802c383-1ec0-41ae-9739-8ecc2faf327c,Task.xlsx,2025-11-26 06:51:57.90379+00,2025-11-26 06:51:57.90379+00,2025-03-12,2025-03,CW11,12,WS
2654,8024e7b4-d63a-4b3f-96e2-4ea60381b552,WS,CW11,CW11,2025-03-13,2025-03-13,,LN,,2025-11-26 06:51:57.90379+00,7802c383-1ec0-41ae-9739-8ecc2faf327c,Task.xlsx,2025-11-26 06:51:57.90379+00,2025-11-26 06:51:57.90379+00,2025-03-13,2025-03,CW11,13,WS
2655,8024e7b4-d63a-4b3f-96e2-4ea60381b552,WS,CW11,CW11,2025-03-14,2025-03-14,,LN,,2025-11-26 06:51:57.90379+00,7802c383-1ec0-41ae-9739-8ecc2faf327c,Task.xlsx,2025-11-26 06:51:57.90379+00,2025-11-26 06:51:57.90379+00,2025-03-14,2025-03,CW11,14,WS
2656,8024e7b4-d63a-4b3f-96e2-4ea60381b552,WS,CW12,CW12,2025-03-17,2025-03-17,LLD,LN,,2025-11-26 06:51:57.90379+00,7802c383-1ec0-41ae-9739-8ecc2faf327c,Task.xlsx,2025-11-26 06:51:57.90379+00,2025-11-26 06:51:57.90379+00,2025-03-17,2025-03,CW12,17,WS
2657,8024e7b4-d63a-4b3f-96e2-4ea60381b552,P,CW12,CW12,2025-03-18,2025-03-18,Nidec CVSE,SU,,2025-11-26 06:51:57.90379+00,7802c383-1ec0-41ae-9739-8ecc2faf327c,Task.xlsx,2025-11-26 06:51:57.90379+00,2025-11-26 06:51:57.90379+00,2025-03-18,2025-03,CW12,18,P
2658,8024e7b4-d63a-4b3f-96e2-4ea60381b552,P,CW12,CW12,2025-03-19,2025-03-19,,SU,,2025-11-26 06:51:57.90379+00,7802c383-1ec0-41ae-9739-8ecc2faf327c,Task.xlsx,2025-11-26 06:51:57.90379+00,2025-11-26 06:51:57.90379+00,2025-03-19,2025-03,CW12,19,P
2659,8024e7b4-d63a-4b3f-96e2-4ea60381b552,P,CW12,CW12,2025-03-20,2025-03-20,,SU,,2025-11-26 06:51:57.90379+00,7802c383-1ec0-41ae-9739-8ecc2faf327c,Task.xlsx,2025-11-26 06:51:57.90379+00,2025-11-26 06:51:57.90379+00,2025-03-20,2025-03,CW12,20,P
2660,8024e7b4-d63a-4b3f-96e2-4ea60381b552,P,CW12,CW12,2025-03-21,2025-03-21,,SU,,2025-11-26 06:51:57.90379+00,7802c383-1ec0-41ae-9739-8ecc2faf327c,Task.xlsx,2025-11-26 06:51:57.90379+00,2025-11-26 06:51:57.90379+00,2025-03-21,2025-03,CW12,21,P
2661,8024e7b4-d63a-4b3f-96e2-4ea60381b552,WS,CW13,CW13,2025-03-24,2025-03-24,FOL,LC,,2025-11-26 06:51:57.90379+00,7802c383-1ec0-41ae-9739-8ecc2faf327c,Task.xlsx,2025-11-26 06:51:57.90379+00,2025-11-26 06:51:57.90379+00,2025-03-24,2025-03,CW13,24,WS
2662,8024e7b4-d63a-4b3f-96e2-4ea60381b552,T,CW13,CW13,2025-03-25,2025-03-25,Calibration GPD-BEP,online-Teams,,2025-11-26 06:51:57.90379+00,7802c383-1ec0-41ae-9739-8ecc2faf327c,Task.xlsx,2025-11-26 06:51:57.90379+00,2025-11-26 06:51:57.90379+00,2025-03-25,2025-03,CW13,25,T
2663,8024e7b4-d63a-4b3f-96e2-4ea60381b552,T,CW13,CW13,2025-03-26,2025-03-26,,,,2025-11-26 06:51:57.90379+00,7802c383-1ec0-41ae-9739-8ecc2faf327c,Task.xlsx,2025-11-26 06:51:57.90379+00,2025-11-26 06:51:57.90379+00,2025-03-26,2025-03,CW13,26,T
2664,8024e7b4-d63a-4b3f-96e2-4ea60381b552,M,CW13,CW13,2025-03-27,2025-03-27,,,,2025-11-26 06:51:57.90379+00,7802c383-1ec0-41ae-9739-8ecc2faf327c,Task.xlsx,2025-11-26 06:51:57.90379+00,2025-11-26 06:51:57.90379+00,2025-03-27,2025-03,CW13,27,M
2665,8024e7b4-d63a-4b3f-96e2-4ea60381b552,M,CW13,CW13,2025-03-28,2025-03-28,,,,2025-11-26 06:51:57.90379+00,7802c383-1ec0-41ae-9739-8ecc2faf327c,Task.xlsx,2025-11-26 06:51:57.90379+00,2025-11-26 06:51:57.90379+00,2025-03-28,2025-03,CW13,28,M
2666,8024e7b4-d63a-4b3f-96e2-4ea60381b552,T,CW14,CW14,2025-04-01,2025-04-01,,R&D,,2025-11-26 06:51:57.90379+00,7802c383-1ec0-41ae-9739-8ecc2faf327c,Task.xlsx,2025-11-26 06:51:57.90379+00,2025-11-26 06:51:57.90379+00,2025-04-01,2025-04,CW14,1,T
2667,8024e7b4-d63a-4b3f-96e2-4ea60381b552,M,CW14,CW14,2025-04-02,2025-04-02,,HA,,2025-11-26 06:51:57.90379+00,7802c383-1ec0-41ae-9739-8ecc2faf327c,Task.xlsx,2025-11-26 06:51:57.90379+00,2025-11-26 06:51:57.90379+00,2025-04-02,2025-04,CW14,2,M
2668,8024e7b4-d63a-4b3f-96e2-4ea60381b552,WS,CW14,CW14,2025-04-03,2025-04-03,LLD,LN,,2025-11-26 06:51:57.90379+00,7802c383-1ec0-41ae-9739-8ecc2faf327c,Task.xlsx,2025-11-26 06:51:57.90379+00,2025-11-26 06:51:57.90379+00,2025-04-03,2025-04,CW14,3,WS
2669,8024e7b4-d63a-4b3f-96e2-4ea60381b552,WS,CW15,CW15,2025-04-07,2025-04-07,LLD,LN,,2025-11-26 06:51:57.90379+00,7802c383-1ec0-41ae-9739-8ecc2faf327c,Task.xlsx,2025-11-26 06:51:57.90379+00,2025-11-26 06:51:57.90379+00,2025-04-07,2025-04,CW15,7,WS
2670,8024e7b4-d63a-4b3f-96e2-4ea60381b552,WS,CW15,CW15,2025-04-08,2025-04-08,PRA,CL,,2025-11-26 06:51:57.90379+00,7802c383-1ec0-41ae-9739-8ecc2faf327c,Task.xlsx,2025-11-26 06:51:57.90379+00,2025-11-26 06:51:57.90379+00,2025-04-08,2025-04,CW15,8,WS
2671,8024e7b4-d63a-4b3f-96e2-4ea60381b552,WS,CW15,CW15,2025-04-09,2025-04-09,DFMA,DC,,2025-11-26 06:51:57.90379+00,7802c383-1ec0-41ae-9739-8ecc2faf327c,Task.xlsx,2025-11-26 06:51:57.90379+00,2025-11-26 06:51:57.90379+00,2025-04-09,2025-04,CW15,9,WS
2672,8024e7b4-d63a-4b3f-96e2-4ea60381b552,WS,CW15,CW15,2025-04-10,2025-04-10,FOL,CL,,2025-11-26 06:51:57.90379+00,7802c383-1ec0-41ae-9739-8ecc2faf327c,Task.xlsx,2025-11-26 06:51:57.90379+00,2025-11-26 06:51:57.90379+00,2025-04-10,2025-04,CW15,10,WS
2673,8024e7b4-d63a-4b3f-96e2-4ea60381b552,WS,CW15,CW15,2025-04-11,2025-04-11,,CL,,2025-11-26 06:51:57.90379+00,7802c383-1ec0-41ae-9739-8ecc2faf327c,Task.xlsx,2025-11-26 06:51:57.90379+00,2025-11-26 06:51:57.90379+00,2025-04-11,2025-04,CW15,11,WS
2674,8024e7b4-d63a-4b3f-96e2-4ea60381b552,WS,CW16,CW16,2025-04-14,2025-04-14,LLD,LC,,2025-11-26 06:51:57.90379+00,7802c383-1ec0-41ae-9739-8ecc2faf327c,Task.xlsx,2025-11-26 06:51:57.90379+00,2025-11-26 06:51:57.90379+00,2025-04-14,2025-04,CW16,14,WS
2675,8024e7b4-d63a-4b3f-96e2-4ea60381b552,WS,CW16,CW16,2025-04-15,2025-04-15,,LC,,2025-11-26 06:51:57.90379+00,7802c383-1ec0-41ae-9739-8ecc2faf327c,Task.xlsx,2025-11-26 06:51:57.90379+00,2025-11-26 06:51:57.90379+00,2025-04-15,2025-04,CW16,15,WS
2676,8024e7b4-d63a-4b3f-96e2-4ea60381b552,WS,CW16,CW16,2025-04-16,2025-04-16,,LC,,2025-11-26 06:51:57.90379+00,7802c383-1ec0-41ae-9739-8ecc2faf327c,Task.xlsx,2025-11-26 06:51:57.90379+00,2025-11-26 06:51:57.90379+00,2025-04-16,2025-04,CW16,16,WS
2677,8024e7b4-d63a-4b3f-96e2-4ea60381b552,WS,CW16,CW16,2025-04-17,2025-04-17,,LC,,2025-11-26 06:51:57.90379+00,7802c383-1ec0-41ae-9739-8ecc2faf327c,Task.xlsx,2025-11-26 06:51:57.90379+00,2025-11-26 06:51:57.90379+00,2025-04-17,2025-04,CW16,17,WS
2678,8024e7b4-d63a-4b3f-96e2-4ea60381b552,WS,CW16,CW16,2025-04-18,2025-04-18,,LC,,2025-11-26 06:51:57.90379+00,7802c383-1ec0-41ae-9739-8ecc2faf327c,Task.xlsx,2025-11-26 06:51:57.90379+00,2025-11-26 06:51:57.90379+00,2025-04-18,2025-04,CW16,18,WS
2679,8024e7b4-d63a-4b3f-96e2-4ea60381b552,WS,CW17,CW17,2025-04-21,2025-04-21,,LC,,2025-11-26 06:51:57.90379+00,7802c383-1ec0-41ae-9739-8ecc2faf327c,Task.xlsx,2025-11-26 06:51:57.90379+00,2025-11-26 06:51:57.90379+00,2025-04-21,2025-04,CW17,21,WS
2680,8024e7b4-d63a-4b3f-96e2-4ea60381b552,T,CW17,CW17,2025-04-22,2025-04-22,,LC,,2025-11-26 06:51:57.90379+00,7802c383-1ec0-41ae-9739-8ecc2faf327c,Task.xlsx,2025-11-26 06:51:57.90379+00,2025-11-26 06:51:57.90379+00,2025-04-22,2025-04,CW17,22,T
2681,8024e7b4-d63a-4b3f-96e2-4ea60381b552,T,CW17,CW17,2025-04-23,2025-04-23,WAtS,LC,,2025-11-26 06:51:57.90379+00,7802c383-1ec0-41ae-9739-8ecc2faf327c,Task.xlsx,2025-11-26 06:51:57.90379+00,2025-11-26 06:51:57.90379+00,2025-04-23,2025-04,CW17,23,T
2682,8024e7b4-d63a-4b3f-96e2-4ea60381b552,T,CW17,CW17,2025-04-24,2025-04-24,,LC,,2025-11-26 06:51:57.90379+00,7802c383-1ec0-41ae-9739-8ecc2faf327c,Task.xlsx,2025-11-26 06:51:57.90379+00,2025-11-26 06:51:57.90379+00,2025-04-24,2025-04,CW17,24,T
2683,8024e7b4-d63a-4b3f-96e2-4ea60381b552,T,CW17,CW17,2025-04-25,2025-04-25,,LC,,2025-11-26 06:51:57.90379+00,7802c383-1ec0-41ae-9739-8ecc2faf327c,Task.xlsx,2025-11-26 06:51:57.90379+00,2025-11-26 06:51:57.90379+00,2025-04-25,2025-04,CW17,25,T
2684,8024e7b4-d63a-4b3f-96e2-4ea60381b552,T,CW17,CW17,2025-04-27,2025-04-27,WAS,LC,,2025-11-26 06:51:57.90379+00,7802c383-1ec0-41ae-9739-8ecc2faf327c,Task.xlsx,2025-11-26 06:51:57.90379+00,2025-11-26 06:51:57.90379+00,2025-04-27,2025-04,CW17,27,T
2685,8024e7b4-d63a-4b3f-96e2-4ea60381b552,T,CW18,CW18,2025-04-28,2025-04-28,,LC,,2025-11-26 06:51:57.90379+00,7802c383-1ec0-41ae-9739-8ecc2faf327c,Task.xlsx,2025-11-26 06:51:57.90379+00,2025-11-26 06:51:57.90379+00,2025-04-28,2025-04,CW18,28,T
2686,8024e7b4-d63a-4b3f-96e2-4ea60381b552,T,CW18,CW18,2025-04-29,2025-04-29,,LC,,2025-11-26 06:51:57.90379+00,7802c383-1ec0-41ae-9739-8ecc2faf327c,Task.xlsx,2025-11-26 06:51:57.90379+00,2025-11-26 06:51:57.90379+00,2025-04-29,2025-04,CW18,29,T
2687,8024e7b4-d63a-4b3f-96e2-4ea60381b552,M,CW18,CW18,2025-04-30,2025-04-30,,HO,,2025-11-26 06:51:57.90379+00,7802c383-1ec0-41ae-9739-8ecc2faf327c,Task.xlsx,2025-11-26 06:51:57.90379+00,2025-11-26 06:51:57.90379+00,2025-04-30,2025-04,CW18,30,M
2688,8024e7b4-d63a-4b3f-96e2-4ea60381b552,SD,CW19,CW19,2025-05-06,2025-05-06,,HA,,2025-11-26 06:51:57.90379+00,7802c383-1ec0-41ae-9739-8ecc2faf327c,Task.xlsx,2025-11-26 06:51:57.90379+00,2025-11-26 06:51:57.90379+00,2025-05-06,2025-05,CW19,6,SD
2689,8024e7b4-d63a-4b3f-96e2-4ea60381b552,T,CW19,CW19,2025-05-07,2025-05-07,PGL,CL,,2025-11-26 06:51:57.90379+00,7802c383-1ec0-41ae-9739-8ecc2faf327c,Task.xlsx,2025-11-26 06:51:57.90379+00,2025-11-26 06:51:57.90379+00,2025-05-07,2025-05,CW19,7,T
2690,8024e7b4-d63a-4b3f-96e2-4ea60381b552,WS,CW19,CW19,2025-05-08,2025-05-08,,LC,,2025-11-26 06:51:57.90379+00,7802c383-1ec0-41ae-9739-8ecc2faf327c,Task.xlsx,2025-11-26 06:51:57.90379+00,2025-11-26 06:51:57.90379+00,2025-05-08,2025-05,CW19,8,WS
2691,8024e7b4-d63a-4b3f-96e2-4ea60381b552,T,CW19,CW19,2025-05-09,2025-05-09,,LC,,2025-11-26 06:51:57.90379+00,7802c383-1ec0-41ae-9739-8ecc2faf327c,Task.xlsx,2025-11-26 06:51:57.90379+00,2025-11-26 06:51:57.90379+00,2025-05-09,2025-05,CW19,9,T
2692,8024e7b4-d63a-4b3f-96e2-4ea60381b552,T,CW20,CW20,2025-05-12,2025-05-12,WAtS,LC,,2025-11-26 06:51:57.90379+00,7802c383-1ec0-41ae-9739-8ecc2faf327c,Task.xlsx,2025-11-26 06:51:57.90379+00,2025-11-26 06:51:57.90379+00,2025-05-12,2025-05,CW20,12,T
2693,8024e7b4-d63a-4b3f-96e2-4ea60381b552,T,CW20,CW20,2025-05-13,2025-05-13,,LC,,2025-11-26 06:51:57.90379+00,7802c383-1ec0-41ae-9739-8ecc2faf327c,Task.xlsx,2025-11-26 06:51:57.90379+00,2025-11-26 06:51:57.90379+00,2025-05-13,2025-05,CW20,13,T
2694,8024e7b4-d63a-4b3f-96e2-4ea60381b552,T,CW20,CW20,2025-05-14,2025-05-14,,LC,,2025-11-26 06:51:57.90379+00,7802c383-1ec0-41ae-9739-8ecc2faf327c,Task.xlsx,2025-11-26 06:51:57.90379+00,2025-11-26 06:51:57.90379+00,2025-05-14,2025-05,CW20,14,T
2695,8024e7b4-d63a-4b3f-96e2-4ea60381b552,T,CW20,CW20,2025-05-15,2025-05-15,,LC,,2025-11-26 06:51:57.90379+00,7802c383-1ec0-41ae-9739-8ecc2faf327c,Task.xlsx,2025-11-26 06:51:57.90379+00,2025-11-26 06:51:57.90379+00,2025-05-15,2025-05,CW20,15,T
2696,8024e7b4-d63a-4b3f-96e2-4ea60381b552,T,CW20,CW20,2025-05-16,2025-05-16,,LC,,2025-11-26 06:51:57.90379+00,7802c383-1ec0-41ae-9739-8ecc2faf327c,Task.xlsx,2025-11-26 06:51:57.90379+00,2025-11-26 06:51:57.90379+00,2025-05-16,2025-05,CW20,16,T
2697,8024e7b4-d63a-4b3f-96e2-4ea60381b552,WS,CW21,CW21,2025-05-19,2025-05-19,PGL Summary,LC,,2025-11-26 06:51:57.90379+00,7802c383-1ec0-41ae-9739-8ecc2faf327c,Task.xlsx,2025-11-26 06:51:57.90379+00,2025-11-26 06:51:57.90379+00,2025-05-19,2025-05,CW21,19,WS
2698,8024e7b4-d63a-4b3f-96e2-4ea60381b552,M,CW21,CW21,2025-05-20,2025-05-20,,HA,,2025-11-26 06:51:57.90379+00,7802c383-1ec0-41ae-9739-8ecc2faf327c,Task.xlsx,2025-11-26 06:51:57.90379+00,2025-11-26 06:51:57.90379+00,2025-05-20,2025-05,CW21,20,M
2699,8024e7b4-d63a-4b3f-96e2-4ea60381b552,WS,CW21,CW21,2025-05-21,2025-05-21,VSD&LLD,CG,,2025-11-26 06:51:57.90379+00,7802c383-1ec0-41ae-9739-8ecc2faf327c,Task.xlsx,2025-11-26 06:51:57.90379+00,2025-11-26 06:51:57.90379+00,2025-05-21,2025-05,CW21,21,WS
2700,8024e7b4-d63a-4b3f-96e2-4ea60381b552,WS,CW21,CW21,2025-05-22,2025-05-22,,CG,,2025-11-26 06:51:57.90379+00,7802c383-1ec0-41ae-9739-8ecc2faf327c,Task.xlsx,2025-11-26 06:51:57.90379+00,2025-11-26 06:51:57.90379+00,2025-05-22,2025-05,CW21,22,WS
2701,8024e7b4-d63a-4b3f-96e2-4ea60381b552,WS,CW21,CW21,2025-05-23,2025-05-23,,CG,,2025-11-26 06:51:57.90379+00,7802c383-1ec0-41ae-9739-8ecc2faf327c,Task.xlsx,2025-11-26 06:51:57.90379+00,2025-11-26 06:51:57.90379+00,2025-05-23,2025-05,CW21,23,WS
2702,8024e7b4-d63a-4b3f-96e2-4ea60381b552,WS,CW22,CW22,2025-05-26,2025-05-26,VSD&LLD&FOL,DC,,2025-11-26 06:51:57.90379+00,7802c383-1ec0-41ae-9739-8ecc2faf327c,Task.xlsx,2025-11-26 06:51:57.90379+00,2025-11-26 06:51:57.90379+00,2025-05-26,2025-05,CW22,26,WS
2703,8024e7b4-d63a-4b3f-96e2-4ea60381b552,WS,CW22,CW22,2025-05-27,2025-05-27,,DC,,2025-11-26 06:51:57.90379+00,7802c383-1ec0-41ae-9739-8ecc2faf327c,Task.xlsx,2025-11-26 06:51:57.90379+00,2025-11-26 06:51:57.90379+00,2025-05-27,2025-05,CW22,27,WS
2704,8024e7b4-d63a-4b3f-96e2-4ea60381b552,WS,CW22,CW22,2025-05-28,2025-05-28,,DC,,2025-11-26 06:51:57.90379+00,7802c383-1ec0-41ae-9739-8ecc2faf327c,Task.xlsx,2025-11-26 06:51:57.90379+00,2025-11-26 06:51:57.90379+00,2025-05-28,2025-05,CW22,28,WS
2705,8024e7b4-d63a-4b3f-96e2-4ea60381b552,WS,CW22,CW22,2025-05-29,2025-05-29,,DC,,2025-11-26 06:51:57.90379+00,7802c383-1ec0-41ae-9739-8ecc2faf327c,Task.xlsx,2025-11-26 06:51:57.90379+00,2025-11-26 06:51:57.90379+00,2025-05-29,2025-05,CW22,29,WS
2706,8024e7b4-d63a-4b3f-96e2-4ea60381b552,WS,CW22,CW22,2025-05-30,2025-05-30,,DC,,2025-11-26 06:51:57.90379+00,7802c383-1ec0-41ae-9739-8ecc2faf327c,Task.xlsx,2025-11-26 06:51:57.90379+00,2025-11-26 06:51:57.90379+00,2025-05-30,2025-05,CW22,30,WS
2707,8024e7b4-d63a-4b3f-96e2-4ea60381b552,WS,CW23,CW23,2025-06-03,2025-06-03,VSD+FOL,CG,,2025-11-26 06:51:57.90379+00,7802c383-1ec0-41ae-9739-8ecc2faf327c,Task.xlsx,2025-11-26 06:51:57.90379+00,2025-11-26 06:51:57.90379+00,2025-06-03,2025-06,CW23,3,WS
2708,8024e7b4-d63a-4b3f-96e2-4ea60381b552,WS,CW23,CW23,2025-06-04,2025-06-04,,CG,,2025-11-26 06:51:57.90379+00,7802c383-1ec0-41ae-9739-8ecc2faf327c,Task.xlsx,2025-11-26 06:51:57.90379+00,2025-11-26 06:51:57.90379+00,2025-06-04,2025-06,CW23,4,WS
2709,8024e7b4-d63a-4b3f-96e2-4ea60381b552,WS,CW23,CW23,2025-06-05,2025-06-05,,CG,,2025-11-26 06:51:57.90379+00,7802c383-1ec0-41ae-9739-8ecc2faf327c,Task.xlsx,2025-11-26 06:51:57.90379+00,2025-11-26 06:51:57.90379+00,2025-06-05,2025-06,CW23,5,WS
2710,8024e7b4-d63a-4b3f-96e2-4ea60381b552,WS,CW23,CW23,2025-06-06,2025-06-06,,CG,,2025-11-26 06:51:57.90379+00,7802c383-1ec0-41ae-9739-8ecc2faf327c,Task.xlsx,2025-11-26 06:51:57.90379+00,2025-11-26 06:51:57.90379+00,2025-06-06,2025-06,CW23,6,WS
2711,8024e7b4-d63a-4b3f-96e2-4ea60381b552,WS,CW24,CW24,2025-06-09,2025-06-09,Assessment,LN,,2025-11-26 06:51:57.90379+00,7802c383-1ec0-41ae-9739-8ecc2faf327c,Task.xlsx,2025-11-26 06:51:57.90379+00,2025-11-26 06:51:57.90379+00,2025-06-09,2025-06,CW24,9,WS
2712,8024e7b4-d63a-4b3f-96e2-4ea60381b552,WS,CW24,CW24,2025-06-10,2025-06-10,,CL,,2025-11-26 06:51:57.90379+00,7802c383-1ec0-41ae-9739-8ecc2faf327c,Task.xlsx,2025-11-26 06:51:57.90379+00,2025-11-26 06:51:57.90379+00,2025-06-10,2025-06,CW24,10,WS
2713,8024e7b4-d63a-4b3f-96e2-4ea60381b552,T,CW24,CW24,2025-06-11,2025-06-11,LLD,LN,,2025-11-26 06:51:57.90379+00,7802c383-1ec0-41ae-9739-8ecc2faf327c,Task.xlsx,2025-11-26 06:51:57.90379+00,2025-11-26 06:51:57.90379+00,2025-06-11,2025-06,CW24,11,T
2714,8024e7b4-d63a-4b3f-96e2-4ea60381b552,T,CW24,CW24,2025-06-12,2025-06-12,FOL,LN,,2025-11-26 06:51:57.90379+00,7802c383-1ec0-41ae-9739-8ecc2faf327c,Task.xlsx,2025-11-26 06:51:57.90379+00,2025-11-26 06:51:57.90379+00,2025-06-12,2025-06,CW24,12,T
2715,8024e7b4-d63a-4b3f-96e2-4ea60381b552,M,CW25,CW25,2025-06-16,2025-06-16,,EA,,2025-11-26 06:51:57.90379+00,7802c383-1ec0-41ae-9739-8ecc2faf327c,Task.xlsx,2025-11-26 06:51:57.90379+00,2025-11-26 06:51:57.90379+00,2025-06-16,2025-06,CW25,16,M
2716,8024e7b4-d63a-4b3f-96e2-4ea60381b552,M,CW25,CW25,2025-06-17,2025-06-17,,EA,,2025-11-26 06:51:57.90379+00,7802c383-1ec0-41ae-9739-8ecc2faf327c,Task.xlsx,2025-11-26 06:51:57.90379+00,2025-11-26 06:51:57.90379+00,2025-06-17,2025-06,CW25,17,M
2717,8024e7b4-d63a-4b3f-96e2-4ea60381b552,T,CW25,CW25,2025-06-18,2025-06-18,VSM,EA,,2025-11-26 06:51:57.90379+00,7802c383-1ec0-41ae-9739-8ecc2faf327c,Task.xlsx,2025-11-26 06:51:57.90379+00,2025-11-26 06:51:57.90379+00,2025-06-18,2025-06,CW25,18,T
2718,8024e7b4-d63a-4b3f-96e2-4ea60381b552,T,CW25,CW25,2025-06-19,2025-06-19,,EA,,2025-11-26 06:51:57.90379+00,7802c383-1ec0-41ae-9739-8ecc2faf327c,Task.xlsx,2025-11-26 06:51:57.90379+00,2025-11-26 06:51:57.90379+00,2025-06-19,2025-06,CW25,19,T
2719,8024e7b4-d63a-4b3f-96e2-4ea60381b552,T,CW25,CW25,2025-06-20,2025-06-20,,EA,,2025-11-26 06:51:57.90379+00,7802c383-1ec0-41ae-9739-8ecc2faf327c,Task.xlsx,2025-11-26 06:51:57.90379+00,2025-11-26 06:51:57.90379+00,2025-06-20,2025-06,CW25,20,T
2720,8024e7b4-d63a-4b3f-96e2-4ea60381b552,T,CW26,CW26,2025-06-23,2025-06-23,,LC,,2025-11-26 06:51:57.90379+00,7802c383-1ec0-41ae-9739-8ecc2faf327c,Task.xlsx,2025-11-26 06:51:57.90379+00,2025-11-26 06:51:57.90379+00,2025-06-23,2025-06,CW26,23,T
2721,8024e7b4-d63a-4b3f-96e2-4ea60381b552,T,CW26,CW26,2025-06-24,2025-06-24,,LC,,2025-11-26 06:51:57.90379+00,7802c383-1ec0-41ae-9739-8ecc2faf327c,Task.xlsx,2025-11-26 06:51:57.90379+00,2025-11-26 06:51:57.90379+00,2025-06-24,2025-06,CW26,24,T
2722,8024e7b4-d63a-4b3f-96e2-4ea60381b552,T,CW26,CW26,2025-06-25,2025-06-25,WAtS,LC,,2025-11-26 06:51:57.90379+00,7802c383-1ec0-41ae-9739-8ecc2faf327c,Task.xlsx,2025-11-26 06:51:57.90379+00,2025-11-26 06:51:57.90379+00,2025-06-25,2025-06,CW26,25,T
2723,8024e7b4-d63a-4b3f-96e2-4ea60381b552,T,CW26,CW26,2025-06-26,2025-06-26,,LC,,2025-11-26 06:51:57.90379+00,7802c383-1ec0-41ae-9739-8ecc2faf327c,Task.xlsx,2025-11-26 06:51:57.90379+00,2025-11-26 06:51:57.90379+00,2025-06-26,2025-06,CW26,26,T
2724,8024e7b4-d63a-4b3f-96e2-4ea60381b552,T,CW26,CW26,2025-06-27,2025-06-27,,LC,,2025-11-26 06:51:57.90379+00,7802c383-1ec0-41ae-9739-8ecc2faf327c,Task.xlsx,2025-11-26 06:51:57.90379+00,2025-11-26 06:51:57.90379+00,2025-06-27,2025-06,CW26,27,T
2725,8024e7b4-d63a-4b3f-96e2-4ea60381b552,WS,CW27,CW27,2025-06-30,2025-06-30,VSD+LLD+FOL,LC,,2025-11-26 06:51:57.90379+00,7802c383-1ec0-41ae-9739-8ecc2faf327c,Task.xlsx,2025-11-26 06:51:57.90379+00,2025-11-26 06:51:57.90379+00,2025-06-30,2025-06,CW27,30,WS
2726,8024e7b4-d63a-4b3f-96e2-4ea60381b552,WS,CW27,CW27,2025-07-01,2025-07-01,,LC,,2025-11-26 06:51:57.90379+00,7802c383-1ec0-41ae-9739-8ecc2faf327c,Task.xlsx,2025-11-26 06:51:57.90379+00,2025-11-26 06:51:57.90379+00,2025-07-01,2025-07,CW27,1,WS
2727,8024e7b4-d63a-4b3f-96e2-4ea60381b552,WS,CW27,CW27,2025-07-02,2025-07-02,,LC,,2025-11-26 06:51:57.90379+00,7802c383-1ec0-41ae-9739-8ecc2faf327c,Task.xlsx,2025-11-26 06:51:57.90379+00,2025-11-26 06:51:57.90379+00,2025-07-02,2025-07,CW27,2,WS
2728,8024e7b4-d63a-4b3f-96e2-4ea60381b552,WS,CW27,CW27,2025-07-03,2025-07-03,,LC,,2025-11-26 06:51:57.90379+00,7802c383-1ec0-41ae-9739-8ecc2faf327c,Task.xlsx,2025-11-26 06:51:57.90379+00,2025-11-26 06:51:57.90379+00,2025-07-03,2025-07,CW27,3,WS
2729,8024e7b4-d63a-4b3f-96e2-4ea60381b552,WS,CW27,CW27,2025-07-04,2025-07-04,,LC,,2025-11-26 06:51:57.90379+00,7802c383-1ec0-41ae-9739-8ecc2faf327c,Task.xlsx,2025-11-26 06:51:57.90379+00,2025-11-26 06:51:57.90379+00,2025-07-04,2025-07,CW27,4,WS
2730,8024e7b4-d63a-4b3f-96e2-4ea60381b552,SD,CW28,CW28,2025-07-07,2025-07-07,,HA,,2025-11-26 06:51:57.90379+00,7802c383-1ec0-41ae-9739-8ecc2faf327c,Task.xlsx,2025-11-26 06:51:57.90379+00,2025-11-26 06:51:57.90379+00,2025-07-07,2025-07,CW28,7,SD
2731,8024e7b4-d63a-4b3f-96e2-4ea60381b552,SD,CW28,CW28,2025-07-08,2025-07-08,,HA,,2025-11-26 06:51:57.90379+00,7802c383-1ec0-41ae-9739-8ecc2faf327c,Task.xlsx,2025-11-26 06:51:57.90379+00,2025-11-26 06:51:57.90379+00,2025-07-08,2025-07,CW28,8,SD
2732,8024e7b4-d63a-4b3f-96e2-4ea60381b552,SD,CW28,CW28,2025-07-09,2025-07-09,,HA,,2025-11-26 06:51:57.90379+00,7802c383-1ec0-41ae-9739-8ecc2faf327c,Task.xlsx,2025-11-26 06:51:57.90379+00,2025-11-26 06:51:57.90379+00,2025-07-09,2025-07,CW28,9,SD
2733,8024e7b4-d63a-4b3f-96e2-4ea60381b552,SD,CW28,CW28,2025-07-10,2025-07-10,,HA,,2025-11-26 06:51:57.90379+00,7802c383-1ec0-41ae-9739-8ecc2faf327c,Task.xlsx,2025-11-26 06:51:57.90379+00,2025-11-26 06:51:57.90379+00,2025-07-10,2025-07,CW28,10,SD
2734,8024e7b4-d63a-4b3f-96e2-4ea60381b552,SD,CW28,CW28,2025-07-11,2025-07-11,,HA,,2025-11-26 06:51:57.90379+00,7802c383-1ec0-41ae-9739-8ecc2faf327c,Task.xlsx,2025-11-26 06:51:57.90379+00,2025-11-26 06:51:57.90379+00,2025-07-11,2025-07,CW28,11,SD
2735,8024e7b4-d63a-4b3f-96e2-4ea60381b552,T,CW29,CW29,2025-07-14,2025-07-14,FOL,LN,,2025-11-26 06:51:57.90379+00,7802c383-1ec0-41ae-9739-8ecc2faf327c,Task.xlsx,2025-11-26 06:51:57.90379+00,2025-11-26 06:51:57.90379+00,2025-07-14,2025-07,CW29,14,T
2736,8024e7b4-d63a-4b3f-96e2-4ea60381b552,T,CW29,CW29,2025-07-15,2025-07-15,P&RA,LN,,2025-11-26 06:51:57.90379+00,7802c383-1ec0-41ae-9739-8ecc2faf327c,Task.xlsx,2025-11-26 06:51:57.90379+00,2025-11-26 06:51:57.90379+00,2025-07-15,2025-07,CW29,15,T
2737,8024e7b4-d63a-4b3f-96e2-4ea60381b552,SD,CW29,CW29,2025-07-16,2025-07-16,,HA,,2025-11-26 06:51:57.90379+00,7802c383-1ec0-41ae-9739-8ecc2faf327c,Task.xlsx,2025-11-26 06:51:57.90379+00,2025-11-26 06:51:57.90379+00,2025-07-16,2025-07,CW29,16,SD
2738,8024e7b4-d63a-4b3f-96e2-4ea60381b552,SD,CW29,CW29,2025-07-17,2025-07-17,,HA,,2025-11-26 06:51:57.90379+00,7802c383-1ec0-41ae-9739-8ecc2faf327c,Task.xlsx,2025-11-26 06:51:57.90379+00,2025-11-26 06:51:57.90379+00,2025-07-17,2025-07,CW29,17,SD
2739,8024e7b4-d63a-4b3f-96e2-4ea60381b552,SD,CW29,CW29,2025-07-18,2025-07-18,,HA,,2025-11-26 06:51:57.90379+00,7802c383-1ec0-41ae-9739-8ecc2faf327c,Task.xlsx,2025-11-26 06:51:57.90379+00,2025-11-26 06:51:57.90379+00,2025-07-18,2025-07,CW29,18,SD
2740,8024e7b4-d63a-4b3f-96e2-4ea60381b552,WS,CW30,CW30,2025-07-21,2025-07-21,Catalyst,SU,,2025-11-26 06:51:57.90379+00,7802c383-1ec0-41ae-9739-8ecc2faf327c,Task.xlsx,2025-11-26 06:51:57.90379+00,2025-11-26 06:51:57.90379+00,2025-07-21,2025-07,CW30,21,WS
2741,8024e7b4-d63a-4b3f-96e2-4ea60381b552,WS,CW30,CW30,2025-07-22,2025-07-22,,SU,,2025-11-26 06:51:57.90379+00,7802c383-1ec0-41ae-9739-8ecc2faf327c,Task.xlsx,2025-11-26 06:51:57.90379+00,2025-11-26 06:51:57.90379+00,2025-07-22,2025-07,CW30,22,WS
2742,8024e7b4-d63a-4b3f-96e2-4ea60381b552,WS,CW30,CW30,2025-07-23,2025-07-23,,SU,,2025-11-26 06:51:57.90379+00,7802c383-1ec0-41ae-9739-8ecc2faf327c,Task.xlsx,2025-11-26 06:51:57.90379+00,2025-11-26 06:51:57.90379+00,2025-07-23,2025-07,CW30,23,WS
2743,8024e7b4-d63a-4b3f-96e2-4ea60381b552,WS,CW30,CW30,2025-07-24,2025-07-24,,SU,,2025-11-26 06:51:57.90379+00,7802c383-1ec0-41ae-9739-8ecc2faf327c,Task.xlsx,2025-11-26 06:51:57.90379+00,2025-11-26 06:51:57.90379+00,2025-07-24,2025-07,CW30,24,WS
2744,8024e7b4-d63a-4b3f-96e2-4ea60381b552,WS,CW30,CW30,2025-07-25,2025-07-25,,SU,,2025-11-26 06:51:57.90379+00,7802c383-1ec0-41ae-9739-8ecc2faf327c,Task.xlsx,2025-11-26 06:51:57.90379+00,2025-11-26 06:51:57.90379+00,2025-07-25,2025-07,CW30,25,WS
2745,8024e7b4-d63a-4b3f-96e2-4ea60381b552,SD,CW31,CW31,2025-07-28,2025-07-28,,HA,,2025-11-26 06:51:57.90379+00,7802c383-1ec0-41ae-9739-8ecc2faf327c,Task.xlsx,2025-11-26 06:51:57.90379+00,2025-11-26 06:51:57.90379+00,2025-07-28,2025-07,CW31,28,SD
2746,8024e7b4-d63a-4b3f-96e2-4ea60381b552,T,CW31,CW31,2025-07-29,2025-07-29,Scaling,LN,,2025-11-26 06:51:57.90379+00,7802c383-1ec0-41ae-9739-8ecc2faf327c,Task.xlsx,2025-11-26 06:51:57.90379+00,2025-11-26 06:51:57.90379+00,2025-07-29,2025-07,CW31,29,T
2747,8024e7b4-d63a-4b3f-96e2-4ea60381b552,WS,CW31,CW31,2025-07-30,2025-07-30,DFMA,CL,,2025-11-26 06:51:57.90379+00,7802c383-1ec0-41ae-9739-8ecc2faf327c,Task.xlsx,2025-11-26 06:51:57.90379+00,2025-11-26 06:51:57.90379+00,2025-07-30,2025-07,CW31,30,WS
2748,8024e7b4-d63a-4b3f-96e2-4ea60381b552,WS,CW31,CW31,2025-07-31,2025-07-31,,CL,,2025-11-26 06:51:57.90379+00,7802c383-1ec0-41ae-9739-8ecc2faf327c,Task.xlsx,2025-11-26 06:51:57.90379+00,2025-11-26 06:51:57.90379+00,2025-07-31,2025-07,CW31,31,WS
2749,8024e7b4-d63a-4b3f-96e2-4ea60381b552,WS,CW31,CW31,2025-08-01,2025-08-01,,CL,,2025-11-26 06:51:57.90379+00,7802c383-1ec0-41ae-9739-8ecc2faf327c,Task.xlsx,2025-11-26 06:51:57.90379+00,2025-11-26 06:51:57.90379+00,2025-08-01,2025-08,CW31,1,WS
2750,8024e7b4-d63a-4b3f-96e2-4ea60381b552,M,CW32,CW32,2025-08-04,2025-08-04,MET,HA,,2025-11-26 06:51:57.90379+00,7802c383-1ec0-41ae-9739-8ecc2faf327c,Task.xlsx,2025-11-26 06:51:57.90379+00,2025-11-26 06:51:57.90379+00,2025-08-04,2025-08,CW32,4,M
2751,8024e7b4-d63a-4b3f-96e2-4ea60381b552,WS,CW32,CW32,2025-08-05,2025-08-05,LLD,CL,,2025-11-26 06:51:57.90379+00,7802c383-1ec0-41ae-9739-8ecc2faf327c,Task.xlsx,2025-11-26 06:51:57.90379+00,2025-11-26 06:51:57.90379+00,2025-08-05,2025-08,CW32,5,WS
2752,8024e7b4-d63a-4b3f-96e2-4ea60381b552,WS,CW32,CW32,2025-08-06,2025-08-06,FOL,EA,,2025-11-26 06:51:57.90379+00,7802c383-1ec0-41ae-9739-8ecc2faf327c,Task.xlsx,2025-11-26 06:51:57.90379+00,2025-11-26 06:51:57.90379+00,2025-08-06,2025-08,CW32,6,WS
2753,8024e7b4-d63a-4b3f-96e2-4ea60381b552,WS,CW32,CW32,2025-08-07,2025-08-07,,EA,,2025-11-26 06:51:57.90379+00,7802c383-1ec0-41ae-9739-8ecc2faf327c,Task.xlsx,2025-11-26 06:51:57.90379+00,2025-11-26 06:51:57.90379+00,2025-08-07,2025-08,CW32,7,WS
2754,8024e7b4-d63a-4b3f-96e2-4ea60381b552,WS,CW32,CW32,2025-08-08,2025-08-08,DFX,RD,,2025-11-26 06:51:57.90379+00,7802c383-1ec0-41ae-9739-8ecc2faf327c,Task.xlsx,2025-11-26 06:51:57.90379+00,2025-11-26 06:51:57.90379+00,2025-08-08,2025-08,CW32,8,WS
2755,8024e7b4-d63a-4b3f-96e2-4ea60381b552,M,CW33,CW33,2025-08-11,2025-08-11,MET 2nd round,HA,,2025-11-26 06:51:57.90379+00,7802c383-1ec0-41ae-9739-8ecc2faf327c,Task.xlsx,2025-11-26 06:51:57.90379+00,2025-11-26 06:51:57.90379+00,2025-08-11,2025-08,CW33,11,M
2756,8024e7b4-d63a-4b3f-96e2-4ea60381b552,M,CW33,CW33,2025-08-12,2025-08-12,,SZ,,2025-11-26 06:51:57.90379+00,7802c383-1ec0-41ae-9739-8ecc2faf327c,Task.xlsx,2025-11-26 06:51:57.90379+00,2025-11-26 06:51:57.90379+00,2025-08-12,2025-08,CW33,12,M
2757,8024e7b4-d63a-4b3f-96e2-4ea60381b552,M,CW33,CW33,2025-08-13,2025-08-13,,WX,,2025-11-26 06:51:57.90379+00,7802c383-1ec0-41ae-9739-8ecc2faf327c,Task.xlsx,2025-11-26 06:51:57.90379+00,2025-11-26 06:51:57.90379+00,2025-08-13,2025-08,CW33,13,M
2758,8024e7b4-d63a-4b3f-96e2-4ea60381b552,M,CW33,CW33,2025-08-14,2025-08-14,,WH,,2025-11-26 06:51:57.90379+00,7802c383-1ec0-41ae-9739-8ecc2faf327c,Task.xlsx,2025-11-26 06:51:57.90379+00,2025-11-26 06:51:57.90379+00,2025-08-14,2025-08,CW33,14,M
2759,8024e7b4-d63a-4b3f-96e2-4ea60381b552,M,CW33,CW33,2025-08-15,2025-08-15,,WH,,2025-11-26 06:51:57.90379+00,7802c383-1ec0-41ae-9739-8ecc2faf327c,Task.xlsx,2025-11-26 06:51:57.90379+00,2025-11-26 06:51:57.90379+00,2025-08-15,2025-08,CW33,15,M
2760,8024e7b4-d63a-4b3f-96e2-4ea60381b552,SD,CW34,CW34,2025-08-18,2025-08-18,,HA,,2025-11-26 06:51:57.90379+00,7802c383-1ec0-41ae-9739-8ecc2faf327c,Task.xlsx,2025-11-26 06:51:57.90379+00,2025-11-26 06:51:57.90379+00,2025-08-18,2025-08,CW34,18,SD
2761,8024e7b4-d63a-4b3f-96e2-4ea60381b552,WS,CW34,CW34,2025-08-19,2025-08-19,FOL,CL,,2025-11-26 06:51:57.90379+00,7802c383-1ec0-41ae-9739-8ecc2faf327c,Task.xlsx,2025-11-26 06:51:57.90379+00,2025-11-26 06:51:57.90379+00,2025-08-19,2025-08,CW34,19,WS
2762,8024e7b4-d63a-4b3f-96e2-4ea60381b552,SD,CW34,CW34,2025-08-20,2025-08-20,,HA,,2025-11-26 06:51:57.90379+00,7802c383-1ec0-41ae-9739-8ecc2faf327c,Task.xlsx,2025-11-26 06:51:57.90379+00,2025-11-26 06:51:57.90379+00,2025-08-20,2025-08,CW34,20,SD
2763,8024e7b4-d63a-4b3f-96e2-4ea60381b552,WS,CW34,CW34,2025-08-21,2025-08-21,,CL,,2025-11-26 06:51:57.90379+00,7802c383-1ec0-41ae-9739-8ecc2faf327c,Task.xlsx,2025-11-26 06:51:57.90379+00,2025-11-26 06:51:57.90379+00,2025-08-21,2025-08,CW34,21,WS
2764,8024e7b4-d63a-4b3f-96e2-4ea60381b552,M,CW34,CW34,2025-08-22,2025-08-22,,HA,,2025-11-26 06:51:57.90379+00,7802c383-1ec0-41ae-9739-8ecc2faf327c,Task.xlsx,2025-11-26 06:51:57.90379+00,2025-11-26 06:51:57.90379+00,2025-08-22,2025-08,CW34,22,M
2765,8024e7b4-d63a-4b3f-96e2-4ea60381b552,WS,CW35,CW35,2025-08-25,2025-08-25,FOL,CL,,2025-11-26 06:51:57.90379+00,7802c383-1ec0-41ae-9739-8ecc2faf327c,Task.xlsx,2025-11-26 06:51:57.90379+00,2025-11-26 06:51:57.90379+00,2025-08-25,2025-08,CW35,25,WS
2766,8024e7b4-d63a-4b3f-96e2-4ea60381b552,WS,CW35,CW35,2025-08-26,2025-08-26,,CL,,2025-11-26 06:51:57.90379+00,7802c383-1ec0-41ae-9739-8ecc2faf327c,Task.xlsx,2025-11-26 06:51:57.90379+00,2025-11-26 06:51:57.90379+00,2025-08-26,2025-08,CW35,26,WS
2767,8024e7b4-d63a-4b3f-96e2-4ea60381b552,WS,CW35,CW35,2025-08-27,2025-08-27,,CL,,2025-11-26 06:51:57.90379+00,7802c383-1ec0-41ae-9739-8ecc2faf327c,Task.xlsx,2025-11-26 06:51:57.90379+00,2025-11-26 06:51:57.90379+00,2025-08-27,2025-08,CW35,27,WS
2768,8024e7b4-d63a-4b3f-96e2-4ea60381b552,WS,CW35,CW35,2025-08-28,2025-08-28,,CL,,2025-11-26 06:51:57.90379+00,7802c383-1ec0-41ae-9739-8ecc2faf327c,Task.xlsx,2025-11-26 06:51:57.90379+00,2025-11-26 06:51:57.90379+00,2025-08-28,2025-08,CW35,28,WS
2769,8024e7b4-d63a-4b3f-96e2-4ea60381b552,ME,CW35,CW35,2025-08-29,2025-08-29,,HA,,2025-11-26 06:51:57.90379+00,7802c383-1ec0-41ae-9739-8ecc2faf327c,Task.xlsx,2025-11-26 06:51:57.90379+00,2025-11-26 06:51:57.90379+00,2025-08-29,2025-08,CW35,29,ME
2770,8024e7b4-d63a-4b3f-96e2-4ea60381b552,WS,CW36,CW36,2025-09-01,2025-09-01,,CL,,2025-11-26 06:51:57.90379+00,7802c383-1ec0-41ae-9739-8ecc2faf327c,Task.xlsx,2025-11-26 06:51:57.90379+00,2025-11-26 06:51:57.90379+00,2025-09-01,2025-09,CW36,1,WS
2771,8024e7b4-d63a-4b3f-96e2-4ea60381b552,WS,CW36,CW36,2025-09-02,2025-09-02,Kyoben preparation,LC,,2025-11-26 06:51:57.90379+00,7802c383-1ec0-41ae-9739-8ecc2faf327c,Task.xlsx,2025-11-26 06:51:57.90379+00,2025-11-26 06:51:57.90379+00,2025-09-02,2025-09,CW36,2,WS
2772,8024e7b4-d63a-4b3f-96e2-4ea60381b552,WS,CW36,CW36,2025-09-03,2025-09-03,,CL,,2025-11-26 06:51:57.90379+00,7802c383-1ec0-41ae-9739-8ecc2faf327c,Task.xlsx,2025-11-26 06:51:57.90379+00,2025-11-26 06:51:57.90379+00,2025-09-03,2025-09,CW36,3,WS
2773,8024e7b4-d63a-4b3f-96e2-4ea60381b552,WS,CW36,CW36,2025-09-04,2025-09-04,,CL,,2025-11-26 06:51:57.90379+00,7802c383-1ec0-41ae-9739-8ecc2faf327c,Task.xlsx,2025-11-26 06:51:57.90379+00,2025-11-26 06:51:57.90379+00,2025-09-04,2025-09,CW36,4,WS
2774,8024e7b4-d63a-4b3f-96e2-4ea60381b552,WS,CW36,CW36,2025-09-05,2025-09-05,,LC,,2025-11-26 06:51:57.90379+00,7802c383-1ec0-41ae-9739-8ecc2faf327c,Task.xlsx,2025-11-26 06:51:57.90379+00,2025-11-26 06:51:57.90379+00,2025-09-05,2025-09,CW36,5,WS
2775,8024e7b4-d63a-4b3f-96e2-4ea60381b552,P,CW37,CW37,2025-09-08,2025-09-08,Kyoben,CL,,2025-11-26 06:51:57.90379+00,7802c383-1ec0-41ae-9739-8ecc2faf327c,Task.xlsx,2025-11-26 06:51:57.90379+00,2025-11-26 06:51:57.90379+00,2025-09-08,2025-09,CW37,8,P
2776,8024e7b4-d63a-4b3f-96e2-4ea60381b552,P,CW37,CW37,2025-09-09,2025-09-09,,CL,,2025-11-26 06:51:57.90379+00,7802c383-1ec0-41ae-9739-8ecc2faf327c,Task.xlsx,2025-11-26 06:51:57.90379+00,2025-11-26 06:51:57.90379+00,2025-09-09,2025-09,CW37,9,P
2777,8024e7b4-d63a-4b3f-96e2-4ea60381b552,P,CW37,CW37,2025-09-10,2025-09-10,,CL,,2025-11-26 06:51:57.90379+00,7802c383-1ec0-41ae-9739-8ecc2faf327c,Task.xlsx,2025-11-26 06:51:57.90379+00,2025-11-26 06:51:57.90379+00,2025-09-10,2025-09,CW37,10,P
2778,8024e7b4-d63a-4b3f-96e2-4ea60381b552,P,CW37,CW37,2025-09-11,2025-09-11,,CL,,2025-11-26 06:51:57.90379+00,7802c383-1ec0-41ae-9739-8ecc2faf327c,Task.xlsx,2025-11-26 06:51:57.90379+00,2025-11-26 06:51:57.90379+00,2025-09-11,2025-09,CW37,11,P
2779,8024e7b4-d63a-4b3f-96e2-4ea60381b552,P,CW37,CW37,2025-09-12,2025-09-12,,CL,,2025-11-26 06:51:57.90379+00,7802c383-1ec0-41ae-9739-8ecc2faf327c,Task.xlsx,2025-11-26 06:51:57.90379+00,2025-11-26 06:51:57.90379+00,2025-09-12,2025-09,CW37,12,P
2780,8024e7b4-d63a-4b3f-96e2-4ea60381b552,SD,CW38,CW38,2025-09-15,2025-09-15,,HA,,2025-11-26 06:51:57.90379+00,7802c383-1ec0-41ae-9739-8ecc2faf327c,Task.xlsx,2025-11-26 06:51:57.90379+00,2025-11-26 06:51:57.90379+00,2025-09-15,2025-09,CW38,15,SD
2781,8024e7b4-d63a-4b3f-96e2-4ea60381b552,SD,CW38,CW38,2025-09-16,2025-09-16,,HA,,2025-11-26 06:51:57.90379+00,7802c383-1ec0-41ae-9739-8ecc2faf327c,Task.xlsx,2025-11-26 06:51:57.90379+00,2025-11-26 06:51:57.90379+00,2025-09-16,2025-09,CW38,16,SD
2782,8024e7b4-d63a-4b3f-96e2-4ea60381b552,M,CW38,CW38,2025-09-17,2025-09-17,FOL,HA,,2025-11-26 06:51:57.90379+00,7802c383-1ec0-41ae-9739-8ecc2faf327c,Task.xlsx,2025-11-26 06:51:57.90379+00,2025-11-26 06:51:57.90379+00,2025-09-17,2025-09,CW38,17,M
2783,8024e7b4-d63a-4b3f-96e2-4ea60381b552,WS,CW38,CW38,2025-09-18,2025-09-18,FOL,CL,,2025-11-26 06:51:57.90379+00,7802c383-1ec0-41ae-9739-8ecc2faf327c,Task.xlsx,2025-11-26 06:51:57.90379+00,2025-11-26 06:51:57.90379+00,2025-09-18,2025-09,CW38,18,WS
2784,8024e7b4-d63a-4b3f-96e2-4ea60381b552,WS,CW38,CW38,2025-09-19,2025-09-19,FOL,LC,,2025-11-26 06:51:57.90379+00,7802c383-1ec0-41ae-9739-8ecc2faf327c,Task.xlsx,2025-11-26 06:51:57.90379+00,2025-11-26 06:51:57.90379+00,2025-09-19,2025-09,CW38,19,WS
2785,8024e7b4-d63a-4b3f-96e2-4ea60381b552,SD,CW39,CW39,2025-09-22,2025-09-22,,HA,,2025-11-26 06:51:57.90379+00,7802c383-1ec0-41ae-9739-8ecc2faf327c,Task.xlsx,2025-11-26 06:51:57.90379+00,2025-11-26 06:51:57.90379+00,2025-09-22,2025-09,CW39,22,SD
2786,8024e7b4-d63a-4b3f-96e2-4ea60381b552,SD,CW39,CW39,2025-09-23,2025-09-23,,HA,,2025-11-26 06:51:57.90379+00,7802c383-1ec0-41ae-9739-8ecc2faf327c,Task.xlsx,2025-11-26 06:51:57.90379+00,2025-11-26 06:51:57.90379+00,2025-09-23,2025-09,CW39,23,SD
2787,8024e7b4-d63a-4b3f-96e2-4ea60381b552,WS,CW39,CW39,2025-09-24,2025-09-24,,RC,,2025-11-26 06:51:57.90379+00,7802c383-1ec0-41ae-9739-8ecc2faf327c,Task.xlsx,2025-11-26 06:51:57.90379+00,2025-11-26 06:51:57.90379+00,2025-09-24,2025-09,CW39,24,WS
2788,8024e7b4-d63a-4b3f-96e2-4ea60381b552,WS,CW39,CW39,2025-09-25,2025-09-25,,RC,,2025-11-26 06:51:57.90379+00,7802c383-1ec0-41ae-9739-8ecc2faf327c,Task.xlsx,2025-11-26 06:51:57.90379+00,2025-11-26 06:51:57.90379+00,2025-09-25,2025-09,CW39,25,WS
2789,8024e7b4-d63a-4b3f-96e2-4ea60381b552,WS,CW39,CW39,2025-09-26,2025-09-26,,HA,,2025-11-26 06:51:57.90379+00,7802c383-1ec0-41ae-9739-8ecc2faf327c,Task.xlsx,2025-11-26 06:51:57.90379+00,2025-11-26 06:51:57.90379+00,2025-09-26,2025-09,CW39,26,WS
2790,8024e7b4-d63a-4b3f-96e2-4ea60381b552,L,CW39,CW39,2025-09-28,2025-09-28,,,,2025-11-26 06:51:57.90379+00,7802c383-1ec0-41ae-9739-8ecc2faf327c,Task.xlsx,2025-11-26 06:51:57.90379+00,2025-11-26 06:51:57.90379+00,2025-09-28,2025-09,CW39,28,L
2791,8024e7b4-d63a-4b3f-96e2-4ea60381b552,L,CW40,CW40,2025-09-29,2025-09-29,,,,2025-11-26 06:51:57.90379+00,7802c383-1ec0-41ae-9739-8ecc2faf327c,Task.xlsx,2025-11-26 06:51:57.90379+00,2025-11-26 06:51:57.90379+00,2025-09-29,2025-09,CW40,29,L
2792,8024e7b4-d63a-4b3f-96e2-4ea60381b552,L,CW40,CW40,2025-09-30,2025-09-30,,,,2025-11-26 06:51:57.90379+00,7802c383-1ec0-41ae-9739-8ecc2faf327c,Task.xlsx,2025-11-26 06:51:57.90379+00,2025-11-26 06:51:57.90379+00,2025-09-30,2025-09,CW40,30,L
2793,8024e7b4-d63a-4b3f-96e2-4ea60381b552,L,CW41,CW41,2025-10-09,2025-10-09,,,,2025-11-26 06:51:57.90379+00,7802c383-1ec0-41ae-9739-8ecc2faf327c,Task.xlsx,2025-11-26 06:51:57.90379+00,2025-11-26 06:51:57.90379+00,2025-10-09,2025-10,CW41,9,L
2794,8024e7b4-d63a-4b3f-96e2-4ea60381b552,L,CW41,CW41,2025-10-10,2025-10-10,,,,2025-11-26 06:51:57.90379+00,7802c383-1ec0-41ae-9739-8ecc2faf327c,Task.xlsx,2025-11-26 06:51:57.90379+00,2025-11-26 06:51:57.90379+00,2025-10-10,2025-10,CW41,10,L
2795,8024e7b4-d63a-4b3f-96e2-4ea60381b552,L,CW41,CW41,2025-10-11,2025-10-11,,,,2025-11-26 06:51:57.90379+00,7802c383-1ec0-41ae-9739-8ecc2faf327c,Task.xlsx,2025-11-26 06:51:57.90379+00,2025-11-26 06:51:57.90379+00,2025-10-11,2025-10,CW41,11,L
2796,8024e7b4-d63a-4b3f-96e2-4ea60381b552,M,CW42,CW42,2025-10-13,2025-10-13,,HA,,2025-11-26 06:51:57.90379+00,7802c383-1ec0-41ae-9739-8ecc2faf327c,Task.xlsx,2025-11-26 06:51:57.90379+00,2025-11-26 06:51:57.90379+00,2025-10-13,2025-10,CW42,13,M
2797,8024e7b4-d63a-4b3f-96e2-4ea60381b552,M,CW42,CW42,2025-10-14,2025-10-14,,EA,,2025-11-26 06:51:57.90379+00,7802c383-1ec0-41ae-9739-8ecc2faf327c,Task.xlsx,2025-11-26 06:51:57.90379+00,2025-11-26 06:51:57.90379+00,2025-10-14,2025-10,CW42,14,M
2798,8024e7b4-d63a-4b3f-96e2-4ea60381b552,P,CW42,CW42,2025-10-15,2025-10-15,,CL,,2025-11-26 06:51:57.90379+00,7802c383-1ec0-41ae-9739-8ecc2faf327c,Task.xlsx,2025-11-26 06:51:57.90379+00,2025-11-26 06:51:57.90379+00,2025-10-15,2025-10,CW42,15,P
2799,8024e7b4-d63a-4b3f-96e2-4ea60381b552,M,CW42,CW42,2025-10-16,2025-10-16,,HA,,2025-11-26 06:51:57.90379+00,7802c383-1ec0-41ae-9739-8ecc2faf327c,Task.xlsx,2025-11-26 06:51:57.90379+00,2025-11-26 06:51:57.90379+00,2025-10-16,2025-10,CW42,16,M
2800,8024e7b4-d63a-4b3f-96e2-4ea60381b552,WS,CW42,CW42,2025-10-17,2025-10-17,,CL,,2025-11-26 06:51:57.90379+00,7802c383-1ec0-41ae-9739-8ecc2faf327c,Task.xlsx,2025-11-26 06:51:57.90379+00,2025-11-26 06:51:57.90379+00,2025-10-17,2025-10,CW42,17,WS
2801,8024e7b4-d63a-4b3f-96e2-4ea60381b552,P,CW43,CW43,2025-10-20,2025-10-20,Kyoben,CL,,2025-11-26 06:51:57.90379+00,7802c383-1ec0-41ae-9739-8ecc2faf327c,Task.xlsx,2025-11-26 06:51:57.90379+00,2025-11-26 06:51:57.90379+00,2025-10-20,2025-10,CW43,20,P
2802,8024e7b4-d63a-4b3f-96e2-4ea60381b552,P,CW43,CW43,2025-10-21,2025-10-21,,CL,,2025-11-26 06:51:57.90379+00,7802c383-1ec0-41ae-9739-8ecc2faf327c,Task.xlsx,2025-11-26 06:51:57.90379+00,2025-11-26 06:51:57.90379+00,2025-10-21,2025-10,CW43,21,P
2803,8024e7b4-d63a-4b3f-96e2-4ea60381b552,P,CW43,CW43,2025-10-22,2025-10-22,,CL,,2025-11-26 06:51:57.90379+00,7802c383-1ec0-41ae-9739-8ecc2faf327c,Task.xlsx,2025-11-26 06:51:57.90379+00,2025-11-26 06:51:57.90379+00,2025-10-22,2025-10,CW43,22,P
2804,8024e7b4-d63a-4b3f-96e2-4ea60381b552,P,CW43,CW43,2025-10-23,2025-10-23,,CL,,2025-11-26 06:51:57.90379+00,7802c383-1ec0-41ae-9739-8ecc2faf327c,Task.xlsx,2025-11-26 06:51:57.90379+00,2025-11-26 06:51:57.90379+00,2025-10-23,2025-10,CW43,23,P
2805,8024e7b4-d63a-4b3f-96e2-4ea60381b552,P,CW43,CW43,2025-10-24,2025-10-24,,CL,,2025-11-26 06:51:57.90379+00,7802c383-1ec0-41ae-9739-8ecc2faf327c,Task.xlsx,2025-11-26 06:51:57.90379+00,2025-11-26 06:51:57.90379+00,2025-10-24,2025-10,CW43,24,P
2806,8024e7b4-d63a-4b3f-96e2-4ea60381b552,P,CW44,CW44,2025-10-27,2025-10-27,FOCUS,HA,,2025-11-26 06:51:57.90379+00,7802c383-1ec0-41ae-9739-8ecc2faf327c,Task.xlsx,2025-11-26 06:51:57.90379+00,2025-11-26 06:51:57.90379+00,2025-10-27,2025-10,CW44,27,P
2807,8024e7b4-d63a-4b3f-96e2-4ea60381b552,P,CW44,CW44,2025-10-28,2025-10-28,,HA,,2025-11-26 06:51:57.90379+00,7802c383-1ec0-41ae-9739-8ecc2faf327c,Task.xlsx,2025-11-26 06:51:57.90379+00,2025-11-26 06:51:57.90379+00,2025-10-28,2025-10,CW44,28,P
2808,8024e7b4-d63a-4b3f-96e2-4ea60381b552,P,CW44,CW44,2025-10-29,2025-10-29,,HA,,2025-11-26 06:51:57.90379+00,7802c383-1ec0-41ae-9739-8ecc2faf327c,Task.xlsx,2025-11-26 06:51:57.90379+00,2025-11-26 06:51:57.90379+00,2025-10-29,2025-10,CW44,29,P
2809,8024e7b4-d63a-4b3f-96e2-4ea60381b552,T,CW44,CW44,2025-10-30,2025-10-30,,HA,,2025-11-26 06:51:57.90379+00,7802c383-1ec0-41ae-9739-8ecc2faf327c,Task.xlsx,2025-11-26 06:51:57.90379+00,2025-11-26 06:51:57.90379+00,2025-10-30,2025-10,CW44,30,T
2810,8024e7b4-d63a-4b3f-96e2-4ea60381b552,T,CW44,CW44,2025-10-31,2025-10-31,,HA,,2025-11-26 06:51:57.90379+00,7802c383-1ec0-41ae-9739-8ecc2faf327c,Task.xlsx,2025-11-26 06:51:57.90379+00,2025-11-26 06:51:57.90379+00,2025-10-31,2025-10,CW44,31,T
2811,8024e7b4-d63a-4b3f-96e2-4ea60381b552,P,CW45,CW45,2025-11-03,2025-11-03,Kyoben,LC,,2025-11-26 06:51:57.90379+00,7802c383-1ec0-41ae-9739-8ecc2faf327c,Task.xlsx,2025-11-26 06:51:57.90379+00,2025-11-26 06:51:57.90379+00,2025-11-03,2025-11,CW45,3,P
2812,8024e7b4-d63a-4b3f-96e2-4ea60381b552,P,CW45,CW45,2025-11-04,2025-11-04,,LC,,2025-11-26 06:51:57.90379+00,7802c383-1ec0-41ae-9739-8ecc2faf327c,Task.xlsx,2025-11-26 06:51:57.90379+00,2025-11-26 06:51:57.90379+00,2025-11-04,2025-11,CW45,4,P
2813,8024e7b4-d63a-4b3f-96e2-4ea60381b552,P,CW45,CW45,2025-11-05,2025-11-05,,LC,,2025-11-26 06:51:57.90379+00,7802c383-1ec0-41ae-9739-8ecc2faf327c,Task.xlsx,2025-11-26 06:51:57.90379+00,2025-11-26 06:51:57.90379+00,2025-11-05,2025-11,CW45,5,P
2814,8024e7b4-d63a-4b3f-96e2-4ea60381b552,P,CW45,CW45,2025-11-06,2025-11-06,,LC,,2025-11-26 06:51:57.90379+00,7802c383-1ec0-41ae-9739-8ecc2faf327c,Task.xlsx,2025-11-26 06:51:57.90379+00,2025-11-26 06:51:57.90379+00,2025-11-06,2025-11,CW45,6,P
2815,8024e7b4-d63a-4b3f-96e2-4ea60381b552,P,CW45,CW45,2025-11-07,2025-11-07,,LC,,2025-11-26 06:51:57.90379+00,7802c383-1ec0-41ae-9739-8ecc2faf327c,Task.xlsx,2025-11-26 06:51:57.90379+00,2025-11-26 06:51:57.90379+00,2025-11-07,2025-11,CW45,7,P
2816,8024e7b4-d63a-4b3f-96e2-4ea60381b552,WS,CW46,CW46,2025-11-10,2025-11-10,LLD,CL,,2025-11-26 06:51:57.90379+00,7802c383-1ec0-41ae-9739-8ecc2faf327c,Task.xlsx,2025-11-26 06:51:57.90379+00,2025-11-26 06:51:57.90379+00,2025-11-10,2025-11,CW46,10,WS
2817,8024e7b4-d63a-4b3f-96e2-4ea60381b552,WS,CW46,CW46,2025-11-11,2025-11-11,LLD,CL,,2025-11-26 06:51:57.90379+00,7802c383-1ec0-41ae-9739-8ecc2faf327c,Task.xlsx,2025-11-26 06:51:57.90379+00,2025-11-26 06:51:57.90379+00,2025-11-11,2025-11,CW46,11,WS
2818,8024e7b4-d63a-4b3f-96e2-4ea60381b552,WS,CW46,CW46,2025-11-12,2025-11-12,LLD,CL,,2025-11-26 06:51:57.90379+00,7802c383-1ec0-41ae-9739-8ecc2faf327c,Task.xlsx,2025-11-26 06:51:57.90379+00,2025-11-26 06:51:57.90379+00,2025-11-12,2025-11,CW46,12,WS
2819,8024e7b4-d63a-4b3f-96e2-4ea60381b552,WS,CW46,CW46,2025-11-13,2025-11-13,LLD,CL,,2025-11-26 06:51:57.90379+00,7802c383-1ec0-41ae-9739-8ecc2faf327c,Task.xlsx,2025-11-26 06:51:57.90379+00,2025-11-26 06:51:57.90379+00,2025-11-13,2025-11,CW46,13,WS
2820,8024e7b4-d63a-4b3f-96e2-4ea60381b552,L,CW46,CW46,2025-11-14,2025-11-14,,,,2025-11-26 06:51:57.90379+00,7802c383-1ec0-41ae-9739-8ecc2faf327c,Task.xlsx,2025-11-26 06:51:57.90379+00,2025-11-26 06:51:57.90379+00,2025-11-14,2025-11,CW46,14,L
2821,8024e7b4-d63a-4b3f-96e2-4ea60381b552,P,CW47,CW47,2025-11-17,2025-11-17,Kyoben,LC,,2025-11-26 06:51:57.90379+00,7802c383-1ec0-41ae-9739-8ecc2faf327c,Task.xlsx,2025-11-26 06:51:57.90379+00,2025-11-26 06:51:57.90379+00,2025-11-17,2025-11,CW47,17,P
2822,8024e7b4-d63a-4b3f-96e2-4ea60381b552,P,CW47,CW47,2025-11-18,2025-11-18,,LC,,2025-11-26 06:51:57.90379+00,7802c383-1ec0-41ae-9739-8ecc2faf327c,Task.xlsx,2025-11-26 06:51:57.90379+00,2025-11-26 06:51:57.90379+00,2025-11-18,2025-11,CW47,18,P
2823,8024e7b4-d63a-4b3f-96e2-4ea60381b552,P,CW47,CW47,2025-11-19,2025-11-19,,LC,,2025-11-26 06:51:57.90379+00,7802c383-1ec0-41ae-9739-8ecc2faf327c,Task.xlsx,2025-11-26 06:51:57.90379+00,2025-11-26 06:51:57.90379+00,2025-11-19,2025-11,CW47,19,P
2824,8024e7b4-d63a-4b3f-96e2-4ea60381b552,P,CW47,CW47,2025-11-20,2025-11-20,,LC,,2025-11-26 06:51:57.90379+00,7802c383-1ec0-41ae-9739-8ecc2faf327c,Task.xlsx,2025-11-26 06:51:57.90379+00,2025-11-26 06:51:57.90379+00,2025-11-20,2025-11,CW47,20,P
2825,8024e7b4-d63a-4b3f-96e2-4ea60381b552,P,CW47,CW47,2025-11-21,2025-11-21,,LC,,2025-11-26 06:51:57.90379+00,7802c383-1ec0-41ae-9739-8ecc2faf327c,Task.xlsx,2025-11-26 06:51:57.90379+00,2025-11-26 06:51:57.90379+00,2025-11-21,2025-11,CW47,21,P
2826,8024e7b4-d63a-4b3f-96e2-4ea60381b552,SD,CW48,CW48,2025-11-24,2025-11-24,,HA,,2025-11-26 06:51:57.90379+00,7802c383-1ec0-41ae-9739-8ecc2faf327c,Task.xlsx,2025-11-26 06:51:57.90379+00,2025-11-26 06:51:57.90379+00,2025-11-24,2025-11,CW48,24,SD
2827,8024e7b4-d63a-4b3f-96e2-4ea60381b552,T,CW48,CW48,2025-11-25,2025-11-25,P&R,HA,,2025-11-26 06:51:57.90379+00,7802c383-1ec0-41ae-9739-8ecc2faf327c,Task.xlsx,2025-11-26 06:51:57.90379+00,2025-11-26 06:51:57.90379+00,2025-11-25,2025-11,CW48,25,T
2828,8024e7b4-d63a-4b3f-96e2-4ea60381b552,T,CW48,CW48,2025-11-26,2025-11-26,PGL,HA,,2025-11-26 06:51:57.90379+00,7802c383-1ec0-41ae-9739-8ecc2faf327c,Task.xlsx,2025-11-26 06:51:57.90379+00,2025-11-26 06:51:57.90379+00,2025-11-26,2025-11,CW48,26,T
2829,8024e7b4-d63a-4b3f-96e2-4ea60381b552,SD,CW48,CW48,2025-11-27,2025-11-27,,HA,,2025-11-26 06:51:57.90379+00,7802c383-1ec0-41ae-9739-8ecc2faf327c,Task.xlsx,2025-11-26 06:51:57.90379+00,2025-11-26 06:51:57.90379+00,2025-11-27,2025-11,CW48,27,SD
2830,8024e7b4-d63a-4b3f-96e2-4ea60381b552,SD,CW48,CW48,2025-11-28,2025-11-28,,HA,,2025-11-26 06:51:57.90379+00,7802c383-1ec0-41ae-9739-8ecc2faf327c,Task.xlsx,2025-11-26 06:51:57.90379+00,2025-11-26 06:51:57.90379+00,2025-11-28,2025-11,CW48,28,SD
2831,8024e7b4-d63a-4b3f-96e2-4ea60381b552,P,CW49,CW49,2025-12-01,2025-12-01,Kyoben,LC,,2025-11-26 06:51:57.90379+00,7802c383-1ec0-41ae-9739-8ecc2faf327c,Task.xlsx,2025-11-26 06:51:57.90379+00,2025-11-26 06:51:57.90379+00,2025-12-01,2025-12,CW49,1,P
2832,8024e7b4-d63a-4b3f-96e2-4ea60381b552,P,CW49,CW49,2025-12-02,2025-12-02,,LC,,2025-11-26 06:51:57.90379+00,7802c383-1ec0-41ae-9739-8ecc2faf327c,Task.xlsx,2025-11-26 06:51:57.90379+00,2025-11-26 06:51:57.90379+00,2025-12-02,2025-12,CW49,2,P
2833,8024e7b4-d63a-4b3f-96e2-4ea60381b552,P,CW49,CW49,2025-12-03,2025-12-03,,LC,,2025-11-26 06:51:57.90379+00,7802c383-1ec0-41ae-9739-8ecc2faf327c,Task.xlsx,2025-11-26 06:51:57.90379+00,2025-11-26 06:51:57.90379+00,2025-12-03,2025-12,CW49,3,P
2834,8024e7b4-d63a-4b3f-96e2-4ea60381b552,P,CW49,CW49,2025-12-04,2025-12-04,,LC,,2025-11-26 06:51:57.90379+00,7802c383-1ec0-41ae-9739-8ecc2faf327c,Task.xlsx,2025-11-26 06:51:57.90379+00,2025-11-26 06:51:57.90379+00,2025-12-04,2025-12,CW49,4,P
2835,8024e7b4-d63a-4b3f-96e2-4ea60381b552,P,CW49,CW49,2025-12-05,2025-12-05,,LC,,2025-11-26 06:51:57.90379+00,7802c383-1ec0-41ae-9739-8ecc2faf327c,Task.xlsx,2025-11-26 06:51:57.90379+00,2025-11-26 06:51:57.90379+00,2025-12-05,2025-12,CW49,5,P
2836,8024e7b4-d63a-4b3f-96e2-4ea60381b552,SD,CW50,CW50,2025-12-08,2025-12-08,,HA,,2025-11-26 06:51:57.90379+00,7802c383-1ec0-41ae-9739-8ecc2faf327c,Task.xlsx,2025-11-26 06:51:57.90379+00,2025-11-26 06:51:57.90379+00,2025-12-08,2025-12,CW50,8,SD
2837,8024e7b4-d63a-4b3f-96e2-4ea60381b552,T,CW50,CW50,2025-12-09,2025-12-09,,HA,,2025-11-26 06:51:57.90379+00,7802c383-1ec0-41ae-9739-8ecc2faf327c,Task.xlsx,2025-11-26 06:51:57.90379+00,2025-11-26 06:51:57.90379+00,2025-12-09,2025-12,CW50,9,T
2838,8024e7b4-d63a-4b3f-96e2-4ea60381b552,SD,CW50,CW50,2025-12-10,2025-12-10,,HA,,2025-11-26 06:51:57.90379+00,7802c383-1ec0-41ae-9739-8ecc2faf327c,Task.xlsx,2025-11-26 06:51:57.90379+00,2025-11-26 06:51:57.90379+00,2025-12-10,2025-12,CW50,10,SD
2839,8024e7b4-d63a-4b3f-96e2-4ea60381b552,T,CW50,CW50,2025-12-11,2025-12-11,,HA,,2025-11-26 06:51:57.90379+00,7802c383-1ec0-41ae-9739-8ecc2faf327c,Task.xlsx,2025-11-26 06:51:57.90379+00,2025-11-26 06:51:57.90379+00,2025-12-11,2025-12,CW50,11,T
2840,8024e7b4-d63a-4b3f-96e2-4ea60381b552,T,CW50,CW50,2025-12-12,2025-12-12,,HA,,2025-11-26 06:51:57.90379+00,7802c383-1ec0-41ae-9739-8ecc2faf327c,Task.xlsx,2025-11-26 06:51:57.90379+00,2025-11-26 06:51:57.90379+00,2025-12-12,2025-12,CW50,12,T
2841,8024e7b4-d63a-4b3f-96e2-4ea60381b552,P,CW51,CW51,2025-12-15,2025-12-15,Kyoben,LC,,2025-11-26 06:51:57.90379+00,7802c383-1ec0-41ae-9739-8ecc2faf327c,Task.xlsx,2025-11-26 06:51:57.90379+00,2025-11-26 06:51:57.90379+00,2025-12-15,2025-12,CW51,15,P
2842,8024e7b4-d63a-4b3f-96e2-4ea60381b552,P,CW51,CW51,2025-12-16,2025-12-16,,LC,,2025-11-26 06:51:57.90379+00,7802c383-1ec0-41ae-9739-8ecc2faf327c,Task.xlsx,2025-11-26 06:51:57.90379+00,2025-11-26 06:51:57.90379+00,2025-12-16,2025-12,CW51,16,P
2843,8024e7b4-d63a-4b3f-96e2-4ea60381b552,P,CW51,CW51,2025-12-17,2025-12-17,,LC,,2025-11-26 06:51:57.90379+00,7802c383-1ec0-41ae-9739-8ecc2faf327c,Task.xlsx,2025-11-26 06:51:57.90379+00,2025-11-26 06:51:57.90379+00,2025-12-17,2025-12,CW51,17,P
2844,8024e7b4-d63a-4b3f-96e2-4ea60381b552,P,CW51,CW51,2025-12-18,2025-12-18,,LC,,2025-11-26 06:51:57.90379+00,7802c383-1ec0-41ae-9739-8ecc2faf327c,Task.xlsx,2025-11-26 06:51:57.90379+00,2025-11-26 06:51:57.90379+00,2025-12-18,2025-12,CW51,18,P
2845,8024e7b4-d63a-4b3f-96e2-4ea60381b552,P,CW51,CW51,2025-12-19,2025-12-19,,LC,,2025-11-26 06:51:57.90379+00,7802c383-1ec0-41ae-9739-8ecc2faf327c,Task.xlsx,2025-11-26 06:51:57.90379+00,2025-11-26 06:51:57.90379+00,2025-12-19,2025-12,CW51,19,P
2846,8024e7b4-d63a-4b3f-96e2-4ea60381b552,L,CW51,CW51,2025-12-20,2025-12-20,,,,2025-11-26 06:51:57.90379+00,7802c383-1ec0-41ae-9739-8ecc2faf327c,Task.xlsx,2025-11-26 06:51:57.90379+00,2025-11-26 06:51:57.90379+00,2025-12-20,2025-12,CW51,20,L
2847,8024e7b4-d63a-4b3f-96e2-4ea60381b552,L,CW51,CW51,2025-12-21,2025-12-21,,,,2025-11-26 06:51:57.90379+00,7802c383-1ec0-41ae-9739-8ecc2faf327c,Task.xlsx,2025-11-26 06:51:57.90379+00,2025-11-26 06:51:57.90379+00,2025-12-21,2025-12,CW51,21,L
2848,8024e7b4-d63a-4b3f-96e2-4ea60381b552,L,CW52,CW52,2025-12-22,2025-12-22,,,,2025-11-26 06:51:57.90379+00,7802c383-1ec0-41ae-9739-8ecc2faf327c,Task.xlsx,2025-11-26 06:51:57.90379+00,2025-11-26 06:51:57.90379+00,2025-12-22,2025-12,CW52,22,L
2849,8024e7b4-d63a-4b3f-96e2-4ea60381b552,L,CW52,CW52,2025-12-23,2025-12-23,,,,2025-11-26 06:51:57.90379+00,7802c383-1ec0-41ae-9739-8ecc2faf327c,Task.xlsx,2025-11-26 06:51:57.90379+00,2025-11-26 06:51:57.90379+00,2025-12-23,2025-12,CW52,23,L
2850,8024e7b4-d63a-4b3f-96e2-4ea60381b552,L,CW52,CW52,2025-12-24,2025-12-24,,,,2025-11-26 06:51:57.90379+00,7802c383-1ec0-41ae-9739-8ecc2faf327c,Task.xlsx,2025-11-26 06:51:57.90379+00,2025-11-26 06:51:57.90379+00,2025-12-24,2025-12,CW52,24,L
2851,8024e7b4-d63a-4b3f-96e2-4ea60381b552,L,CW52,CW52,2025-12-25,2025-12-25,,,,2025-11-26 06:51:57.90379+00,7802c383-1ec0-41ae-9739-8ecc2faf327c,Task.xlsx,2025-11-26 06:51:57.90379+00,2025-11-26 06:51:57.90379+00,2025-12-25,2025-12,CW52,25,L
2852,8024e7b4-d63a-4b3f-96e2-4ea60381b552,L,CW52,CW52,2025-12-26,2025-12-26,,,,2025-11-26 06:51:57.90379+00,7802c383-1ec0-41ae-9739-8ecc2faf327c,Task.xlsx,2025-11-26 06:51:57.90379+00,2025-11-26 06:51:57.90379+00,2025-12-26,2025-12,CW52,26,L
2853,8024e7b4-d63a-4b3f-96e2-4ea60381b552,L,CW52,CW52,2025-12-27,2025-12-27,,,,2025-11-26 06:51:57.90379+00,7802c383-1ec0-41ae-9739-8ecc2faf327c,Task.xlsx,2025-11-26 06:51:57.90379+00,2025-11-26 06:51:57.90379+00,2025-12-27,2025-12,CW52,27,L
2854,8024e7b4-d63a-4b3f-96e2-4ea60381b552,L,CW52,CW52,2025-12-28,2025-12-28,,,,2025-11-26 06:51:57.90379+00,7802c383-1ec0-41ae-9739-8ecc2faf327c,Task.xlsx,2025-11-26 06:51:57.90379+00,2025-11-26 06:51:57.90379+00,2025-12-28,2025-12,CW52,28,L
2855,8024e7b4-d63a-4b3f-96e2-4ea60381b552,L,CW52,CW52,2025-12-29,2025-12-29,,,,2025-11-26 06:51:57.90379+00,7802c383-1ec0-41ae-9739-8ecc2faf327c,Task.xlsx,2025-11-26 06:51:57.90379+00,2025-11-26 06:51:57.90379+00,2025-12-29,2025-12,CW01,29,L
2856,8024e7b4-d63a-4b3f-96e2-4ea60381b552,L,CW52,CW52,2025-12-30,2025-12-30,,,,2025-11-26 06:51:57.90379+00,7802c383-1ec0-41ae-9739-8ecc2faf327c,Task.xlsx,2025-11-26 06:51:57.90379+00,2025-11-26 06:51:57.90379+00,2025-12-30,2025-12,CW01,30,L
2857,8024e7b4-d63a-4b3f-96e2-4ea60381b552,L,CW52,CW52,2025-12-31,2025-12-31,,,,2025-11-26 06:51:57.90379+00,7802c383-1ec0-41ae-9739-8ecc2faf327c,Task.xlsx,2025-11-26 06:51:57.90379+00,2025-11-26 06:51:57.90379+00,2025-12-31,2025-12,CW01,31,L
2858,a5a8f91e-db90-47e6-a3bf-23df178facde,WS,CW01,CW01,2025-01-02,2025-01-02,PM,LN,,2025-11-26 06:51:57.90379+00,7802c383-1ec0-41ae-9739-8ecc2faf327c,Task.xlsx,2025-11-26 06:51:57.90379+00,2025-11-26 06:51:57.90379+00,2025-01-02,2025-01,CW01,2,WS
2859,a5a8f91e-db90-47e6-a3bf-23df178facde,WS,CW01,CW01,2025-01-03,2025-01-03,AM,ED,,2025-11-26 06:51:57.90379+00,7802c383-1ec0-41ae-9739-8ecc2faf327c,Task.xlsx,2025-11-26 06:51:57.90379+00,2025-11-26 06:51:57.90379+00,2025-01-03,2025-01,CW01,3,WS
2860,a5a8f91e-db90-47e6-a3bf-23df178facde,SW,CW02,CW02,2025-01-06,2025-01-06,PM,LC,,2025-11-26 06:51:57.90379+00,7802c383-1ec0-41ae-9739-8ecc2faf327c,Task.xlsx,2025-11-26 06:51:57.90379+00,2025-11-26 06:51:57.90379+00,2025-01-06,2025-01,CW02,6,SW
2861,a5a8f91e-db90-47e6-a3bf-23df178facde,SW,CW02,CW02,2025-01-07,2025-01-07,PM,LC,,2025-11-26 06:51:57.90379+00,7802c383-1ec0-41ae-9739-8ecc2faf327c,Task.xlsx,2025-11-26 06:51:57.90379+00,2025-11-26 06:51:57.90379+00,2025-01-07,2025-01,CW02,7,SW
2862,a5a8f91e-db90-47e6-a3bf-23df178facde,SW,CW02,CW02,2025-01-08,2025-01-08,PM,LC,,2025-11-26 06:51:57.90379+00,7802c383-1ec0-41ae-9739-8ecc2faf327c,Task.xlsx,2025-11-26 06:51:57.90379+00,2025-11-26 06:51:57.90379+00,2025-01-08,2025-01,CW02,8,SW
2863,a5a8f91e-db90-47e6-a3bf-23df178facde,WS,CW02,CW02,2025-01-09,2025-01-09,,LN,,2025-11-26 06:51:57.90379+00,7802c383-1ec0-41ae-9739-8ecc2faf327c,Task.xlsx,2025-11-26 06:51:57.90379+00,2025-11-26 06:51:57.90379+00,2025-01-09,2025-01,CW02,9,WS
2864,a5a8f91e-db90-47e6-a3bf-23df178facde,T,CW02,CW02,2025-01-10,2025-01-10,,HA,,2025-11-26 06:51:57.90379+00,7802c383-1ec0-41ae-9739-8ecc2faf327c,Task.xlsx,2025-11-26 06:51:57.90379+00,2025-11-26 06:51:57.90379+00,2025-01-10,2025-01,CW02,10,T
2865,a5a8f91e-db90-47e6-a3bf-23df178facde,WS,CW03,CW03,2025-01-14,2025-01-14,,SCh,,2025-11-26 06:51:57.90379+00,7802c383-1ec0-41ae-9739-8ecc2faf327c,Task.xlsx,2025-11-26 06:51:57.90379+00,2025-11-26 06:51:57.90379+00,2025-01-14,2025-01,CW03,14,WS
2866,a5a8f91e-db90-47e6-a3bf-23df178facde,M,CW03,CW03,2025-01-15,2025-01-15,,QM,,2025-11-26 06:51:57.90379+00,7802c383-1ec0-41ae-9739-8ecc2faf327c,Task.xlsx,2025-11-26 06:51:57.90379+00,2025-11-26 06:51:57.90379+00,2025-01-15,2025-01,CW03,15,M
2867,a5a8f91e-db90-47e6-a3bf-23df178facde,M,CW04,CW04,2025-01-21,2025-01-21,,SCh,,2025-11-26 06:51:57.90379+00,7802c383-1ec0-41ae-9739-8ecc2faf327c,Task.xlsx,2025-11-26 06:51:57.90379+00,2025-11-26 06:51:57.90379+00,2025-01-21,2025-01,CW04,21,M
2868,a5a8f91e-db90-47e6-a3bf-23df178facde,M,CW04,CW04,2025-01-22,2025-01-22,,QM,,2025-11-26 06:51:57.90379+00,7802c383-1ec0-41ae-9739-8ecc2faf327c,Task.xlsx,2025-11-26 06:51:57.90379+00,2025-11-26 06:51:57.90379+00,2025-01-22,2025-01,CW04,22,M
2869,a5a8f91e-db90-47e6-a3bf-23df178facde,M,CW04,CW04,2025-01-23,2025-01-23,,DC,,2025-11-26 06:51:57.90379+00,7802c383-1ec0-41ae-9739-8ecc2faf327c,Task.xlsx,2025-11-26 06:51:57.90379+00,2025-11-26 06:51:57.90379+00,2025-01-23,2025-01,CW04,23,M
2870,a5a8f91e-db90-47e6-a3bf-23df178facde,WS,CW06,CW06,2025-02-07,2025-02-07,,LN,,2025-11-26 06:51:57.90379+00,7802c383-1ec0-41ae-9739-8ecc2faf327c,Task.xlsx,2025-11-26 06:51:57.90379+00,2025-11-26 06:51:57.90379+00,2025-02-07,2025-02,CW06,7,WS
2871,a5a8f91e-db90-47e6-a3bf-23df178facde,WS,CW06,CW06,2025-02-08,2025-02-08,FI,LN,,2025-11-26 06:51:57.90379+00,7802c383-1ec0-41ae-9739-8ecc2faf327c,Task.xlsx,2025-11-26 06:51:57.90379+00,2025-11-26 06:51:57.90379+00,2025-02-08,2025-02,CW06,8,WS
2872,a5a8f91e-db90-47e6-a3bf-23df178facde,M,CW07,CW07,2025-02-14,2025-02-14,FI,LN,,2025-11-26 06:51:57.90379+00,7802c383-1ec0-41ae-9739-8ecc2faf327c,Task.xlsx,2025-11-26 06:51:57.90379+00,2025-11-26 06:51:57.90379+00,2025-02-14,2025-02,CW07,14,M
2873,a5a8f91e-db90-47e6-a3bf-23df178facde,M,CW08,CW08,2025-02-17,2025-02-17,AM,DC,,2025-11-26 06:51:57.90379+00,7802c383-1ec0-41ae-9739-8ecc2faf327c,Task.xlsx,2025-11-26 06:51:57.90379+00,2025-11-26 06:51:57.90379+00,2025-02-17,2025-02,CW08,17,M
2874,a5a8f91e-db90-47e6-a3bf-23df178facde,M,CW08,CW08,2025-02-18,2025-02-18,,SCh,,2025-11-26 06:51:57.90379+00,7802c383-1ec0-41ae-9739-8ecc2faf327c,Task.xlsx,2025-11-26 06:51:57.90379+00,2025-11-26 06:51:57.90379+00,2025-02-18,2025-02,CW08,18,M
2875,a5a8f91e-db90-47e6-a3bf-23df178facde,M,CW08,CW08,2025-02-20,2025-02-20,,LN,,2025-11-26 06:51:57.90379+00,7802c383-1ec0-41ae-9739-8ecc2faf327c,Task.xlsx,2025-11-26 06:51:57.90379+00,2025-11-26 06:51:57.90379+00,2025-02-20,2025-02,CW08,20,M
2876,a5a8f91e-db90-47e6-a3bf-23df178facde,M,CW09,CW09,2025-02-24,2025-02-24,,SCh,,2025-11-26 06:51:57.90379+00,7802c383-1ec0-41ae-9739-8ecc2faf327c,Task.xlsx,2025-11-26 06:51:57.90379+00,2025-11-26 06:51:57.90379+00,2025-02-24,2025-02,CW09,24,M
2877,a5a8f91e-db90-47e6-a3bf-23df178facde,M,CW09,CW09,2025-02-25,2025-02-25,,SCh,,2025-11-26 06:51:57.90379+00,7802c383-1ec0-41ae-9739-8ecc2faf327c,Task.xlsx,2025-11-26 06:51:57.90379+00,2025-11-26 06:51:57.90379+00,2025-02-25,2025-02,CW09,25,M
2878,a5a8f91e-db90-47e6-a3bf-23df178facde,P,CW10,CW10,2025-03-03,2025-03-03,Lab,DC,,2025-11-26 06:51:57.90379+00,7802c383-1ec0-41ae-9739-8ecc2faf327c,Task.xlsx,2025-11-26 06:51:57.90379+00,2025-11-26 06:51:57.90379+00,2025-03-03,2025-03,CW10,3,P
2879,a5a8f91e-db90-47e6-a3bf-23df178facde,P,CW10,CW10,2025-03-04,2025-03-04,MEJ,SCh,,2025-11-26 06:51:57.90379+00,7802c383-1ec0-41ae-9739-8ecc2faf327c,Task.xlsx,2025-11-26 06:51:57.90379+00,2025-11-26 06:51:57.90379+00,2025-03-04,2025-03,CW10,4,P
2880,a5a8f91e-db90-47e6-a3bf-23df178facde,P,CW10,CW10,2025-03-05,2025-03-05,RC,RC,,2025-11-26 06:51:57.90379+00,7802c383-1ec0-41ae-9739-8ecc2faf327c,Task.xlsx,2025-11-26 06:51:57.90379+00,2025-11-26 06:51:57.90379+00,2025-03-05,2025-03,CW10,5,P
2881,a5a8f91e-db90-47e6-a3bf-23df178facde,M,CW10,CW10,2025-03-06,2025-03-06,DT dialog,LN,,2025-11-26 06:51:57.90379+00,7802c383-1ec0-41ae-9739-8ecc2faf327c,Task.xlsx,2025-11-26 06:51:57.90379+00,2025-11-26 06:51:57.90379+00,2025-03-06,2025-03,CW10,6,M
2882,a5a8f91e-db90-47e6-a3bf-23df178facde,P,CW10,CW10,2025-03-07,2025-03-07,HA culture wall,SCh,,2025-11-26 06:51:57.90379+00,7802c383-1ec0-41ae-9739-8ecc2faf327c,Task.xlsx,2025-11-26 06:51:57.90379+00,2025-11-26 06:51:57.90379+00,2025-03-07,2025-03,CW10,7,P
2883,a5a8f91e-db90-47e6-a3bf-23df178facde,P,CW11,CW11,2025-03-10,2025-03-10,MEA,CL,,2025-11-26 06:51:57.90379+00,7802c383-1ec0-41ae-9739-8ecc2faf327c,Task.xlsx,2025-11-26 06:51:57.90379+00,2025-11-26 06:51:57.90379+00,2025-03-10,2025-03,CW11,10,P
2884,a5a8f91e-db90-47e6-a3bf-23df178facde,P,CW11,CW11,2025-03-11,2025-03-11,HA culture wall,SCh,,2025-11-26 06:51:57.90379+00,7802c383-1ec0-41ae-9739-8ecc2faf327c,Task.xlsx,2025-11-26 06:51:57.90379+00,2025-11-26 06:51:57.90379+00,2025-03-11,2025-03,CW11,11,P
2885,a5a8f91e-db90-47e6-a3bf-23df178facde,T,CW11,CW11,2025-03-12,2025-03-12,PM,LC,,2025-11-26 06:51:57.90379+00,7802c383-1ec0-41ae-9739-8ecc2faf327c,Task.xlsx,2025-11-26 06:51:57.90379+00,2025-11-26 06:51:57.90379+00,2025-03-12,2025-03,CW11,12,T
2886,a5a8f91e-db90-47e6-a3bf-23df178facde,P,CW11,CW11,2025-03-13,2025-03-13,MEJ,SCh,,2025-11-26 06:51:57.90379+00,7802c383-1ec0-41ae-9739-8ecc2faf327c,Task.xlsx,2025-11-26 06:51:57.90379+00,2025-11-26 06:51:57.90379+00,2025-03-13,2025-03,CW11,13,P
2887,a5a8f91e-db90-47e6-a3bf-23df178facde,P,CW11,CW11,2025-03-14,2025-03-14,MEA,CL,,2025-11-26 06:51:57.90379+00,7802c383-1ec0-41ae-9739-8ecc2faf327c,Task.xlsx,2025-11-26 06:51:57.90379+00,2025-11-26 06:51:57.90379+00,2025-03-14,2025-03,CW11,14,P
2888,a5a8f91e-db90-47e6-a3bf-23df178facde,M,CW12,CW12,2025-03-17,2025-03-17,FI,CL,,2025-11-26 06:51:57.90379+00,7802c383-1ec0-41ae-9739-8ecc2faf327c,Task.xlsx,2025-11-26 06:51:57.90379+00,2025-11-26 06:51:57.90379+00,2025-03-17,2025-03,CW12,17,M
2889,a5a8f91e-db90-47e6-a3bf-23df178facde,M,CW12,CW12,2025-03-18,2025-03-18,MOE,SCh,,2025-11-26 06:51:57.90379+00,7802c383-1ec0-41ae-9739-8ecc2faf327c,Task.xlsx,2025-11-26 06:51:57.90379+00,2025-11-26 06:51:57.90379+00,2025-03-18,2025-03,CW12,18,M
2890,a5a8f91e-db90-47e6-a3bf-23df178facde,P,CW12,CW12,2025-03-19,2025-03-19,HA culture wall,SCh,,2025-11-26 06:51:57.90379+00,7802c383-1ec0-41ae-9739-8ecc2faf327c,Task.xlsx,2025-11-26 06:51:57.90379+00,2025-11-26 06:51:57.90379+00,2025-03-19,2025-03,CW12,19,P
2891,a5a8f91e-db90-47e6-a3bf-23df178facde,P,CW12,CW12,2025-03-20,2025-03-20,Lab,DC,,2025-11-26 06:51:57.90379+00,7802c383-1ec0-41ae-9739-8ecc2faf327c,Task.xlsx,2025-11-26 06:51:57.90379+00,2025-11-26 06:51:57.90379+00,2025-03-20,2025-03,CW12,20,P
2892,a5a8f91e-db90-47e6-a3bf-23df178facde,P,CW12,CW12,2025-03-21,2025-03-21,MEA,CL,,2025-11-26 06:51:57.90379+00,7802c383-1ec0-41ae-9739-8ecc2faf327c,Task.xlsx,2025-11-26 06:51:57.90379+00,2025-11-26 06:51:57.90379+00,2025-03-21,2025-03,CW12,21,P
2893,a5a8f91e-db90-47e6-a3bf-23df178facde,P,CW13,CW13,2025-03-24,2025-03-24,MP,SC,,2025-11-26 06:51:57.90379+00,7802c383-1ec0-41ae-9739-8ecc2faf327c,Task.xlsx,2025-11-26 06:51:57.90379+00,2025-11-26 06:51:57.90379+00,2025-03-24,2025-03,CW13,24,P
2894,a5a8f91e-db90-47e6-a3bf-23df178facde,T,CW13,CW13,2025-03-25,2025-03-25,Central pillar,SNa,,2025-11-26 06:51:57.90379+00,7802c383-1ec0-41ae-9739-8ecc2faf327c,Task.xlsx,2025-11-26 06:51:57.90379+00,2025-11-26 06:51:57.90379+00,2025-03-25,2025-03,CW13,25,T
2895,a5a8f91e-db90-47e6-a3bf-23df178facde,T,CW13,CW13,2025-03-26,2025-03-26,,SNa,,2025-11-26 06:51:57.90379+00,7802c383-1ec0-41ae-9739-8ecc2faf327c,Task.xlsx,2025-11-26 06:51:57.90379+00,2025-11-26 06:51:57.90379+00,2025-03-26,2025-03,CW13,26,T
2896,a5a8f91e-db90-47e6-a3bf-23df178facde,M,CW13,CW13,2025-03-27,2025-03-27,FI,DC,,2025-11-26 06:51:57.90379+00,7802c383-1ec0-41ae-9739-8ecc2faf327c,Task.xlsx,2025-11-26 06:51:57.90379+00,2025-11-26 06:51:57.90379+00,2025-03-27,2025-03,CW13,27,M
2897,a5a8f91e-db90-47e6-a3bf-23df178facde,P,CW13,CW13,2025-03-28,2025-03-28,MEA,CL,,2025-11-26 06:51:57.90379+00,7802c383-1ec0-41ae-9739-8ecc2faf327c,Task.xlsx,2025-11-26 06:51:57.90379+00,2025-11-26 06:51:57.90379+00,2025-03-28,2025-03,CW13,28,P
2898,a5a8f91e-db90-47e6-a3bf-23df178facde,P,CW14,CW14,2025-03-31,2025-03-31,,SNa,,2025-11-26 06:51:57.90379+00,7802c383-1ec0-41ae-9739-8ecc2faf327c,Task.xlsx,2025-11-26 06:51:57.90379+00,2025-11-26 06:51:57.90379+00,2025-03-31,2025-03,CW14,31,P
2899,a5a8f91e-db90-47e6-a3bf-23df178facde,P,CW14,CW14,2025-04-01,2025-04-01,MEA,CL,,2025-11-26 06:51:57.90379+00,7802c383-1ec0-41ae-9739-8ecc2faf327c,Task.xlsx,2025-11-26 06:51:57.90379+00,2025-11-26 06:51:57.90379+00,2025-04-01,2025-04,CW14,1,P
2900,a5a8f91e-db90-47e6-a3bf-23df178facde,M,CW14,CW14,2025-04-02,2025-04-02,ME,CG,,2025-11-26 06:51:57.90379+00,7802c383-1ec0-41ae-9739-8ecc2faf327c,Task.xlsx,2025-11-26 06:51:57.90379+00,2025-11-26 06:51:57.90379+00,2025-04-02,2025-04,CW14,2,M
2901,a5a8f91e-db90-47e6-a3bf-23df178facde,P,CW14,CW14,2025-04-03,2025-04-03,HA culture wall,SCh,,2025-11-26 06:51:57.90379+00,7802c383-1ec0-41ae-9739-8ecc2faf327c,Task.xlsx,2025-11-26 06:51:57.90379+00,2025-11-26 06:51:57.90379+00,2025-04-03,2025-04,CW14,3,P
2902,a5a8f91e-db90-47e6-a3bf-23df178facde,M,CW15,CW15,2025-04-07,2025-04-07,PM/AM,ED,,2025-11-26 06:51:57.90379+00,7802c383-1ec0-41ae-9739-8ecc2faf327c,Task.xlsx,2025-11-26 06:51:57.90379+00,2025-11-26 06:51:57.90379+00,2025-04-07,2025-04,CW15,7,M
2903,a5a8f91e-db90-47e6-a3bf-23df178facde,P,CW15,CW15,2025-04-08,2025-04-08,MEA,CL,,2025-11-26 06:51:57.90379+00,7802c383-1ec0-41ae-9739-8ecc2faf327c,Task.xlsx,2025-11-26 06:51:57.90379+00,2025-11-26 06:51:57.90379+00,2025-04-08,2025-04,CW15,8,P
2904,a5a8f91e-db90-47e6-a3bf-23df178facde,T,CW15,CW15,2025-04-09,2025-04-09,SC & assessment,LC,,2025-11-26 06:51:57.90379+00,7802c383-1ec0-41ae-9739-8ecc2faf327c,Task.xlsx,2025-11-26 06:51:57.90379+00,2025-11-26 06:51:57.90379+00,2025-04-09,2025-04,CW15,9,T
2905,a5a8f91e-db90-47e6-a3bf-23df178facde,T,CW15,CW15,2025-04-10,2025-04-10,,LC,,2025-11-26 06:51:57.90379+00,7802c383-1ec0-41ae-9739-8ecc2faf327c,Task.xlsx,2025-11-26 06:51:57.90379+00,2025-11-26 06:51:57.90379+00,2025-04-10,2025-04,CW15,10,T
2906,a5a8f91e-db90-47e6-a3bf-23df178facde,P,CW15,CW15,2025-04-11,2025-04-11,MEJ,SCh,,2025-11-26 06:51:57.90379+00,7802c383-1ec0-41ae-9739-8ecc2faf327c,Task.xlsx,2025-11-26 06:51:57.90379+00,2025-11-26 06:51:57.90379+00,2025-04-11,2025-04,CW15,11,P
2907,a5a8f91e-db90-47e6-a3bf-23df178facde,M,CW16,CW16,2025-04-15,2025-04-15,MOE,SCh,,2025-11-26 06:51:57.90379+00,7802c383-1ec0-41ae-9739-8ecc2faf327c,Task.xlsx,2025-11-26 06:51:57.90379+00,2025-11-26 06:51:57.90379+00,2025-04-15,2025-04,CW16,15,M
2908,a5a8f91e-db90-47e6-a3bf-23df178facde,P,CW16,CW16,2025-04-16,2025-04-16,Lab,DC,,2025-11-26 06:51:57.90379+00,7802c383-1ec0-41ae-9739-8ecc2faf327c,Task.xlsx,2025-11-26 06:51:57.90379+00,2025-11-26 06:51:57.90379+00,2025-04-16,2025-04,CW16,16,P
2909,a5a8f91e-db90-47e6-a3bf-23df178facde,P,CW16,CW16,2025-04-17,2025-04-17,MEA,CL,,2025-11-26 06:51:57.90379+00,7802c383-1ec0-41ae-9739-8ecc2faf327c,Task.xlsx,2025-11-26 06:51:57.90379+00,2025-11-26 06:51:57.90379+00,2025-04-17,2025-04,CW16,17,P
2910,a5a8f91e-db90-47e6-a3bf-23df178facde,T,CW17,CW17,2025-04-21,2025-04-21,FI S2,LN,,2025-11-26 06:51:57.90379+00,7802c383-1ec0-41ae-9739-8ecc2faf327c,Task.xlsx,2025-11-26 06:51:57.90379+00,2025-11-26 06:51:57.90379+00,2025-04-21,2025-04,CW17,21,T
2911,a5a8f91e-db90-47e6-a3bf-23df178facde,P,CW17,CW17,2025-04-22,2025-04-22,MEA,CL,,2025-11-26 06:51:57.90379+00,7802c383-1ec0-41ae-9739-8ecc2faf327c,Task.xlsx,2025-11-26 06:51:57.90379+00,2025-11-26 06:51:57.90379+00,2025-04-22,2025-04,CW17,22,P
2912,a5a8f91e-db90-47e6-a3bf-23df178facde,T,CW17,CW17,2025-04-23,2025-04-23,WAtS,LC,,2025-11-26 06:51:57.90379+00,7802c383-1ec0-41ae-9739-8ecc2faf327c,Task.xlsx,2025-11-26 06:51:57.90379+00,2025-11-26 06:51:57.90379+00,2025-04-23,2025-04,CW17,23,T
2913,a5a8f91e-db90-47e6-a3bf-23df178facde,T,CW17,CW17,2025-04-24,2025-04-24,,LC,,2025-11-26 06:51:57.90379+00,7802c383-1ec0-41ae-9739-8ecc2faf327c,Task.xlsx,2025-11-26 06:51:57.90379+00,2025-11-26 06:51:57.90379+00,2025-04-24,2025-04,CW17,24,T
2914,a5a8f91e-db90-47e6-a3bf-23df178facde,T,CW17,CW17,2025-04-25,2025-04-25,,LC,,2025-11-26 06:51:57.90379+00,7802c383-1ec0-41ae-9739-8ecc2faf327c,Task.xlsx,2025-11-26 06:51:57.90379+00,2025-11-26 06:51:57.90379+00,2025-04-25,2025-04,CW17,25,T
2915,a5a8f91e-db90-47e6-a3bf-23df178facde,M,CW18,CW18,2025-04-28,2025-04-28,FI,DC,,2025-11-26 06:51:57.90379+00,7802c383-1ec0-41ae-9739-8ecc2faf327c,Task.xlsx,2025-11-26 06:51:57.90379+00,2025-11-26 06:51:57.90379+00,2025-04-28,2025-04,CW18,28,M
2916,a5a8f91e-db90-47e6-a3bf-23df178facde,P,CW18,CW18,2025-04-29,2025-04-29,MEA,CL,,2025-11-26 06:51:57.90379+00,7802c383-1ec0-41ae-9739-8ecc2faf327c,Task.xlsx,2025-11-26 06:51:57.90379+00,2025-11-26 06:51:57.90379+00,2025-04-29,2025-04,CW18,29,P
2917,a5a8f91e-db90-47e6-a3bf-23df178facde,P,CW18,CW18,2025-04-30,2025-04-30,Lab,DC,,2025-11-26 06:51:57.90379+00,7802c383-1ec0-41ae-9739-8ecc2faf327c,Task.xlsx,2025-11-26 06:51:57.90379+00,2025-11-26 06:51:57.90379+00,2025-04-30,2025-04,CW18,30,P
2918,a5a8f91e-db90-47e6-a3bf-23df178facde,T,CW19,CW19,2025-05-06,2025-05-06,FI,LN,,2025-11-26 06:51:57.90379+00,7802c383-1ec0-41ae-9739-8ecc2faf327c,Task.xlsx,2025-11-26 06:51:57.90379+00,2025-11-26 06:51:57.90379+00,2025-05-06,2025-05,CW19,6,T
2919,a5a8f91e-db90-47e6-a3bf-23df178facde,T,CW19,CW19,2025-05-07,2025-05-07,AM,CG,,2025-11-26 06:51:57.90379+00,7802c383-1ec0-41ae-9739-8ecc2faf327c,Task.xlsx,2025-11-26 06:51:57.90379+00,2025-11-26 06:51:57.90379+00,2025-05-07,2025-05,CW19,7,T
2920,a5a8f91e-db90-47e6-a3bf-23df178facde,T,CW19,CW19,2025-05-08,2025-05-08,TPM,LC,,2025-11-26 06:51:57.90379+00,7802c383-1ec0-41ae-9739-8ecc2faf327c,Task.xlsx,2025-11-26 06:51:57.90379+00,2025-11-26 06:51:57.90379+00,2025-05-08,2025-05,CW19,8,T
2921,a5a8f91e-db90-47e6-a3bf-23df178facde,T,CW19,CW19,2025-05-09,2025-05-09,,LC,,2025-11-26 06:51:57.90379+00,7802c383-1ec0-41ae-9739-8ecc2faf327c,Task.xlsx,2025-11-26 06:51:57.90379+00,2025-11-26 06:51:57.90379+00,2025-05-09,2025-05,CW19,9,T
2922,a5a8f91e-db90-47e6-a3bf-23df178facde,P,CW20,CW20,2025-05-12,2025-05-12,Lab,DC,,2025-11-26 06:51:57.90379+00,7802c383-1ec0-41ae-9739-8ecc2faf327c,Task.xlsx,2025-11-26 06:51:57.90379+00,2025-11-26 06:51:57.90379+00,2025-05-12,2025-05,CW20,12,P
2923,a5a8f91e-db90-47e6-a3bf-23df178facde,P,CW20,CW20,2025-05-13,2025-05-13,MEA,CL,,2025-11-26 06:51:57.90379+00,7802c383-1ec0-41ae-9739-8ecc2faf327c,Task.xlsx,2025-11-26 06:51:57.90379+00,2025-11-26 06:51:57.90379+00,2025-05-13,2025-05,CW20,13,P
2924,a5a8f91e-db90-47e6-a3bf-23df178facde,M,CW20,CW20,2025-05-14,2025-05-14,PM,CL,,2025-11-26 06:51:57.90379+00,7802c383-1ec0-41ae-9739-8ecc2faf327c,Task.xlsx,2025-11-26 06:51:57.90379+00,2025-11-26 06:51:57.90379+00,2025-05-14,2025-05,CW20,14,M
2925,a5a8f91e-db90-47e6-a3bf-23df178facde,SD,CW20,CW20,2025-05-15,2025-05-15,,,,2025-11-26 06:51:57.90379+00,7802c383-1ec0-41ae-9739-8ecc2faf327c,Task.xlsx,2025-11-26 06:51:57.90379+00,2025-11-26 06:51:57.90379+00,2025-05-15,2025-05,CW20,15,SD
2926,a5a8f91e-db90-47e6-a3bf-23df178facde,SD,CW20,CW20,2025-05-16,2025-05-16,,,,2025-11-26 06:51:57.90379+00,7802c383-1ec0-41ae-9739-8ecc2faf327c,Task.xlsx,2025-11-26 06:51:57.90379+00,2025-11-26 06:51:57.90379+00,2025-05-16,2025-05,CW20,16,SD
2927,a5a8f91e-db90-47e6-a3bf-23df178facde,M,CW21,CW21,2025-05-19,2025-05-19,AM,CL,,2025-11-26 06:51:57.90379+00,7802c383-1ec0-41ae-9739-8ecc2faf327c,Task.xlsx,2025-11-26 06:51:57.90379+00,2025-11-26 06:51:57.90379+00,2025-05-19,2025-05,CW21,19,M
2928,a5a8f91e-db90-47e6-a3bf-23df178facde,P,CW21,CW21,2025-05-20,2025-05-20,MEA,CL,,2025-11-26 06:51:57.90379+00,7802c383-1ec0-41ae-9739-8ecc2faf327c,Task.xlsx,2025-11-26 06:51:57.90379+00,2025-11-26 06:51:57.90379+00,2025-05-20,2025-05,CW21,20,P
2929,a5a8f91e-db90-47e6-a3bf-23df178facde,SD,CW21,CW21,2025-05-21,2025-05-21,External Training,,,2025-11-26 06:51:57.90379+00,7802c383-1ec0-41ae-9739-8ecc2faf327c,Task.xlsx,2025-11-26 06:51:57.90379+00,2025-11-26 06:51:57.90379+00,2025-05-21,2025-05,CW21,21,SD
2930,a5a8f91e-db90-47e6-a3bf-23df178facde,SD,CW21,CW21,2025-05-22,2025-05-22,,,,2025-11-26 06:51:57.90379+00,7802c383-1ec0-41ae-9739-8ecc2faf327c,Task.xlsx,2025-11-26 06:51:57.90379+00,2025-11-26 06:51:57.90379+00,2025-05-22,2025-05,CW21,22,SD
2931,a5a8f91e-db90-47e6-a3bf-23df178facde,T,CW21,CW21,2025-05-23,2025-05-23,S-CIP,EA,,2025-11-26 06:51:57.90379+00,7802c383-1ec0-41ae-9739-8ecc2faf327c,Task.xlsx,2025-11-26 06:51:57.90379+00,2025-11-26 06:51:57.90379+00,2025-05-23,2025-05,CW21,23,T
2932,a5a8f91e-db90-47e6-a3bf-23df178facde,P,CW22,CW22,2025-05-26,2025-05-26,MET,SCh,,2025-11-26 06:51:57.90379+00,7802c383-1ec0-41ae-9739-8ecc2faf327c,Task.xlsx,2025-11-26 06:51:57.90379+00,2025-11-26 06:51:57.90379+00,2025-05-26,2025-05,CW22,26,P
2933,a5a8f91e-db90-47e6-a3bf-23df178facde,P,CW22,CW22,2025-05-27,2025-05-27,MEA,CL,,2025-11-26 06:51:57.90379+00,7802c383-1ec0-41ae-9739-8ecc2faf327c,Task.xlsx,2025-11-26 06:51:57.90379+00,2025-11-26 06:51:57.90379+00,2025-05-27,2025-05,CW22,27,P
2934,a5a8f91e-db90-47e6-a3bf-23df178facde,P,CW22,CW22,2025-05-28,2025-05-28,MET,SCh,,2025-11-26 06:51:57.90379+00,7802c383-1ec0-41ae-9739-8ecc2faf327c,Task.xlsx,2025-11-26 06:51:57.90379+00,2025-11-26 06:51:57.90379+00,2025-05-28,2025-05,CW22,28,P
2935,a5a8f91e-db90-47e6-a3bf-23df178facde,P,CW22,CW22,2025-05-29,2025-05-29,Lab,DC,,2025-11-26 06:51:57.90379+00,7802c383-1ec0-41ae-9739-8ecc2faf327c,Task.xlsx,2025-11-26 06:51:57.90379+00,2025-11-26 06:51:57.90379+00,2025-05-29,2025-05,CW22,29,P
2936,a5a8f91e-db90-47e6-a3bf-23df178facde,P,CW22,CW22,2025-05-30,2025-05-30,HA culture wall,SCh,,2025-11-26 06:51:57.90379+00,7802c383-1ec0-41ae-9739-8ecc2faf327c,Task.xlsx,2025-11-26 06:51:57.90379+00,2025-11-26 06:51:57.90379+00,2025-05-30,2025-05,CW22,30,P
2937,a5a8f91e-db90-47e6-a3bf-23df178facde,P,CW23,CW23,2025-06-03,2025-06-03,MEA,CL,,2025-11-26 06:51:57.90379+00,7802c383-1ec0-41ae-9739-8ecc2faf327c,Task.xlsx,2025-11-26 06:51:57.90379+00,2025-11-26 06:51:57.90379+00,2025-06-03,2025-06,CW23,3,P
2938,a5a8f91e-db90-47e6-a3bf-23df178facde,P,CW23,CW23,2025-06-04,2025-06-04,MET,SCh,,2025-11-26 06:51:57.90379+00,7802c383-1ec0-41ae-9739-8ecc2faf327c,Task.xlsx,2025-11-26 06:51:57.90379+00,2025-11-26 06:51:57.90379+00,2025-06-04,2025-06,CW23,4,P
2939,a5a8f91e-db90-47e6-a3bf-23df178facde,P,CW23,CW23,2025-06-05,2025-06-05,Lab,DC,,2025-11-26 06:51:57.90379+00,7802c383-1ec0-41ae-9739-8ecc2faf327c,Task.xlsx,2025-11-26 06:51:57.90379+00,2025-11-26 06:51:57.90379+00,2025-06-05,2025-06,CW23,5,P
2940,a5a8f91e-db90-47e6-a3bf-23df178facde,P,CW23,CW23,2025-06-06,2025-06-06,HA culture wall,SCh,,2025-11-26 06:51:57.90379+00,7802c383-1ec0-41ae-9739-8ecc2faf327c,Task.xlsx,2025-11-26 06:51:57.90379+00,2025-11-26 06:51:57.90379+00,2025-06-06,2025-06,CW23,6,P
2941,a5a8f91e-db90-47e6-a3bf-23df178facde,M,CW24,CW24,2025-06-09,2025-06-09,BPS,SNa,,2025-11-26 06:51:57.90379+00,7802c383-1ec0-41ae-9739-8ecc2faf327c,Task.xlsx,2025-11-26 06:51:57.90379+00,2025-11-26 06:51:57.90379+00,2025-06-09,2025-06,CW24,9,M
2942,a5a8f91e-db90-47e6-a3bf-23df178facde,P,CW24,CW24,2025-06-10,2025-06-10,MET,SCh,,2025-11-26 06:51:57.90379+00,7802c383-1ec0-41ae-9739-8ecc2faf327c,Task.xlsx,2025-11-26 06:51:57.90379+00,2025-11-26 06:51:57.90379+00,2025-06-10,2025-06,CW24,10,P
2943,a5a8f91e-db90-47e6-a3bf-23df178facde,T,CW24,CW24,2025-06-11,2025-06-11,LLD,LN,,2025-11-26 06:51:57.90379+00,7802c383-1ec0-41ae-9739-8ecc2faf327c,Task.xlsx,2025-11-26 06:51:57.90379+00,2025-11-26 06:51:57.90379+00,2025-06-11,2025-06,CW24,11,T
2944,a5a8f91e-db90-47e6-a3bf-23df178facde,T,CW24,CW24,2025-06-12,2025-06-12,FOL,LN,,2025-11-26 06:51:57.90379+00,7802c383-1ec0-41ae-9739-8ecc2faf327c,Task.xlsx,2025-11-26 06:51:57.90379+00,2025-11-26 06:51:57.90379+00,2025-06-12,2025-06,CW24,12,T
2945,a5a8f91e-db90-47e6-a3bf-23df178facde,P,CW24,CW24,2025-06-13,2025-06-13,HA culture wall,SCh,,2025-11-26 06:51:57.90379+00,7802c383-1ec0-41ae-9739-8ecc2faf327c,Task.xlsx,2025-11-26 06:51:57.90379+00,2025-11-26 06:51:57.90379+00,2025-06-13,2025-06,CW24,13,P
2946,a5a8f91e-db90-47e6-a3bf-23df178facde,P,CW25,CW25,2025-06-16,2025-06-16,HA culture wall,SCh,,2025-11-26 06:51:57.90379+00,7802c383-1ec0-41ae-9739-8ecc2faf327c,Task.xlsx,2025-11-26 06:51:57.90379+00,2025-11-26 06:51:57.90379+00,2025-06-16,2025-06,CW25,16,P
2947,a5a8f91e-db90-47e6-a3bf-23df178facde,M,CW25,CW25,2025-06-17,2025-06-17,Site Day,SCh,,2025-11-26 06:51:57.90379+00,7802c383-1ec0-41ae-9739-8ecc2faf327c,Task.xlsx,2025-11-26 06:51:57.90379+00,2025-11-26 06:51:57.90379+00,2025-06-17,2025-06,CW25,17,M
2948,a5a8f91e-db90-47e6-a3bf-23df178facde,P,CW25,CW25,2025-06-18,2025-06-18,MET,SCh,,2025-11-26 06:51:57.90379+00,7802c383-1ec0-41ae-9739-8ecc2faf327c,Task.xlsx,2025-11-26 06:51:57.90379+00,2025-11-26 06:51:57.90379+00,2025-06-18,2025-06,CW25,18,P
2949,a5a8f91e-db90-47e6-a3bf-23df178facde,P,CW25,CW25,2025-06-19,2025-06-19,Lab,DC,,2025-11-26 06:51:57.90379+00,7802c383-1ec0-41ae-9739-8ecc2faf327c,Task.xlsx,2025-11-26 06:51:57.90379+00,2025-11-26 06:51:57.90379+00,2025-06-19,2025-06,CW25,19,P
2950,a5a8f91e-db90-47e6-a3bf-23df178facde,P,CW25,CW25,2025-06-20,2025-06-20,HA culture wall,SCh,,2025-11-26 06:51:57.90379+00,7802c383-1ec0-41ae-9739-8ecc2faf327c,Task.xlsx,2025-11-26 06:51:57.90379+00,2025-11-26 06:51:57.90379+00,2025-06-20,2025-06,CW25,20,P
2951,a5a8f91e-db90-47e6-a3bf-23df178facde,P,CW26,CW26,2025-06-25,2025-06-25,MET,SCh,,2025-11-26 06:51:57.90379+00,7802c383-1ec0-41ae-9739-8ecc2faf327c,Task.xlsx,2025-11-26 06:51:57.90379+00,2025-11-26 06:51:57.90379+00,2025-06-25,2025-06,CW26,25,P
2952,a5a8f91e-db90-47e6-a3bf-23df178facde,P,CW26,CW26,2025-06-26,2025-06-26,Lab,DC,,2025-11-26 06:51:57.90379+00,7802c383-1ec0-41ae-9739-8ecc2faf327c,Task.xlsx,2025-11-26 06:51:57.90379+00,2025-11-26 06:51:57.90379+00,2025-06-26,2025-06,CW26,26,P
2953,a5a8f91e-db90-47e6-a3bf-23df178facde,P,CW27,CW27,2025-07-03,2025-07-03,Lab,DC,,2025-11-26 06:51:57.90379+00,7802c383-1ec0-41ae-9739-8ecc2faf327c,Task.xlsx,2025-11-26 06:51:57.90379+00,2025-11-26 06:51:57.90379+00,2025-07-03,2025-07,CW27,3,P
2954,a5a8f91e-db90-47e6-a3bf-23df178facde,P,CW28,CW28,2025-07-09,2025-07-09,MET,SCh,,2025-11-26 06:51:57.90379+00,7802c383-1ec0-41ae-9739-8ecc2faf327c,Task.xlsx,2025-11-26 06:51:57.90379+00,2025-11-26 06:51:57.90379+00,2025-07-09,2025-07,CW28,9,P
2955,a5a8f91e-db90-47e6-a3bf-23df178facde,P,CW28,CW28,2025-07-10,2025-07-10,Lab,DC,,2025-11-26 06:51:57.90379+00,7802c383-1ec0-41ae-9739-8ecc2faf327c,Task.xlsx,2025-11-26 06:51:57.90379+00,2025-11-26 06:51:57.90379+00,2025-07-10,2025-07,CW28,10,P
2956,a5a8f91e-db90-47e6-a3bf-23df178facde,P,CW30,CW30,2025-07-24,2025-07-24,Lab,DC,,2025-11-26 06:51:57.90379+00,7802c383-1ec0-41ae-9739-8ecc2faf327c,Task.xlsx,2025-11-26 06:51:57.90379+00,2025-11-26 06:51:57.90379+00,2025-07-24,2025-07,CW30,24,P
2957,a5a8f91e-db90-47e6-a3bf-23df178facde,P,CW32,CW32,2025-08-04,2025-08-04,MET,SCh,,2025-11-26 06:51:57.90379+00,7802c383-1ec0-41ae-9739-8ecc2faf327c,Task.xlsx,2025-11-26 06:51:57.90379+00,2025-11-26 06:51:57.90379+00,2025-08-04,2025-08,CW32,4,P
2958,a5a8f91e-db90-47e6-a3bf-23df178facde,P,CW33,CW33,2025-08-11,2025-08-11,MET,SCh,,2025-11-26 06:51:57.90379+00,7802c383-1ec0-41ae-9739-8ecc2faf327c,Task.xlsx,2025-11-26 06:51:57.90379+00,2025-11-26 06:51:57.90379+00,2025-08-11,2025-08,CW33,11,P
2959,a5a8f91e-db90-47e6-a3bf-23df178facde,P,CW34,CW34,2025-08-18,2025-08-18,Kyoben Preparation,LC,,2025-11-26 06:51:57.90379+00,7802c383-1ec0-41ae-9739-8ecc2faf327c,Task.xlsx,2025-11-26 06:51:57.90379+00,2025-11-26 06:51:57.90379+00,2025-08-18,2025-08,CW34,18,P
2960,a5a8f91e-db90-47e6-a3bf-23df178facde,P,CW34,CW34,2025-08-19,2025-08-19,,LC,,2025-11-26 06:51:57.90379+00,7802c383-1ec0-41ae-9739-8ecc2faf327c,Task.xlsx,2025-11-26 06:51:57.90379+00,2025-11-26 06:51:57.90379+00,2025-08-19,2025-08,CW34,19,P
2961,a5a8f91e-db90-47e6-a3bf-23df178facde,P,CW34,CW34,2025-08-20,2025-08-20,,LC,,2025-11-26 06:51:57.90379+00,7802c383-1ec0-41ae-9739-8ecc2faf327c,Task.xlsx,2025-11-26 06:51:57.90379+00,2025-11-26 06:51:57.90379+00,2025-08-20,2025-08,CW34,20,P
2962,a5a8f91e-db90-47e6-a3bf-23df178facde,P,CW34,CW34,2025-08-21,2025-08-21,,LC,,2025-11-26 06:51:57.90379+00,7802c383-1ec0-41ae-9739-8ecc2faf327c,Task.xlsx,2025-11-26 06:51:57.90379+00,2025-11-26 06:51:57.90379+00,2025-08-21,2025-08,CW34,21,P
2963,a5a8f91e-db90-47e6-a3bf-23df178facde,P,CW34,CW34,2025-08-22,2025-08-22,,LC,,2025-11-26 06:51:57.90379+00,7802c383-1ec0-41ae-9739-8ecc2faf327c,Task.xlsx,2025-11-26 06:51:57.90379+00,2025-11-26 06:51:57.90379+00,2025-08-22,2025-08,CW34,22,P
2964,a5a8f91e-db90-47e6-a3bf-23df178facde,P,CW35,CW35,2025-08-25,2025-08-25,Kyoben Preparation,LC,,2025-11-26 06:51:57.90379+00,7802c383-1ec0-41ae-9739-8ecc2faf327c,Task.xlsx,2025-11-26 06:51:57.90379+00,2025-11-26 06:51:57.90379+00,2025-08-25,2025-08,CW35,25,P
2965,a5a8f91e-db90-47e6-a3bf-23df178facde,P,CW35,CW35,2025-08-26,2025-08-26,,LC,,2025-11-26 06:51:57.90379+00,7802c383-1ec0-41ae-9739-8ecc2faf327c,Task.xlsx,2025-11-26 06:51:57.90379+00,2025-11-26 06:51:57.90379+00,2025-08-26,2025-08,CW35,26,P
2966,a5a8f91e-db90-47e6-a3bf-23df178facde,P,CW35,CW35,2025-08-27,2025-08-27,,LC,,2025-11-26 06:51:57.90379+00,7802c383-1ec0-41ae-9739-8ecc2faf327c,Task.xlsx,2025-11-26 06:51:57.90379+00,2025-11-26 06:51:57.90379+00,2025-08-27,2025-08,CW35,27,P
2967,a5a8f91e-db90-47e6-a3bf-23df178facde,P,CW35,CW35,2025-08-28,2025-08-28,,LC,,2025-11-26 06:51:57.90379+00,7802c383-1ec0-41ae-9739-8ecc2faf327c,Task.xlsx,2025-11-26 06:51:57.90379+00,2025-11-26 06:51:57.90379+00,2025-08-28,2025-08,CW35,28,P
2968,a5a8f91e-db90-47e6-a3bf-23df178facde,P,CW35,CW35,2025-08-29,2025-08-29,,LC,,2025-11-26 06:51:57.90379+00,7802c383-1ec0-41ae-9739-8ecc2faf327c,Task.xlsx,2025-11-26 06:51:57.90379+00,2025-11-26 06:51:57.90379+00,2025-08-29,2025-08,CW35,29,P
2969,a5a8f91e-db90-47e6-a3bf-23df178facde,P,CW36,CW36,2025-09-03,2025-09-03,,CL,,2025-11-26 06:51:57.90379+00,7802c383-1ec0-41ae-9739-8ecc2faf327c,Task.xlsx,2025-11-26 06:51:57.90379+00,2025-11-26 06:51:57.90379+00,2025-09-03,2025-09,CW36,3,P
2970,a5a8f91e-db90-47e6-a3bf-23df178facde,P,CW36,CW36,2025-09-04,2025-09-04,,CL,,2025-11-26 06:51:57.90379+00,7802c383-1ec0-41ae-9739-8ecc2faf327c,Task.xlsx,2025-11-26 06:51:57.90379+00,2025-11-26 06:51:57.90379+00,2025-09-04,2025-09,CW36,4,P
2971,a5a8f91e-db90-47e6-a3bf-23df178facde,P,CW37,CW37,2025-09-08,2025-09-08,Kyoben,CL,,2025-11-26 06:51:57.90379+00,7802c383-1ec0-41ae-9739-8ecc2faf327c,Task.xlsx,2025-11-26 06:51:57.90379+00,2025-11-26 06:51:57.90379+00,2025-09-08,2025-09,CW37,8,P
2972,a5a8f91e-db90-47e6-a3bf-23df178facde,P,CW37,CW37,2025-09-09,2025-09-09,,CL,,2025-11-26 06:51:57.90379+00,7802c383-1ec0-41ae-9739-8ecc2faf327c,Task.xlsx,2025-11-26 06:51:57.90379+00,2025-11-26 06:51:57.90379+00,2025-09-09,2025-09,CW37,9,P
2973,a5a8f91e-db90-47e6-a3bf-23df178facde,P,CW37,CW37,2025-09-10,2025-09-10,,CL,,2025-11-26 06:51:57.90379+00,7802c383-1ec0-41ae-9739-8ecc2faf327c,Task.xlsx,2025-11-26 06:51:57.90379+00,2025-11-26 06:51:57.90379+00,2025-09-10,2025-09,CW37,10,P
2974,a5a8f91e-db90-47e6-a3bf-23df178facde,P,CW37,CW37,2025-09-11,2025-09-11,,CL,,2025-11-26 06:51:57.90379+00,7802c383-1ec0-41ae-9739-8ecc2faf327c,Task.xlsx,2025-11-26 06:51:57.90379+00,2025-11-26 06:51:57.90379+00,2025-09-11,2025-09,CW37,11,P
2975,a5a8f91e-db90-47e6-a3bf-23df178facde,P,CW37,CW37,2025-09-12,2025-09-12,,CL,,2025-11-26 06:51:57.90379+00,7802c383-1ec0-41ae-9739-8ecc2faf327c,Task.xlsx,2025-11-26 06:51:57.90379+00,2025-11-26 06:51:57.90379+00,2025-09-12,2025-09,CW37,12,P
2976,a5a8f91e-db90-47e6-a3bf-23df178facde,M,CW38,CW38,2025-09-16,2025-09-16,,SCh,,2025-11-26 06:51:57.90379+00,7802c383-1ec0-41ae-9739-8ecc2faf327c,Task.xlsx,2025-11-26 06:51:57.90379+00,2025-11-26 06:51:57.90379+00,2025-09-16,2025-09,CW38,16,M
2977,a5a8f91e-db90-47e6-a3bf-23df178facde,WS,CW38,CW38,2025-09-17,2025-09-17,,RC,,2025-11-26 06:51:57.90379+00,7802c383-1ec0-41ae-9739-8ecc2faf327c,Task.xlsx,2025-11-26 06:51:57.90379+00,2025-11-26 06:51:57.90379+00,2025-09-17,2025-09,CW38,17,WS
2978,a5a8f91e-db90-47e6-a3bf-23df178facde,P,CW39,CW39,2025-09-22,2025-09-22,Kyoben,CL,,2025-11-26 06:51:57.90379+00,7802c383-1ec0-41ae-9739-8ecc2faf327c,Task.xlsx,2025-11-26 06:51:57.90379+00,2025-11-26 06:51:57.90379+00,2025-09-22,2025-09,CW39,22,P
2979,a5a8f91e-db90-47e6-a3bf-23df178facde,P,CW39,CW39,2025-09-23,2025-09-23,,CL,,2025-11-26 06:51:57.90379+00,7802c383-1ec0-41ae-9739-8ecc2faf327c,Task.xlsx,2025-11-26 06:51:57.90379+00,2025-11-26 06:51:57.90379+00,2025-09-23,2025-09,CW39,23,P
2980,a5a8f91e-db90-47e6-a3bf-23df178facde,P,CW39,CW39,2025-09-24,2025-09-24,,CL,,2025-11-26 06:51:57.90379+00,7802c383-1ec0-41ae-9739-8ecc2faf327c,Task.xlsx,2025-11-26 06:51:57.90379+00,2025-11-26 06:51:57.90379+00,2025-09-24,2025-09,CW39,24,P
2981,a5a8f91e-db90-47e6-a3bf-23df178facde,P,CW39,CW39,2025-09-25,2025-09-25,,CL,,2025-11-26 06:51:57.90379+00,7802c383-1ec0-41ae-9739-8ecc2faf327c,Task.xlsx,2025-11-26 06:51:57.90379+00,2025-11-26 06:51:57.90379+00,2025-09-25,2025-09,CW39,25,P
2982,a5a8f91e-db90-47e6-a3bf-23df178facde,P,CW39,CW39,2025-09-26,2025-09-26,,CL,,2025-11-26 06:51:57.90379+00,7802c383-1ec0-41ae-9739-8ecc2faf327c,Task.xlsx,2025-11-26 06:51:57.90379+00,2025-11-26 06:51:57.90379+00,2025-09-26,2025-09,CW39,26,P
2983,a5a8f91e-db90-47e6-a3bf-23df178facde,L,CW39,CW39,2025-09-28,2025-09-28,,,,2025-11-26 06:51:57.90379+00,7802c383-1ec0-41ae-9739-8ecc2faf327c,Task.xlsx,2025-11-26 06:51:57.90379+00,2025-11-26 06:51:57.90379+00,2025-09-28,2025-09,CW39,28,L
2984,a5a8f91e-db90-47e6-a3bf-23df178facde,L,CW40,CW40,2025-09-29,2025-09-29,,,,2025-11-26 06:51:57.90379+00,7802c383-1ec0-41ae-9739-8ecc2faf327c,Task.xlsx,2025-11-26 06:51:57.90379+00,2025-11-26 06:51:57.90379+00,2025-09-29,2025-09,CW40,29,L
2985,a5a8f91e-db90-47e6-a3bf-23df178facde,L,CW40,CW40,2025-09-30,2025-09-30,,,,2025-11-26 06:51:57.90379+00,7802c383-1ec0-41ae-9739-8ecc2faf327c,Task.xlsx,2025-11-26 06:51:57.90379+00,2025-11-26 06:51:57.90379+00,2025-09-30,2025-09,CW40,30,L
2986,a5a8f91e-db90-47e6-a3bf-23df178facde,P,CW42,CW42,2025-10-13,2025-10-13,i-BLI,EA,,2025-11-26 06:51:57.90379+00,7802c383-1ec0-41ae-9739-8ecc2faf327c,Task.xlsx,2025-11-26 06:51:57.90379+00,2025-11-26 06:51:57.90379+00,2025-10-13,2025-10,CW42,13,P
2987,a5a8f91e-db90-47e6-a3bf-23df178facde,P,CW42,CW42,2025-10-14,2025-10-14,,EA,,2025-11-26 06:51:57.90379+00,7802c383-1ec0-41ae-9739-8ecc2faf327c,Task.xlsx,2025-11-26 06:51:57.90379+00,2025-11-26 06:51:57.90379+00,2025-10-14,2025-10,CW42,14,P
2988,a5a8f91e-db90-47e6-a3bf-23df178facde,P,CW42,CW42,2025-10-15,2025-10-15,,EA,,2025-11-26 06:51:57.90379+00,7802c383-1ec0-41ae-9739-8ecc2faf327c,Task.xlsx,2025-11-26 06:51:57.90379+00,2025-11-26 06:51:57.90379+00,2025-10-15,2025-10,CW42,15,P
2989,a5a8f91e-db90-47e6-a3bf-23df178facde,P,CW42,CW42,2025-10-16,2025-10-16,,EA,,2025-11-26 06:51:57.90379+00,7802c383-1ec0-41ae-9739-8ecc2faf327c,Task.xlsx,2025-11-26 06:51:57.90379+00,2025-11-26 06:51:57.90379+00,2025-10-16,2025-10,CW42,16,P
2990,a5a8f91e-db90-47e6-a3bf-23df178facde,P,CW42,CW42,2025-10-17,2025-10-17,,EA,,2025-11-26 06:51:57.90379+00,7802c383-1ec0-41ae-9739-8ecc2faf327c,Task.xlsx,2025-11-26 06:51:57.90379+00,2025-11-26 06:51:57.90379+00,2025-10-17,2025-10,CW42,17,P
2991,a5a8f91e-db90-47e6-a3bf-23df178facde,P,CW43,CW43,2025-10-20,2025-10-20,Kyoben,CL,,2025-11-26 06:51:57.90379+00,7802c383-1ec0-41ae-9739-8ecc2faf327c,Task.xlsx,2025-11-26 06:51:57.90379+00,2025-11-26 06:51:57.90379+00,2025-10-20,2025-10,CW43,20,P
2992,a5a8f91e-db90-47e6-a3bf-23df178facde,P,CW43,CW43,2025-10-21,2025-10-21,,CL,,2025-11-26 06:51:57.90379+00,7802c383-1ec0-41ae-9739-8ecc2faf327c,Task.xlsx,2025-11-26 06:51:57.90379+00,2025-11-26 06:51:57.90379+00,2025-10-21,2025-10,CW43,21,P
2993,a5a8f91e-db90-47e6-a3bf-23df178facde,P,CW43,CW43,2025-10-22,2025-10-22,,CL,,2025-11-26 06:51:57.90379+00,7802c383-1ec0-41ae-9739-8ecc2faf327c,Task.xlsx,2025-11-26 06:51:57.90379+00,2025-11-26 06:51:57.90379+00,2025-10-22,2025-10,CW43,22,P
2994,a5a8f91e-db90-47e6-a3bf-23df178facde,P,CW43,CW43,2025-10-23,2025-10-23,,CL,,2025-11-26 06:51:57.90379+00,7802c383-1ec0-41ae-9739-8ecc2faf327c,Task.xlsx,2025-11-26 06:51:57.90379+00,2025-11-26 06:51:57.90379+00,2025-10-23,2025-10,CW43,23,P
2995,a5a8f91e-db90-47e6-a3bf-23df178facde,P,CW43,CW43,2025-10-24,2025-10-24,,CL,,2025-11-26 06:51:57.90379+00,7802c383-1ec0-41ae-9739-8ecc2faf327c,Task.xlsx,2025-11-26 06:51:57.90379+00,2025-11-26 06:51:57.90379+00,2025-10-24,2025-10,CW43,24,P
2996,a5a8f91e-db90-47e6-a3bf-23df178facde,T,CW44,CW44,2025-10-27,2025-10-27,System-CIP approach,SCh,,2025-11-26 06:51:57.90379+00,7802c383-1ec0-41ae-9739-8ecc2faf327c,Task.xlsx,2025-11-26 06:51:57.90379+00,2025-11-26 06:51:57.90379+00,2025-10-27,2025-10,CW44,27,T
2997,a5a8f91e-db90-47e6-a3bf-23df178facde,T,CW44,CW44,2025-10-28,2025-10-28,,SCh,,2025-11-26 06:51:57.90379+00,7802c383-1ec0-41ae-9739-8ecc2faf327c,Task.xlsx,2025-11-26 06:51:57.90379+00,2025-11-26 06:51:57.90379+00,2025-10-28,2025-10,CW44,28,T
2998,a5a8f91e-db90-47e6-a3bf-23df178facde,T,CW44,CW44,2025-10-29,2025-10-29,,SCh,,2025-11-26 06:51:57.90379+00,7802c383-1ec0-41ae-9739-8ecc2faf327c,Task.xlsx,2025-11-26 06:51:57.90379+00,2025-11-26 06:51:57.90379+00,2025-10-29,2025-10,CW44,29,T
2999,a5a8f91e-db90-47e6-a3bf-23df178facde,T,CW44,CW44,2025-10-30,2025-10-30,LLD/FOL,EA,,2025-11-26 06:51:57.90379+00,7802c383-1ec0-41ae-9739-8ecc2faf327c,Task.xlsx,2025-11-26 06:51:57.90379+00,2025-11-26 06:51:57.90379+00,2025-10-30,2025-10,CW44,30,T
3000,a5a8f91e-db90-47e6-a3bf-23df178facde,P,CW45,CW45,2025-11-03,2025-11-03,Kyoben,LC,,2025-11-26 06:51:57.90379+00,7802c383-1ec0-41ae-9739-8ecc2faf327c,Task.xlsx,2025-11-26 06:51:57.90379+00,2025-11-26 06:51:57.90379+00,2025-11-03,2025-11,CW45,3,P
3001,a5a8f91e-db90-47e6-a3bf-23df178facde,P,CW45,CW45,2025-11-04,2025-11-04,,LC,,2025-11-26 06:51:57.90379+00,7802c383-1ec0-41ae-9739-8ecc2faf327c,Task.xlsx,2025-11-26 06:51:57.90379+00,2025-11-26 06:51:57.90379+00,2025-11-04,2025-11,CW45,4,P
3002,a5a8f91e-db90-47e6-a3bf-23df178facde,P,CW45,CW45,2025-11-05,2025-11-05,,LC,,2025-11-26 06:51:57.90379+00,7802c383-1ec0-41ae-9739-8ecc2faf327c,Task.xlsx,2025-11-26 06:51:57.90379+00,2025-11-26 06:51:57.90379+00,2025-11-05,2025-11,CW45,5,P
3003,a5a8f91e-db90-47e6-a3bf-23df178facde,P,CW45,CW45,2025-11-06,2025-11-06,,LC,,2025-11-26 06:51:57.90379+00,7802c383-1ec0-41ae-9739-8ecc2faf327c,Task.xlsx,2025-11-26 06:51:57.90379+00,2025-11-26 06:51:57.90379+00,2025-11-06,2025-11,CW45,6,P
3004,a5a8f91e-db90-47e6-a3bf-23df178facde,P,CW45,CW45,2025-11-07,2025-11-07,,LC,,2025-11-26 06:51:57.90379+00,7802c383-1ec0-41ae-9739-8ecc2faf327c,Task.xlsx,2025-11-26 06:51:57.90379+00,2025-11-26 06:51:57.90379+00,2025-11-07,2025-11,CW45,7,P
3005,a5a8f91e-db90-47e6-a3bf-23df178facde,P,CW46,CW46,2025-11-10,2025-11-10,i-BLI,EA,,2025-11-26 06:51:57.90379+00,7802c383-1ec0-41ae-9739-8ecc2faf327c,Task.xlsx,2025-11-26 06:51:57.90379+00,2025-11-26 06:51:57.90379+00,2025-11-10,2025-11,CW46,10,P
3006,a5a8f91e-db90-47e6-a3bf-23df178facde,P,CW46,CW46,2025-11-11,2025-11-11,,EA,,2025-11-26 06:51:57.90379+00,7802c383-1ec0-41ae-9739-8ecc2faf327c,Task.xlsx,2025-11-26 06:51:57.90379+00,2025-11-26 06:51:57.90379+00,2025-11-11,2025-11,CW46,11,P
3007,a5a8f91e-db90-47e6-a3bf-23df178facde,P,CW46,CW46,2025-11-12,2025-11-12,,EA,,2025-11-26 06:51:57.90379+00,7802c383-1ec0-41ae-9739-8ecc2faf327c,Task.xlsx,2025-11-26 06:51:57.90379+00,2025-11-26 06:51:57.90379+00,2025-11-12,2025-11,CW46,12,P
3008,a5a8f91e-db90-47e6-a3bf-23df178facde,P,CW46,CW46,2025-11-13,2025-11-13,,EA,,2025-11-26 06:51:57.90379+00,7802c383-1ec0-41ae-9739-8ecc2faf327c,Task.xlsx,2025-11-26 06:51:57.90379+00,2025-11-26 06:51:57.90379+00,2025-11-13,2025-11,CW46,13,P
3009,a5a8f91e-db90-47e6-a3bf-23df178facde,P,CW46,CW46,2025-11-14,2025-11-14,,EA,,2025-11-26 06:51:57.90379+00,7802c383-1ec0-41ae-9739-8ecc2faf327c,Task.xlsx,2025-11-26 06:51:57.90379+00,2025-11-26 06:51:57.90379+00,2025-11-14,2025-11,CW46,14,P
3010,a5a8f91e-db90-47e6-a3bf-23df178facde,P,CW47,CW47,2025-11-17,2025-11-17,Kyoben,LC,,2025-11-26 06:51:57.90379+00,7802c383-1ec0-41ae-9739-8ecc2faf327c,Task.xlsx,2025-11-26 06:51:57.90379+00,2025-11-26 06:51:57.90379+00,2025-11-17,2025-11,CW47,17,P
3011,a5a8f91e-db90-47e6-a3bf-23df178facde,P,CW47,CW47,2025-11-18,2025-11-18,,LC,,2025-11-26 06:51:57.90379+00,7802c383-1ec0-41ae-9739-8ecc2faf327c,Task.xlsx,2025-11-26 06:51:57.90379+00,2025-11-26 06:51:57.90379+00,2025-11-18,2025-11,CW47,18,P
3012,a5a8f91e-db90-47e6-a3bf-23df178facde,P,CW47,CW47,2025-11-19,2025-11-19,,LC,,2025-11-26 06:51:57.90379+00,7802c383-1ec0-41ae-9739-8ecc2faf327c,Task.xlsx,2025-11-26 06:51:57.90379+00,2025-11-26 06:51:57.90379+00,2025-11-19,2025-11,CW47,19,P
3013,a5a8f91e-db90-47e6-a3bf-23df178facde,P,CW47,CW47,2025-11-20,2025-11-20,,LC,,2025-11-26 06:51:57.90379+00,7802c383-1ec0-41ae-9739-8ecc2faf327c,Task.xlsx,2025-11-26 06:51:57.90379+00,2025-11-26 06:51:57.90379+00,2025-11-20,2025-11,CW47,20,P
3014,a5a8f91e-db90-47e6-a3bf-23df178facde,P,CW47,CW47,2025-11-21,2025-11-21,,LC,,2025-11-26 06:51:57.90379+00,7802c383-1ec0-41ae-9739-8ecc2faf327c,Task.xlsx,2025-11-26 06:51:57.90379+00,2025-11-26 06:51:57.90379+00,2025-11-21,2025-11,CW47,21,P
3015,a5a8f91e-db90-47e6-a3bf-23df178facde,P,CW48,CW48,2025-11-24,2025-11-24,i-BLI,EA,,2025-11-26 06:51:57.90379+00,7802c383-1ec0-41ae-9739-8ecc2faf327c,Task.xlsx,2025-11-26 06:51:57.90379+00,2025-11-26 06:51:57.90379+00,2025-11-24,2025-11,CW48,24,P
3016,a5a8f91e-db90-47e6-a3bf-23df178facde,P,CW48,CW48,2025-11-25,2025-11-25,,EA,,2025-11-26 06:51:57.90379+00,7802c383-1ec0-41ae-9739-8ecc2faf327c,Task.xlsx,2025-11-26 06:51:57.90379+00,2025-11-26 06:51:57.90379+00,2025-11-25,2025-11,CW48,25,P
3017,a5a8f91e-db90-47e6-a3bf-23df178facde,P,CW48,CW48,2025-11-26,2025-11-26,,EA,,2025-11-26 06:51:57.90379+00,7802c383-1ec0-41ae-9739-8ecc2faf327c,Task.xlsx,2025-11-26 06:51:57.90379+00,2025-11-26 06:51:57.90379+00,2025-11-26,2025-11,CW48,26,P
3018,a5a8f91e-db90-47e6-a3bf-23df178facde,P,CW48,CW48,2025-11-27,2025-11-27,,EA,,2025-11-26 06:51:57.90379+00,7802c383-1ec0-41ae-9739-8ecc2faf327c,Task.xlsx,2025-11-26 06:51:57.90379+00,2025-11-26 06:51:57.90379+00,2025-11-27,2025-11,CW48,27,P
3019,a5a8f91e-db90-47e6-a3bf-23df178facde,P,CW48,CW48,2025-11-28,2025-11-28,,EA,,2025-11-26 06:51:57.90379+00,7802c383-1ec0-41ae-9739-8ecc2faf327c,Task.xlsx,2025-11-26 06:51:57.90379+00,2025-11-26 06:51:57.90379+00,2025-11-28,2025-11,CW48,28,P
3020,a5a8f91e-db90-47e6-a3bf-23df178facde,P,CW49,CW49,2025-12-01,2025-12-01,Kyoben,LC,,2025-11-26 06:51:57.90379+00,7802c383-1ec0-41ae-9739-8ecc2faf327c,Task.xlsx,2025-11-26 06:51:57.90379+00,2025-11-26 06:51:57.90379+00,2025-12-01,2025-12,CW49,1,P
3021,a5a8f91e-db90-47e6-a3bf-23df178facde,P,CW49,CW49,2025-12-02,2025-12-02,,LC,,2025-11-26 06:51:57.90379+00,7802c383-1ec0-41ae-9739-8ecc2faf327c,Task.xlsx,2025-11-26 06:51:57.90379+00,2025-11-26 06:51:57.90379+00,2025-12-02,2025-12,CW49,2,P
3022,a5a8f91e-db90-47e6-a3bf-23df178facde,P,CW49,CW49,2025-12-03,2025-12-03,,LC,,2025-11-26 06:51:57.90379+00,7802c383-1ec0-41ae-9739-8ecc2faf327c,Task.xlsx,2025-11-26 06:51:57.90379+00,2025-11-26 06:51:57.90379+00,2025-12-03,2025-12,CW49,3,P
3023,a5a8f91e-db90-47e6-a3bf-23df178facde,P,CW49,CW49,2025-12-04,2025-12-04,,LC,,2025-11-26 06:51:57.90379+00,7802c383-1ec0-41ae-9739-8ecc2faf327c,Task.xlsx,2025-11-26 06:51:57.90379+00,2025-11-26 06:51:57.90379+00,2025-12-04,2025-12,CW49,4,P
3024,a5a8f91e-db90-47e6-a3bf-23df178facde,P,CW49,CW49,2025-12-05,2025-12-05,,LC,,2025-11-26 06:51:57.90379+00,7802c383-1ec0-41ae-9739-8ecc2faf327c,Task.xlsx,2025-11-26 06:51:57.90379+00,2025-11-26 06:51:57.90379+00,2025-12-05,2025-12,CW49,5,P
3025,a5a8f91e-db90-47e6-a3bf-23df178facde,A,CW50,CW50,2025-12-09,2025-12-09,Assessment,HA,,2025-11-26 06:51:57.90379+00,7802c383-1ec0-41ae-9739-8ecc2faf327c,Task.xlsx,2025-11-26 06:51:57.90379+00,2025-11-26 06:51:57.90379+00,2025-12-09,2025-12,CW50,9,A
3026,a5a8f91e-db90-47e6-a3bf-23df178facde,A,CW50,CW50,2025-12-10,2025-12-10,,HA,,2025-11-26 06:51:57.90379+00,7802c383-1ec0-41ae-9739-8ecc2faf327c,Task.xlsx,2025-11-26 06:51:57.90379+00,2025-11-26 06:51:57.90379+00,2025-12-10,2025-12,CW50,10,A
3027,a5a8f91e-db90-47e6-a3bf-23df178facde,A,CW50,CW50,2025-12-11,2025-12-11,,HA,,2025-11-26 06:51:57.90379+00,7802c383-1ec0-41ae-9739-8ecc2faf327c,Task.xlsx,2025-11-26 06:51:57.90379+00,2025-11-26 06:51:57.90379+00,2025-12-11,2025-12,CW50,11,A
3028,a5a8f91e-db90-47e6-a3bf-23df178facde,A,CW50,CW50,2025-12-12,2025-12-12,,HA,,2025-11-26 06:51:57.90379+00,7802c383-1ec0-41ae-9739-8ecc2faf327c,Task.xlsx,2025-11-26 06:51:57.90379+00,2025-11-26 06:51:57.90379+00,2025-12-12,2025-12,CW50,12,A
3029,a5a8f91e-db90-47e6-a3bf-23df178facde,P,CW51,CW51,2025-12-15,2025-12-15,Kyoben,LC,,2025-11-26 06:51:57.90379+00,7802c383-1ec0-41ae-9739-8ecc2faf327c,Task.xlsx,2025-11-26 06:51:57.90379+00,2025-11-26 06:51:57.90379+00,2025-12-15,2025-12,CW51,15,P
3030,a5a8f91e-db90-47e6-a3bf-23df178facde,P,CW51,CW51,2025-12-16,2025-12-16,,LC,,2025-11-26 06:51:57.90379+00,7802c383-1ec0-41ae-9739-8ecc2faf327c,Task.xlsx,2025-11-26 06:51:57.90379+00,2025-11-26 06:51:57.90379+00,2025-12-16,2025-12,CW51,16,P
3031,a5a8f91e-db90-47e6-a3bf-23df178facde,P,CW51,CW51,2025-12-17,2025-12-17,,LC,,2025-11-26 06:51:57.90379+00,7802c383-1ec0-41ae-9739-8ecc2faf327c,Task.xlsx,2025-11-26 06:51:57.90379+00,2025-11-26 06:51:57.90379+00,2025-12-17,2025-12,CW51,17,P
3032,a5a8f91e-db90-47e6-a3bf-23df178facde,P,CW51,CW51,2025-12-18,2025-12-18,,LC,,2025-11-26 06:51:57.90379+00,7802c383-1ec0-41ae-9739-8ecc2faf327c,Task.xlsx,2025-11-26 06:51:57.90379+00,2025-11-26 06:51:57.90379+00,2025-12-18,2025-12,CW51,18,P
3033,a5a8f91e-db90-47e6-a3bf-23df178facde,P,CW51,CW51,2025-12-19,2025-12-19,,LC,,2025-11-26 06:51:57.90379+00,7802c383-1ec0-41ae-9739-8ecc2faf327c,Task.xlsx,2025-11-26 06:51:57.90379+00,2025-11-26 06:51:57.90379+00,2025-12-19,2025-12,CW51,19,P
3034,c43999b4-b8e0-488c-93e4-cdb250a8371b,T,CW01,CW01,2025-01-02,2025-01-02,,CL,,2025-11-26 06:51:57.90379+00,7802c383-1ec0-41ae-9739-8ecc2faf327c,Task.xlsx,2025-11-26 06:51:57.90379+00,2025-11-26 06:51:57.90379+00,2025-01-02,2025-01,CW01,2,T
3035,c43999b4-b8e0-488c-93e4-cdb250a8371b,T,CW01,CW01,2025-01-03,2025-01-03,,DC,,2025-11-26 06:51:57.90379+00,7802c383-1ec0-41ae-9739-8ecc2faf327c,Task.xlsx,2025-11-26 06:51:57.90379+00,2025-11-26 06:51:57.90379+00,2025-01-03,2025-01,CW01,3,T
3036,c43999b4-b8e0-488c-93e4-cdb250a8371b,P,CW02,CW02,2025-01-06,2025-01-06,,EA,,2025-11-26 06:51:57.90379+00,7802c383-1ec0-41ae-9739-8ecc2faf327c,Task.xlsx,2025-11-26 06:51:57.90379+00,2025-11-26 06:51:57.90379+00,2025-01-06,2025-01,CW02,6,P
3037,c43999b4-b8e0-488c-93e4-cdb250a8371b,C,CW02,CW02,2025-01-07,2025-01-07,,CL,,2025-11-26 06:51:57.90379+00,7802c383-1ec0-41ae-9739-8ecc2faf327c,Task.xlsx,2025-11-26 06:51:57.90379+00,2025-11-26 06:51:57.90379+00,2025-01-07,2025-01,CW02,7,C
3038,c43999b4-b8e0-488c-93e4-cdb250a8371b,C,CW02,CW02,2025-01-08,2025-01-08,,CL,,2025-11-26 06:51:57.90379+00,7802c383-1ec0-41ae-9739-8ecc2faf327c,Task.xlsx,2025-11-26 06:51:57.90379+00,2025-11-26 06:51:57.90379+00,2025-01-08,2025-01,CW02,8,C
3039,c43999b4-b8e0-488c-93e4-cdb250a8371b,WS,CW02,CW02,2025-01-09,2025-01-09,,LN,,2025-11-26 06:51:57.90379+00,7802c383-1ec0-41ae-9739-8ecc2faf327c,Task.xlsx,2025-11-26 06:51:57.90379+00,2025-11-26 06:51:57.90379+00,2025-01-09,2025-01,CW02,9,WS
3040,c43999b4-b8e0-488c-93e4-cdb250a8371b,P,CW02,CW02,2025-01-10,2025-01-10,,HA,,2025-11-26 06:51:57.90379+00,7802c383-1ec0-41ae-9739-8ecc2faf327c,Task.xlsx,2025-11-26 06:51:57.90379+00,2025-11-26 06:51:57.90379+00,2025-01-10,2025-01,CW02,10,P
3041,c43999b4-b8e0-488c-93e4-cdb250a8371b,T,CW03,CW03,2025-01-13,2025-01-13,,HA,,2025-11-26 06:51:57.90379+00,7802c383-1ec0-41ae-9739-8ecc2faf327c,Task.xlsx,2025-11-26 06:51:57.90379+00,2025-11-26 06:51:57.90379+00,2025-01-13,2025-01,CW03,13,T
3042,c43999b4-b8e0-488c-93e4-cdb250a8371b,T,CW03,CW03,2025-01-14,2025-01-14,,HA,,2025-11-26 06:51:57.90379+00,7802c383-1ec0-41ae-9739-8ecc2faf327c,Task.xlsx,2025-11-26 06:51:57.90379+00,2025-11-26 06:51:57.90379+00,2025-01-14,2025-01,CW03,14,T
3043,c43999b4-b8e0-488c-93e4-cdb250a8371b,P,CW03,CW03,2025-01-15,2025-01-15,,CL,,2025-11-26 06:51:57.90379+00,7802c383-1ec0-41ae-9739-8ecc2faf327c,Task.xlsx,2025-11-26 06:51:57.90379+00,2025-11-26 06:51:57.90379+00,2025-01-15,2025-01,CW03,15,P
3044,c43999b4-b8e0-488c-93e4-cdb250a8371b,P,CW03,CW03,2025-01-16,2025-01-16,,CL,,2025-11-26 06:51:57.90379+00,7802c383-1ec0-41ae-9739-8ecc2faf327c,Task.xlsx,2025-11-26 06:51:57.90379+00,2025-11-26 06:51:57.90379+00,2025-01-16,2025-01,CW03,16,P
3045,c43999b4-b8e0-488c-93e4-cdb250a8371b,C,CW03,CW03,2025-01-17,2025-01-17,,CL,,2025-11-26 06:51:57.90379+00,7802c383-1ec0-41ae-9739-8ecc2faf327c,Task.xlsx,2025-11-26 06:51:57.90379+00,2025-11-26 06:51:57.90379+00,2025-01-17,2025-01,CW03,17,C
3046,c43999b4-b8e0-488c-93e4-cdb250a8371b,C,CW04,CW04,2025-01-20,2025-01-20,,CL,,2025-11-26 06:51:57.90379+00,7802c383-1ec0-41ae-9739-8ecc2faf327c,Task.xlsx,2025-11-26 06:51:57.90379+00,2025-11-26 06:51:57.90379+00,2025-01-20,2025-01,CW04,20,C
3047,c43999b4-b8e0-488c-93e4-cdb250a8371b,C,CW04,CW04,2025-01-21,2025-01-21,,CL,,2025-11-26 06:51:57.90379+00,7802c383-1ec0-41ae-9739-8ecc2faf327c,Task.xlsx,2025-11-26 06:51:57.90379+00,2025-11-26 06:51:57.90379+00,2025-01-21,2025-01,CW04,21,C
3048,c43999b4-b8e0-488c-93e4-cdb250a8371b,M,CW04,CW04,2025-01-22,2025-01-22,,CL,,2025-11-26 06:51:57.90379+00,7802c383-1ec0-41ae-9739-8ecc2faf327c,Task.xlsx,2025-11-26 06:51:57.90379+00,2025-11-26 06:51:57.90379+00,2025-01-22,2025-01,CW04,22,M
3049,c43999b4-b8e0-488c-93e4-cdb250a8371b,M,CW04,CW04,2025-01-23,2025-01-23,,CL,,2025-11-26 06:51:57.90379+00,7802c383-1ec0-41ae-9739-8ecc2faf327c,Task.xlsx,2025-11-26 06:51:57.90379+00,2025-11-26 06:51:57.90379+00,2025-01-23,2025-01,CW04,23,M
3050,c43999b4-b8e0-488c-93e4-cdb250a8371b,M,CW04,CW04,2025-01-24,2025-01-24,,CL,,2025-11-26 06:51:57.90379+00,7802c383-1ec0-41ae-9739-8ecc2faf327c,Task.xlsx,2025-11-26 06:51:57.90379+00,2025-11-26 06:51:57.90379+00,2025-01-24,2025-01,CW04,24,M
3051,c43999b4-b8e0-488c-93e4-cdb250a8371b,WS,CW06,CW06,2025-02-08,2025-02-08,FI,LN,,2025-11-26 06:51:57.90379+00,7802c383-1ec0-41ae-9739-8ecc2faf327c,Task.xlsx,2025-11-26 06:51:57.90379+00,2025-11-26 06:51:57.90379+00,2025-02-08,2025-02,CW06,8,WS
3052,c43999b4-b8e0-488c-93e4-cdb250a8371b,C,CW07,CW07,2025-02-12,2025-02-12,,CL,,2025-11-26 06:51:57.90379+00,7802c383-1ec0-41ae-9739-8ecc2faf327c,Task.xlsx,2025-11-26 06:51:57.90379+00,2025-11-26 06:51:57.90379+00,2025-02-12,2025-02,CW07,12,C
3053,c43999b4-b8e0-488c-93e4-cdb250a8371b,M,CW09,CW09,2025-02-24,2025-02-24,AI SCheduling,CL,,2025-11-26 06:51:57.90379+00,7802c383-1ec0-41ae-9739-8ecc2faf327c,Task.xlsx,2025-11-26 06:51:57.90379+00,2025-11-26 06:51:57.90379+00,2025-02-24,2025-02,CW09,24,M
3054,c43999b4-b8e0-488c-93e4-cdb250a8371b,M,CW09,CW09,2025-02-25,2025-02-25,,CL,,2025-11-26 06:51:57.90379+00,7802c383-1ec0-41ae-9739-8ecc2faf327c,Task.xlsx,2025-11-26 06:51:57.90379+00,2025-11-26 06:51:57.90379+00,2025-02-25,2025-02,CW09,25,M
3055,c43999b4-b8e0-488c-93e4-cdb250a8371b,M,CW09,CW09,2025-02-26,2025-02-26,,CL,,2025-11-26 06:51:57.90379+00,7802c383-1ec0-41ae-9739-8ecc2faf327c,Task.xlsx,2025-11-26 06:51:57.90379+00,2025-11-26 06:51:57.90379+00,2025-02-26,2025-02,CW09,26,M
3056,c43999b4-b8e0-488c-93e4-cdb250a8371b,M,CW09,CW09,2025-02-27,2025-02-27,,CL,,2025-11-26 06:51:57.90379+00,7802c383-1ec0-41ae-9739-8ecc2faf327c,Task.xlsx,2025-11-26 06:51:57.90379+00,2025-11-26 06:51:57.90379+00,2025-02-27,2025-02,CW09,27,M
3057,c43999b4-b8e0-488c-93e4-cdb250a8371b,WS,CW09,CW09,2025-02-28,2025-02-28,,CL,,2025-11-26 06:51:57.90379+00,7802c383-1ec0-41ae-9739-8ecc2faf327c,Task.xlsx,2025-11-26 06:51:57.90379+00,2025-11-26 06:51:57.90379+00,2025-02-28,2025-02,CW09,28,WS
3058,c43999b4-b8e0-488c-93e4-cdb250a8371b,SW,CW10,CW10,2025-03-03,2025-03-03,Speed week,CL,,2025-11-26 06:51:57.90379+00,7802c383-1ec0-41ae-9739-8ecc2faf327c,Task.xlsx,2025-11-26 06:51:57.90379+00,2025-11-26 06:51:57.90379+00,2025-03-03,2025-03,CW10,3,SW
3059,c43999b4-b8e0-488c-93e4-cdb250a8371b,SW,CW10,CW10,2025-03-04,2025-03-04,,CL,,2025-11-26 06:51:57.90379+00,7802c383-1ec0-41ae-9739-8ecc2faf327c,Task.xlsx,2025-11-26 06:51:57.90379+00,2025-11-26 06:51:57.90379+00,2025-03-04,2025-03,CW10,4,SW
3060,c43999b4-b8e0-488c-93e4-cdb250a8371b,SW,CW10,CW10,2025-03-05,2025-03-05,,CL,,2025-11-26 06:51:57.90379+00,7802c383-1ec0-41ae-9739-8ecc2faf327c,Task.xlsx,2025-11-26 06:51:57.90379+00,2025-11-26 06:51:57.90379+00,2025-03-05,2025-03,CW10,5,SW
3061,c43999b4-b8e0-488c-93e4-cdb250a8371b,SW,CW10,CW10,2025-03-06,2025-03-06,,CL,,2025-11-26 06:51:57.90379+00,7802c383-1ec0-41ae-9739-8ecc2faf327c,Task.xlsx,2025-11-26 06:51:57.90379+00,2025-11-26 06:51:57.90379+00,2025-03-06,2025-03,CW10,6,SW
3062,c43999b4-b8e0-488c-93e4-cdb250a8371b,SW,CW10,CW10,2025-03-07,2025-03-07,,CL,,2025-11-26 06:51:57.90379+00,7802c383-1ec0-41ae-9739-8ecc2faf327c,Task.xlsx,2025-11-26 06:51:57.90379+00,2025-11-26 06:51:57.90379+00,2025-03-07,2025-03,CW10,7,SW
3063,c43999b4-b8e0-488c-93e4-cdb250a8371b,SW,CW11,CW11,2025-03-10,2025-03-10,Speed week,CL,,2025-11-26 06:51:57.90379+00,7802c383-1ec0-41ae-9739-8ecc2faf327c,Task.xlsx,2025-11-26 06:51:57.90379+00,2025-11-26 06:51:57.90379+00,2025-03-10,2025-03,CW11,10,SW
3064,c43999b4-b8e0-488c-93e4-cdb250a8371b,SW,CW11,CW11,2025-03-11,2025-03-11,,CL,,2025-11-26 06:51:57.90379+00,7802c383-1ec0-41ae-9739-8ecc2faf327c,Task.xlsx,2025-11-26 06:51:57.90379+00,2025-11-26 06:51:57.90379+00,2025-03-11,2025-03,CW11,11,SW
3065,c43999b4-b8e0-488c-93e4-cdb250a8371b,SW,CW11,CW11,2025-03-12,2025-03-12,,CL,,2025-11-26 06:51:57.90379+00,7802c383-1ec0-41ae-9739-8ecc2faf327c,Task.xlsx,2025-11-26 06:51:57.90379+00,2025-11-26 06:51:57.90379+00,2025-03-12,2025-03,CW11,12,SW
3066,c43999b4-b8e0-488c-93e4-cdb250a8371b,SW,CW11,CW11,2025-03-13,2025-03-13,,CL,,2025-11-26 06:51:57.90379+00,7802c383-1ec0-41ae-9739-8ecc2faf327c,Task.xlsx,2025-11-26 06:51:57.90379+00,2025-11-26 06:51:57.90379+00,2025-03-13,2025-03,CW11,13,SW
3067,c43999b4-b8e0-488c-93e4-cdb250a8371b,SW,CW11,CW11,2025-03-14,2025-03-14,,CL,,2025-11-26 06:51:57.90379+00,7802c383-1ec0-41ae-9739-8ecc2faf327c,Task.xlsx,2025-11-26 06:51:57.90379+00,2025-11-26 06:51:57.90379+00,2025-03-14,2025-03,CW11,14,SW
3068,c43999b4-b8e0-488c-93e4-cdb250a8371b,M,CW12,CW12,2025-03-17,2025-03-17,,CL,,2025-11-26 06:51:57.90379+00,7802c383-1ec0-41ae-9739-8ecc2faf327c,Task.xlsx,2025-11-26 06:51:57.90379+00,2025-11-26 06:51:57.90379+00,2025-03-17,2025-03,CW12,17,M
3069,c43999b4-b8e0-488c-93e4-cdb250a8371b,WS,CW12,CW12,2025-03-20,2025-03-20,,CL,,2025-11-26 06:51:57.90379+00,7802c383-1ec0-41ae-9739-8ecc2faf327c,Task.xlsx,2025-11-26 06:51:57.90379+00,2025-11-26 06:51:57.90379+00,2025-03-20,2025-03,CW12,20,WS
3070,c43999b4-b8e0-488c-93e4-cdb250a8371b,M,CW13,CW13,2025-03-24,2025-03-24,,CL,,2025-11-26 06:51:57.90379+00,7802c383-1ec0-41ae-9739-8ecc2faf327c,Task.xlsx,2025-11-26 06:51:57.90379+00,2025-11-26 06:51:57.90379+00,2025-03-24,2025-03,CW13,24,M
3071,c43999b4-b8e0-488c-93e4-cdb250a8371b,T,CW13,CW13,2025-03-25,2025-03-25,,LN,,2025-11-26 06:51:57.90379+00,7802c383-1ec0-41ae-9739-8ecc2faf327c,Task.xlsx,2025-11-26 06:51:57.90379+00,2025-11-26 06:51:57.90379+00,2025-03-25,2025-03,CW13,25,T
3072,c43999b4-b8e0-488c-93e4-cdb250a8371b,WS,CW13,CW13,2025-03-26,2025-03-26,,CL,,2025-11-26 06:51:57.90379+00,7802c383-1ec0-41ae-9739-8ecc2faf327c,Task.xlsx,2025-11-26 06:51:57.90379+00,2025-11-26 06:51:57.90379+00,2025-03-26,2025-03,CW13,26,WS
3073,c43999b4-b8e0-488c-93e4-cdb250a8371b,M,CW13,CW13,2025-03-27,2025-03-27,,CL,,2025-11-26 06:51:57.90379+00,7802c383-1ec0-41ae-9739-8ecc2faf327c,Task.xlsx,2025-11-26 06:51:57.90379+00,2025-11-26 06:51:57.90379+00,2025-03-27,2025-03,CW13,27,M
3074,c43999b4-b8e0-488c-93e4-cdb250a8371b,M,CW14,CW14,2025-03-31,2025-03-31,,CL,,2025-11-26 06:51:57.90379+00,7802c383-1ec0-41ae-9739-8ecc2faf327c,Task.xlsx,2025-11-26 06:51:57.90379+00,2025-11-26 06:51:57.90379+00,2025-03-31,2025-03,CW14,31,M
3075,c43999b4-b8e0-488c-93e4-cdb250a8371b,C,CW14,CW14,2025-04-01,2025-04-01,,CG,,2025-11-26 06:51:57.90379+00,7802c383-1ec0-41ae-9739-8ecc2faf327c,Task.xlsx,2025-11-26 06:51:57.90379+00,2025-11-26 06:51:57.90379+00,2025-04-01,2025-04,CW14,1,C
3076,c43999b4-b8e0-488c-93e4-cdb250a8371b,C,CW14,CW14,2025-04-03,2025-04-03,,RC,,2025-11-26 06:51:57.90379+00,7802c383-1ec0-41ae-9739-8ecc2faf327c,Task.xlsx,2025-11-26 06:51:57.90379+00,2025-11-26 06:51:57.90379+00,2025-04-03,2025-04,CW14,3,C
3077,c43999b4-b8e0-488c-93e4-cdb250a8371b,SW,CW15,CW15,2025-04-07,2025-04-07,Speed week,CL,,2025-11-26 06:51:57.90379+00,7802c383-1ec0-41ae-9739-8ecc2faf327c,Task.xlsx,2025-11-26 06:51:57.90379+00,2025-11-26 06:51:57.90379+00,2025-04-07,2025-04,CW15,7,SW
3078,c43999b4-b8e0-488c-93e4-cdb250a8371b,SW,CW15,CW15,2025-04-08,2025-04-08,,CL,,2025-11-26 06:51:57.90379+00,7802c383-1ec0-41ae-9739-8ecc2faf327c,Task.xlsx,2025-11-26 06:51:57.90379+00,2025-11-26 06:51:57.90379+00,2025-04-08,2025-04,CW15,8,SW
3079,c43999b4-b8e0-488c-93e4-cdb250a8371b,SW,CW15,CW15,2025-04-09,2025-04-09,,CL,,2025-11-26 06:51:57.90379+00,7802c383-1ec0-41ae-9739-8ecc2faf327c,Task.xlsx,2025-11-26 06:51:57.90379+00,2025-11-26 06:51:57.90379+00,2025-04-09,2025-04,CW15,9,SW
3080,c43999b4-b8e0-488c-93e4-cdb250a8371b,SW,CW15,CW15,2025-04-10,2025-04-10,,CL,,2025-11-26 06:51:57.90379+00,7802c383-1ec0-41ae-9739-8ecc2faf327c,Task.xlsx,2025-11-26 06:51:57.90379+00,2025-11-26 06:51:57.90379+00,2025-04-10,2025-04,CW15,10,SW
3081,c43999b4-b8e0-488c-93e4-cdb250a8371b,SW,CW15,CW15,2025-04-11,2025-04-11,,CL,,2025-11-26 06:51:57.90379+00,7802c383-1ec0-41ae-9739-8ecc2faf327c,Task.xlsx,2025-11-26 06:51:57.90379+00,2025-11-26 06:51:57.90379+00,2025-04-11,2025-04,CW15,11,SW
3082,c43999b4-b8e0-488c-93e4-cdb250a8371b,T,CW16,CW16,2025-04-14,2025-04-14,,CL,,2025-11-26 06:51:57.90379+00,7802c383-1ec0-41ae-9739-8ecc2faf327c,Task.xlsx,2025-11-26 06:51:57.90379+00,2025-11-26 06:51:57.90379+00,2025-04-14,2025-04,CW16,14,T
3083,c43999b4-b8e0-488c-93e4-cdb250a8371b,WS,CW16,CW16,2025-04-15,2025-04-15,AI,CL,,2025-11-26 06:51:57.90379+00,7802c383-1ec0-41ae-9739-8ecc2faf327c,Task.xlsx,2025-11-26 06:51:57.90379+00,2025-11-26 06:51:57.90379+00,2025-04-15,2025-04,CW16,15,WS
3084,c43999b4-b8e0-488c-93e4-cdb250a8371b,C,CW16,CW16,2025-04-16,2025-04-16,,RC,,2025-11-26 06:51:57.90379+00,7802c383-1ec0-41ae-9739-8ecc2faf327c,Task.xlsx,2025-11-26 06:51:57.90379+00,2025-11-26 06:51:57.90379+00,2025-04-16,2025-04,CW16,16,C
3085,c43999b4-b8e0-488c-93e4-cdb250a8371b,C,CW16,CW16,2025-04-17,2025-04-17,,CL,,2025-11-26 06:51:57.90379+00,7802c383-1ec0-41ae-9739-8ecc2faf327c,Task.xlsx,2025-11-26 06:51:57.90379+00,2025-11-26 06:51:57.90379+00,2025-04-17,2025-04,CW16,17,C
3086,c43999b4-b8e0-488c-93e4-cdb250a8371b,WS,CW16,CW16,2025-04-18,2025-04-18,AI,CL,,2025-11-26 06:51:57.90379+00,7802c383-1ec0-41ae-9739-8ecc2faf327c,Task.xlsx,2025-11-26 06:51:57.90379+00,2025-11-26 06:51:57.90379+00,2025-04-18,2025-04,CW16,18,WS
3087,c43999b4-b8e0-488c-93e4-cdb250a8371b,T,CW17,CW17,2025-04-21,2025-04-21,,LN,,2025-11-26 06:51:57.90379+00,7802c383-1ec0-41ae-9739-8ecc2faf327c,Task.xlsx,2025-11-26 06:51:57.90379+00,2025-11-26 06:51:57.90379+00,2025-04-21,2025-04,CW17,21,T
3088,c43999b4-b8e0-488c-93e4-cdb250a8371b,WS,CW17,CW17,2025-04-22,2025-04-22,,CL,,2025-11-26 06:51:57.90379+00,7802c383-1ec0-41ae-9739-8ecc2faf327c,Task.xlsx,2025-11-26 06:51:57.90379+00,2025-11-26 06:51:57.90379+00,2025-04-22,2025-04,CW17,22,WS
3089,c43999b4-b8e0-488c-93e4-cdb250a8371b,T,CW17,CW17,2025-04-23,2025-04-23,WAtS,LC,,2025-11-26 06:51:57.90379+00,7802c383-1ec0-41ae-9739-8ecc2faf327c,Task.xlsx,2025-11-26 06:51:57.90379+00,2025-11-26 06:51:57.90379+00,2025-04-23,2025-04,CW17,23,T
3090,c43999b4-b8e0-488c-93e4-cdb250a8371b,T,CW17,CW17,2025-04-24,2025-04-24,,LC,,2025-11-26 06:51:57.90379+00,7802c383-1ec0-41ae-9739-8ecc2faf327c,Task.xlsx,2025-11-26 06:51:57.90379+00,2025-11-26 06:51:57.90379+00,2025-04-24,2025-04,CW17,24,T
3091,c43999b4-b8e0-488c-93e4-cdb250a8371b,T,CW17,CW17,2025-04-25,2025-04-25,,LC,,2025-11-26 06:51:57.90379+00,7802c383-1ec0-41ae-9739-8ecc2faf327c,Task.xlsx,2025-11-26 06:51:57.90379+00,2025-11-26 06:51:57.90379+00,2025-04-25,2025-04,CW17,25,T
3092,c43999b4-b8e0-488c-93e4-cdb250a8371b,T,CW18,CW18,2025-04-28,2025-04-28,10KK,CL,,2025-11-26 06:51:57.90379+00,7802c383-1ec0-41ae-9739-8ecc2faf327c,Task.xlsx,2025-11-26 06:51:57.90379+00,2025-11-26 06:51:57.90379+00,2025-04-28,2025-04,CW18,28,T
3093,c43999b4-b8e0-488c-93e4-cdb250a8371b,T,CW19,CW19,2025-05-06,2025-05-06,TPM,LN,,2025-11-26 06:51:57.90379+00,7802c383-1ec0-41ae-9739-8ecc2faf327c,Task.xlsx,2025-11-26 06:51:57.90379+00,2025-11-26 06:51:57.90379+00,2025-05-06,2025-05,CW19,6,T
3094,c43999b4-b8e0-488c-93e4-cdb250a8371b,P,CW19,CW19,2025-05-07,2025-05-07,,CG,,2025-11-26 06:51:57.90379+00,7802c383-1ec0-41ae-9739-8ecc2faf327c,Task.xlsx,2025-11-26 06:51:57.90379+00,2025-11-26 06:51:57.90379+00,2025-05-07,2025-05,CW19,7,P
3095,c43999b4-b8e0-488c-93e4-cdb250a8371b,WS,CW19,CW19,2025-05-08,2025-05-08,,HA,,2025-11-26 06:51:57.90379+00,7802c383-1ec0-41ae-9739-8ecc2faf327c,Task.xlsx,2025-11-26 06:51:57.90379+00,2025-11-26 06:51:57.90379+00,2025-05-08,2025-05,CW19,8,WS
3096,c43999b4-b8e0-488c-93e4-cdb250a8371b,WS,CW19,CW19,2025-05-09,2025-05-09,,HA,,2025-11-26 06:51:57.90379+00,7802c383-1ec0-41ae-9739-8ecc2faf327c,Task.xlsx,2025-11-26 06:51:57.90379+00,2025-11-26 06:51:57.90379+00,2025-05-09,2025-05,CW19,9,WS
3097,c43999b4-b8e0-488c-93e4-cdb250a8371b,M,CW20,CW20,2025-05-12,2025-05-12,,CL,,2025-11-26 06:51:57.90379+00,7802c383-1ec0-41ae-9739-8ecc2faf327c,Task.xlsx,2025-11-26 06:51:57.90379+00,2025-11-26 06:51:57.90379+00,2025-05-12,2025-05,CW20,12,M
3098,c43999b4-b8e0-488c-93e4-cdb250a8371b,M,CW20,CW20,2025-05-13,2025-05-13,,CL,,2025-11-26 06:51:57.90379+00,7802c383-1ec0-41ae-9739-8ecc2faf327c,Task.xlsx,2025-11-26 06:51:57.90379+00,2025-11-26 06:51:57.90379+00,2025-05-13,2025-05,CW20,13,M
3099,c43999b4-b8e0-488c-93e4-cdb250a8371b,M,CW20,CW20,2025-05-14,2025-05-14,PM,CL,,2025-11-26 06:51:57.90379+00,7802c383-1ec0-41ae-9739-8ecc2faf327c,Task.xlsx,2025-11-26 06:51:57.90379+00,2025-11-26 06:51:57.90379+00,2025-05-14,2025-05,CW20,14,M
3100,c43999b4-b8e0-488c-93e4-cdb250a8371b,M,CW20,CW20,2025-05-15,2025-05-15,FI,CL,,2025-11-26 06:51:57.90379+00,7802c383-1ec0-41ae-9739-8ecc2faf327c,Task.xlsx,2025-11-26 06:51:57.90379+00,2025-11-26 06:51:57.90379+00,2025-05-15,2025-05,CW20,15,M
3101,c43999b4-b8e0-488c-93e4-cdb250a8371b,C,CW20,CW20,2025-05-16,2025-05-16,,CL,,2025-11-26 06:51:57.90379+00,7802c383-1ec0-41ae-9739-8ecc2faf327c,Task.xlsx,2025-11-26 06:51:57.90379+00,2025-11-26 06:51:57.90379+00,2025-05-16,2025-05,CW20,16,C
3102,c43999b4-b8e0-488c-93e4-cdb250a8371b,M,CW21,CW21,2025-05-19,2025-05-19,AM,CL,,2025-11-26 06:51:57.90379+00,7802c383-1ec0-41ae-9739-8ecc2faf327c,Task.xlsx,2025-11-26 06:51:57.90379+00,2025-11-26 06:51:57.90379+00,2025-05-19,2025-05,CW21,19,M
3103,c43999b4-b8e0-488c-93e4-cdb250a8371b,P,CW21,CW21,2025-05-20,2025-05-20,TPM Planning,CL,,2025-11-26 06:51:57.90379+00,7802c383-1ec0-41ae-9739-8ecc2faf327c,Task.xlsx,2025-11-26 06:51:57.90379+00,2025-11-26 06:51:57.90379+00,2025-05-20,2025-05,CW21,20,P
3104,c43999b4-b8e0-488c-93e4-cdb250a8371b,P,CW21,CW21,2025-05-21,2025-05-21,,CL,,2025-11-26 06:51:57.90379+00,7802c383-1ec0-41ae-9739-8ecc2faf327c,Task.xlsx,2025-11-26 06:51:57.90379+00,2025-11-26 06:51:57.90379+00,2025-05-21,2025-05,CW21,21,P
3105,c43999b4-b8e0-488c-93e4-cdb250a8371b,M,CW21,CW21,2025-05-22,2025-05-22,,CL,,2025-11-26 06:51:57.90379+00,7802c383-1ec0-41ae-9739-8ecc2faf327c,Task.xlsx,2025-11-26 06:51:57.90379+00,2025-11-26 06:51:57.90379+00,2025-05-22,2025-05,CW21,22,M
3106,c43999b4-b8e0-488c-93e4-cdb250a8371b,P,CW21,CW21,2025-05-23,2025-05-23,,CL,,2025-11-26 06:51:57.90379+00,7802c383-1ec0-41ae-9739-8ecc2faf327c,Task.xlsx,2025-11-26 06:51:57.90379+00,2025-11-26 06:51:57.90379+00,2025-05-23,2025-05,CW21,23,P
3107,c43999b4-b8e0-488c-93e4-cdb250a8371b,M,CW22,CW22,2025-05-26,2025-05-26,,CL,,2025-11-26 06:51:57.90379+00,7802c383-1ec0-41ae-9739-8ecc2faf327c,Task.xlsx,2025-11-26 06:51:57.90379+00,2025-11-26 06:51:57.90379+00,2025-05-26,2025-05,CW22,26,M
3108,c43999b4-b8e0-488c-93e4-cdb250a8371b,WS,CW22,CW22,2025-05-27,2025-05-27,,SCh,,2025-11-26 06:51:57.90379+00,7802c383-1ec0-41ae-9739-8ecc2faf327c,Task.xlsx,2025-11-26 06:51:57.90379+00,2025-11-26 06:51:57.90379+00,2025-05-27,2025-05,CW22,27,WS
3109,c43999b4-b8e0-488c-93e4-cdb250a8371b,WS,CW22,CW22,2025-05-28,2025-05-28,LLD,CL,,2025-11-26 06:51:57.90379+00,7802c383-1ec0-41ae-9739-8ecc2faf327c,Task.xlsx,2025-11-26 06:51:57.90379+00,2025-11-26 06:51:57.90379+00,2025-05-28,2025-05,CW22,28,WS
3110,c43999b4-b8e0-488c-93e4-cdb250a8371b,T,CW22,CW22,2025-05-29,2025-05-29,WATS,LC,,2025-11-26 06:51:57.90379+00,7802c383-1ec0-41ae-9739-8ecc2faf327c,Task.xlsx,2025-11-26 06:51:57.90379+00,2025-11-26 06:51:57.90379+00,2025-05-29,2025-05,CW22,29,T
3111,c43999b4-b8e0-488c-93e4-cdb250a8371b,T,CW22,CW22,2025-05-30,2025-05-30,,LC,,2025-11-26 06:51:57.90379+00,7802c383-1ec0-41ae-9739-8ecc2faf327c,Task.xlsx,2025-11-26 06:51:57.90379+00,2025-11-26 06:51:57.90379+00,2025-05-30,2025-05,CW22,30,T
3112,c43999b4-b8e0-488c-93e4-cdb250a8371b,C,CW23,CW23,2025-06-03,2025-06-03,CN&OP project day,CL,,2025-11-26 06:51:57.90379+00,7802c383-1ec0-41ae-9739-8ecc2faf327c,Task.xlsx,2025-11-26 06:51:57.90379+00,2025-11-26 06:51:57.90379+00,2025-06-03,2025-06,CW23,3,C
3113,c43999b4-b8e0-488c-93e4-cdb250a8371b,P,CW23,CW23,2025-06-04,2025-06-04,,CL,,2025-11-26 06:51:57.90379+00,7802c383-1ec0-41ae-9739-8ecc2faf327c,Task.xlsx,2025-11-26 06:51:57.90379+00,2025-11-26 06:51:57.90379+00,2025-06-04,2025-06,CW23,4,P
3114,c43999b4-b8e0-488c-93e4-cdb250a8371b,P,CW23,CW23,2025-06-05,2025-06-05,,CL,,2025-11-26 06:51:57.90379+00,7802c383-1ec0-41ae-9739-8ecc2faf327c,Task.xlsx,2025-11-26 06:51:57.90379+00,2025-11-26 06:51:57.90379+00,2025-06-05,2025-06,CW23,5,P
3115,c43999b4-b8e0-488c-93e4-cdb250a8371b,P,CW23,CW23,2025-06-06,2025-06-06,,CL,,2025-11-26 06:51:57.90379+00,7802c383-1ec0-41ae-9739-8ecc2faf327c,Task.xlsx,2025-11-26 06:51:57.90379+00,2025-11-26 06:51:57.90379+00,2025-06-06,2025-06,CW23,6,P
3116,c43999b4-b8e0-488c-93e4-cdb250a8371b,WS,CW24,CW24,2025-06-09,2025-06-09,Boot Camp,EA,,2025-11-26 06:51:57.90379+00,7802c383-1ec0-41ae-9739-8ecc2faf327c,Task.xlsx,2025-11-26 06:51:57.90379+00,2025-11-26 06:51:57.90379+00,2025-06-09,2025-06,CW24,9,WS
3117,c43999b4-b8e0-488c-93e4-cdb250a8371b,WS,CW24,CW24,2025-06-10,2025-06-10,,HA,,2025-11-26 06:51:57.90379+00,7802c383-1ec0-41ae-9739-8ecc2faf327c,Task.xlsx,2025-11-26 06:51:57.90379+00,2025-11-26 06:51:57.90379+00,2025-06-10,2025-06,CW24,10,WS
3118,c43999b4-b8e0-488c-93e4-cdb250a8371b,WS,CW24,CW24,2025-06-11,2025-06-11,PM,EA,,2025-11-26 06:51:57.90379+00,7802c383-1ec0-41ae-9739-8ecc2faf327c,Task.xlsx,2025-11-26 06:51:57.90379+00,2025-11-26 06:51:57.90379+00,2025-06-11,2025-06,CW24,11,WS
3119,c43999b4-b8e0-488c-93e4-cdb250a8371b,WS,CW24,CW24,2025-06-12,2025-06-12,Project day,EA,,2025-11-26 06:51:57.90379+00,7802c383-1ec0-41ae-9739-8ecc2faf327c,Task.xlsx,2025-11-26 06:51:57.90379+00,2025-11-26 06:51:57.90379+00,2025-06-12,2025-06,CW24,12,WS
3120,c43999b4-b8e0-488c-93e4-cdb250a8371b,M,CW24,CW24,2025-06-13,2025-06-13,,CL,,2025-11-26 06:51:57.90379+00,7802c383-1ec0-41ae-9739-8ecc2faf327c,Task.xlsx,2025-11-26 06:51:57.90379+00,2025-11-26 06:51:57.90379+00,2025-06-13,2025-06,CW24,13,M
3121,c43999b4-b8e0-488c-93e4-cdb250a8371b,WS,CW25,CW25,2025-06-16,2025-06-16,Project day,EA,,2025-11-26 06:51:57.90379+00,7802c383-1ec0-41ae-9739-8ecc2faf327c,Task.xlsx,2025-11-26 06:51:57.90379+00,2025-11-26 06:51:57.90379+00,2025-06-16,2025-06,CW25,16,WS
3122,c43999b4-b8e0-488c-93e4-cdb250a8371b,WS,CW25,CW25,2025-06-17,2025-06-17,,EA,,2025-11-26 06:51:57.90379+00,7802c383-1ec0-41ae-9739-8ecc2faf327c,Task.xlsx,2025-11-26 06:51:57.90379+00,2025-11-26 06:51:57.90379+00,2025-06-17,2025-06,CW25,17,WS
3123,c43999b4-b8e0-488c-93e4-cdb250a8371b,C,CW25,CW25,2025-06-18,2025-06-18,14Q Ass,CL,,2025-11-26 06:51:57.90379+00,7802c383-1ec0-41ae-9739-8ecc2faf327c,Task.xlsx,2025-11-26 06:51:57.90379+00,2025-11-26 06:51:57.90379+00,2025-06-18,2025-06,CW25,18,C
3124,c43999b4-b8e0-488c-93e4-cdb250a8371b,C,CW25,CW25,2025-06-19,2025-06-19,,CL,,2025-11-26 06:51:57.90379+00,7802c383-1ec0-41ae-9739-8ecc2faf327c,Task.xlsx,2025-11-26 06:51:57.90379+00,2025-11-26 06:51:57.90379+00,2025-06-19,2025-06,CW25,19,C
3125,c43999b4-b8e0-488c-93e4-cdb250a8371b,C,CW25,CW25,2025-06-20,2025-06-20,,LC,,2025-11-26 06:51:57.90379+00,7802c383-1ec0-41ae-9739-8ecc2faf327c,Task.xlsx,2025-11-26 06:51:57.90379+00,2025-11-26 06:51:57.90379+00,2025-06-20,2025-06,CW25,20,C
3126,c43999b4-b8e0-488c-93e4-cdb250a8371b,WS,CW26,CW26,2025-06-23,2025-06-23,AI,CL,,2025-11-26 06:51:57.90379+00,7802c383-1ec0-41ae-9739-8ecc2faf327c,Task.xlsx,2025-11-26 06:51:57.90379+00,2025-11-26 06:51:57.90379+00,2025-06-23,2025-06,CW26,23,WS
3127,c43999b4-b8e0-488c-93e4-cdb250a8371b,C,CW26,CW26,2025-06-24,2025-06-24,AM,CL,,2025-11-26 06:51:57.90379+00,7802c383-1ec0-41ae-9739-8ecc2faf327c,Task.xlsx,2025-11-26 06:51:57.90379+00,2025-11-26 06:51:57.90379+00,2025-06-24,2025-06,CW26,24,C
3128,c43999b4-b8e0-488c-93e4-cdb250a8371b,WS,CW26,CW26,2025-06-25,2025-06-25,MEJ,CL,,2025-11-26 06:51:57.90379+00,7802c383-1ec0-41ae-9739-8ecc2faf327c,Task.xlsx,2025-11-26 06:51:57.90379+00,2025-11-26 06:51:57.90379+00,2025-06-25,2025-06,CW26,25,WS
3129,c43999b4-b8e0-488c-93e4-cdb250a8371b,C,CW26,CW26,2025-06-26,2025-06-26,FI,LN,,2025-11-26 06:51:57.90379+00,7802c383-1ec0-41ae-9739-8ecc2faf327c,Task.xlsx,2025-11-26 06:51:57.90379+00,2025-11-26 06:51:57.90379+00,2025-06-26,2025-06,CW26,26,C
3130,c43999b4-b8e0-488c-93e4-cdb250a8371b,P,CW26,CW26,2025-06-27,2025-06-27,AI,CL,,2025-11-26 06:51:57.90379+00,7802c383-1ec0-41ae-9739-8ecc2faf327c,Task.xlsx,2025-11-26 06:51:57.90379+00,2025-11-26 06:51:57.90379+00,2025-06-27,2025-06,CW26,27,P
3131,c43999b4-b8e0-488c-93e4-cdb250a8371b,P,CW27,CW27,2025-06-30,2025-06-30,AI,CL,,2025-11-26 06:51:57.90379+00,7802c383-1ec0-41ae-9739-8ecc2faf327c,Task.xlsx,2025-11-26 06:51:57.90379+00,2025-11-26 06:51:57.90379+00,2025-06-30,2025-06,CW27,30,P
3132,c43999b4-b8e0-488c-93e4-cdb250a8371b,C,CW27,CW27,2025-07-01,2025-07-01,AM,CL,,2025-11-26 06:51:57.90379+00,7802c383-1ec0-41ae-9739-8ecc2faf327c,Task.xlsx,2025-11-26 06:51:57.90379+00,2025-11-26 06:51:57.90379+00,2025-07-01,2025-07,CW27,1,C
3133,c43999b4-b8e0-488c-93e4-cdb250a8371b,C,CW27,CW27,2025-07-02,2025-07-02,QM,CL,,2025-11-26 06:51:57.90379+00,7802c383-1ec0-41ae-9739-8ecc2faf327c,Task.xlsx,2025-11-26 06:51:57.90379+00,2025-11-26 06:51:57.90379+00,2025-07-02,2025-07,CW27,2,C
3134,c43999b4-b8e0-488c-93e4-cdb250a8371b,M,CW27,CW27,2025-07-03,2025-07-03,RCT,CL,,2025-11-26 06:51:57.90379+00,7802c383-1ec0-41ae-9739-8ecc2faf327c,Task.xlsx,2025-11-26 06:51:57.90379+00,2025-11-26 06:51:57.90379+00,2025-07-03,2025-07,CW27,3,M
3135,c43999b4-b8e0-488c-93e4-cdb250a8371b,P,CW27,CW27,2025-07-04,2025-07-04,AI,CL,,2025-11-26 06:51:57.90379+00,7802c383-1ec0-41ae-9739-8ecc2faf327c,Task.xlsx,2025-11-26 06:51:57.90379+00,2025-11-26 06:51:57.90379+00,2025-07-04,2025-07,CW27,4,P
3136,c43999b4-b8e0-488c-93e4-cdb250a8371b,WS,CW28,CW28,2025-07-07,2025-07-07,Assessment,CL,,2025-11-26 06:51:57.90379+00,7802c383-1ec0-41ae-9739-8ecc2faf327c,Task.xlsx,2025-11-26 06:51:57.90379+00,2025-11-26 06:51:57.90379+00,2025-07-07,2025-07,CW28,7,WS
3137,c43999b4-b8e0-488c-93e4-cdb250a8371b,WS,CW28,CW28,2025-07-08,2025-07-08,,CL,,2025-11-26 06:51:57.90379+00,7802c383-1ec0-41ae-9739-8ecc2faf327c,Task.xlsx,2025-11-26 06:51:57.90379+00,2025-11-26 06:51:57.90379+00,2025-07-08,2025-07,CW28,8,WS
3138,c43999b4-b8e0-488c-93e4-cdb250a8371b,P,CW28,CW28,2025-07-09,2025-07-09,MET,HA,,2025-11-26 06:51:57.90379+00,7802c383-1ec0-41ae-9739-8ecc2faf327c,Task.xlsx,2025-11-26 06:51:57.90379+00,2025-11-26 06:51:57.90379+00,2025-07-09,2025-07,CW28,9,P
3139,c43999b4-b8e0-488c-93e4-cdb250a8371b,M,CW28,CW28,2025-07-10,2025-07-10,SMC,CL,,2025-11-26 06:51:57.90379+00,7802c383-1ec0-41ae-9739-8ecc2faf327c,Task.xlsx,2025-11-26 06:51:57.90379+00,2025-11-26 06:51:57.90379+00,2025-07-10,2025-07,CW28,10,M
3140,c43999b4-b8e0-488c-93e4-cdb250a8371b,M,CW28,CW28,2025-07-11,2025-07-11,S-CIP,CL,,2025-11-26 06:51:57.90379+00,7802c383-1ec0-41ae-9739-8ecc2faf327c,Task.xlsx,2025-11-26 06:51:57.90379+00,2025-11-26 06:51:57.90379+00,2025-07-11,2025-07,CW28,11,M
3141,c43999b4-b8e0-488c-93e4-cdb250a8371b,WS,CW29,CW29,2025-07-14,2025-07-14,MEJ,CL,,2025-11-26 06:51:57.90379+00,7802c383-1ec0-41ae-9739-8ecc2faf327c,Task.xlsx,2025-11-26 06:51:57.90379+00,2025-11-26 06:51:57.90379+00,2025-07-14,2025-07,CW29,14,WS
3142,c43999b4-b8e0-488c-93e4-cdb250a8371b,M,CW29,CW29,2025-07-15,2025-07-15,AM,CL,,2025-11-26 06:51:57.90379+00,7802c383-1ec0-41ae-9739-8ecc2faf327c,Task.xlsx,2025-11-26 06:51:57.90379+00,2025-11-26 06:51:57.90379+00,2025-07-15,2025-07,CW29,15,M
3143,c43999b4-b8e0-488c-93e4-cdb250a8371b,P,CW29,CW29,2025-07-16,2025-07-16,AI,CL,,2025-11-26 06:51:57.90379+00,7802c383-1ec0-41ae-9739-8ecc2faf327c,Task.xlsx,2025-11-26 06:51:57.90379+00,2025-11-26 06:51:57.90379+00,2025-07-16,2025-07,CW29,16,P
3144,c43999b4-b8e0-488c-93e4-cdb250a8371b,M,CW29,CW29,2025-07-17,2025-07-17,PM,LC,,2025-11-26 06:51:57.90379+00,7802c383-1ec0-41ae-9739-8ecc2faf327c,Task.xlsx,2025-11-26 06:51:57.90379+00,2025-11-26 06:51:57.90379+00,2025-07-17,2025-07,CW29,17,M
3145,c43999b4-b8e0-488c-93e4-cdb250a8371b,M,CW29,CW29,2025-07-18,2025-07-18,DLR,CL,,2025-11-26 06:51:57.90379+00,7802c383-1ec0-41ae-9739-8ecc2faf327c,Task.xlsx,2025-11-26 06:51:57.90379+00,2025-11-26 06:51:57.90379+00,2025-07-18,2025-07,CW29,18,M
3146,c43999b4-b8e0-488c-93e4-cdb250a8371b,WS,CW30,CW30,2025-07-21,2025-07-21,LLD,EA,,2025-11-26 06:51:57.90379+00,7802c383-1ec0-41ae-9739-8ecc2faf327c,Task.xlsx,2025-11-26 06:51:57.90379+00,2025-11-26 06:51:57.90379+00,2025-07-21,2025-07,CW30,21,WS
3147,c43999b4-b8e0-488c-93e4-cdb250a8371b,M,CW30,CW30,2025-07-22,2025-07-22,AM,CL,,2025-11-26 06:51:57.90379+00,7802c383-1ec0-41ae-9739-8ecc2faf327c,Task.xlsx,2025-11-26 06:51:57.90379+00,2025-11-26 06:51:57.90379+00,2025-07-22,2025-07,CW30,22,M
3148,c43999b4-b8e0-488c-93e4-cdb250a8371b,WS,CW30,CW30,2025-07-23,2025-07-23,FOL,EA,,2025-11-26 06:51:57.90379+00,7802c383-1ec0-41ae-9739-8ecc2faf327c,Task.xlsx,2025-11-26 06:51:57.90379+00,2025-11-26 06:51:57.90379+00,2025-07-23,2025-07,CW30,23,WS
3149,c43999b4-b8e0-488c-93e4-cdb250a8371b,M,CW30,CW30,2025-07-24,2025-07-24,FI,LN,,2025-11-26 06:51:57.90379+00,7802c383-1ec0-41ae-9739-8ecc2faf327c,Task.xlsx,2025-11-26 06:51:57.90379+00,2025-11-26 06:51:57.90379+00,2025-07-24,2025-07,CW30,24,M
3150,c43999b4-b8e0-488c-93e4-cdb250a8371b,T,CW30,CW30,2025-07-25,2025-07-25,AM,DC,,2025-11-26 06:51:57.90379+00,7802c383-1ec0-41ae-9739-8ecc2faf327c,Task.xlsx,2025-11-26 06:51:57.90379+00,2025-11-26 06:51:57.90379+00,2025-07-25,2025-07,CW30,25,T
3151,c43999b4-b8e0-488c-93e4-cdb250a8371b,T,CW31,CW31,2025-07-29,2025-07-29,Pull,LN,,2025-11-26 06:51:57.90379+00,7802c383-1ec0-41ae-9739-8ecc2faf327c,Task.xlsx,2025-11-26 06:51:57.90379+00,2025-11-26 06:51:57.90379+00,2025-07-29,2025-07,CW31,29,T
3152,c43999b4-b8e0-488c-93e4-cdb250a8371b,WS,CW31,CW31,2025-07-30,2025-07-30,DFMA,CL,,2025-11-26 06:51:57.90379+00,7802c383-1ec0-41ae-9739-8ecc2faf327c,Task.xlsx,2025-11-26 06:51:57.90379+00,2025-11-26 06:51:57.90379+00,2025-07-30,2025-07,CW31,30,WS
3153,c43999b4-b8e0-488c-93e4-cdb250a8371b,WS,CW31,CW31,2025-07-31,2025-07-31,,CL,,2025-11-26 06:51:57.90379+00,7802c383-1ec0-41ae-9739-8ecc2faf327c,Task.xlsx,2025-11-26 06:51:57.90379+00,2025-11-26 06:51:57.90379+00,2025-07-31,2025-07,CW31,31,WS
3154,c43999b4-b8e0-488c-93e4-cdb250a8371b,WS,CW31,CW31,2025-08-01,2025-08-01,,CL,,2025-11-26 06:51:57.90379+00,7802c383-1ec0-41ae-9739-8ecc2faf327c,Task.xlsx,2025-11-26 06:51:57.90379+00,2025-11-26 06:51:57.90379+00,2025-08-01,2025-08,CW31,1,WS
3155,c43999b4-b8e0-488c-93e4-cdb250a8371b,P,CW32,CW32,2025-08-04,2025-08-04,MET visiting,SCh,,2025-11-26 06:51:57.90379+00,7802c383-1ec0-41ae-9739-8ecc2faf327c,Task.xlsx,2025-11-26 06:51:57.90379+00,2025-11-26 06:51:57.90379+00,2025-08-04,2025-08,CW32,4,P
3156,c43999b4-b8e0-488c-93e4-cdb250a8371b,P,CW33,CW33,2025-08-11,2025-08-11,MET,SCh,,2025-11-26 06:51:57.90379+00,7802c383-1ec0-41ae-9739-8ecc2faf327c,Task.xlsx,2025-11-26 06:51:57.90379+00,2025-11-26 06:51:57.90379+00,2025-08-11,2025-08,CW33,11,P
3157,c43999b4-b8e0-488c-93e4-cdb250a8371b,T,CW33,CW33,2025-08-12,2025-08-12,WATS,SCh,,2025-11-26 06:51:57.90379+00,7802c383-1ec0-41ae-9739-8ecc2faf327c,Task.xlsx,2025-11-26 06:51:57.90379+00,2025-11-26 06:51:57.90379+00,2025-08-12,2025-08,CW33,12,T
3158,c43999b4-b8e0-488c-93e4-cdb250a8371b,T,CW33,CW33,2025-08-13,2025-08-13,,SCh,,2025-11-26 06:51:57.90379+00,7802c383-1ec0-41ae-9739-8ecc2faf327c,Task.xlsx,2025-11-26 06:51:57.90379+00,2025-11-26 06:51:57.90379+00,2025-08-13,2025-08,CW33,13,T
3159,c43999b4-b8e0-488c-93e4-cdb250a8371b,T,CW33,CW33,2025-08-14,2025-08-14,,SCh,,2025-11-26 06:51:57.90379+00,7802c383-1ec0-41ae-9739-8ecc2faf327c,Task.xlsx,2025-11-26 06:51:57.90379+00,2025-11-26 06:51:57.90379+00,2025-08-14,2025-08,CW33,14,T
3160,c43999b4-b8e0-488c-93e4-cdb250a8371b,T,CW33,CW33,2025-08-15,2025-08-15,,SCh,,2025-11-26 06:51:57.90379+00,7802c383-1ec0-41ae-9739-8ecc2faf327c,Task.xlsx,2025-11-26 06:51:57.90379+00,2025-11-26 06:51:57.90379+00,2025-08-15,2025-08,CW33,15,T
3161,c43999b4-b8e0-488c-93e4-cdb250a8371b,M,CW34,CW34,2025-08-18,2025-08-18,AM,CG,,2025-11-26 06:51:57.90379+00,7802c383-1ec0-41ae-9739-8ecc2faf327c,Task.xlsx,2025-11-26 06:51:57.90379+00,2025-11-26 06:51:57.90379+00,2025-08-18,2025-08,CW34,18,M
3162,c43999b4-b8e0-488c-93e4-cdb250a8371b,P,CW34,CW34,2025-08-19,2025-08-19,10KK,CL,,2025-11-26 06:51:57.90379+00,7802c383-1ec0-41ae-9739-8ecc2faf327c,Task.xlsx,2025-11-26 06:51:57.90379+00,2025-11-26 06:51:57.90379+00,2025-08-19,2025-08,CW34,19,P
3163,c43999b4-b8e0-488c-93e4-cdb250a8371b,M,CW34,CW34,2025-08-20,2025-08-20,PM,CG,,2025-11-26 06:51:57.90379+00,7802c383-1ec0-41ae-9739-8ecc2faf327c,Task.xlsx,2025-11-26 06:51:57.90379+00,2025-11-26 06:51:57.90379+00,2025-08-20,2025-08,CW34,20,M
3164,c43999b4-b8e0-488c-93e4-cdb250a8371b,P,CW34,CW34,2025-08-21,2025-08-21,Digital,CL,,2025-11-26 06:51:57.90379+00,7802c383-1ec0-41ae-9739-8ecc2faf327c,Task.xlsx,2025-11-26 06:51:57.90379+00,2025-11-26 06:51:57.90379+00,2025-08-21,2025-08,CW34,21,P
3165,c43999b4-b8e0-488c-93e4-cdb250a8371b,WS,CW34,CW34,2025-08-22,2025-08-22,,DC,,2025-11-26 06:51:57.90379+00,7802c383-1ec0-41ae-9739-8ecc2faf327c,Task.xlsx,2025-11-26 06:51:57.90379+00,2025-11-26 06:51:57.90379+00,2025-08-22,2025-08,CW34,22,WS
3166,c43999b4-b8e0-488c-93e4-cdb250a8371b,M,CW35,CW35,2025-08-25,2025-08-25,FI,LN,,2025-11-26 06:51:57.90379+00,7802c383-1ec0-41ae-9739-8ecc2faf327c,Task.xlsx,2025-11-26 06:51:57.90379+00,2025-11-26 06:51:57.90379+00,2025-08-25,2025-08,CW35,25,M
3167,c43999b4-b8e0-488c-93e4-cdb250a8371b,P,CW35,CW35,2025-08-27,2025-08-27,10KK,CL,,2025-11-26 06:51:57.90379+00,7802c383-1ec0-41ae-9739-8ecc2faf327c,Task.xlsx,2025-11-26 06:51:57.90379+00,2025-11-26 06:51:57.90379+00,2025-08-27,2025-08,CW35,27,P
3168,c43999b4-b8e0-488c-93e4-cdb250a8371b,P,CW35,CW35,2025-08-28,2025-08-28,,Cl,,2025-11-26 06:51:57.90379+00,7802c383-1ec0-41ae-9739-8ecc2faf327c,Task.xlsx,2025-11-26 06:51:57.90379+00,2025-11-26 06:51:57.90379+00,2025-08-28,2025-08,CW35,28,P
3169,c43999b4-b8e0-488c-93e4-cdb250a8371b,WS,CW35,CW35,2025-08-29,2025-08-29,MET,SCh,,2025-11-26 06:51:57.90379+00,7802c383-1ec0-41ae-9739-8ecc2faf327c,Task.xlsx,2025-11-26 06:51:57.90379+00,2025-11-26 06:51:57.90379+00,2025-08-29,2025-08,CW35,29,WS
3170,c43999b4-b8e0-488c-93e4-cdb250a8371b,T,CW36,CW36,2025-09-01,2025-09-01,FI,LN,,2025-11-26 06:51:57.90379+00,7802c383-1ec0-41ae-9739-8ecc2faf327c,Task.xlsx,2025-11-26 06:51:57.90379+00,2025-11-26 06:51:57.90379+00,2025-09-01,2025-09,CW36,1,T
3171,c43999b4-b8e0-488c-93e4-cdb250a8371b,P,CW36,CW36,2025-09-02,2025-09-02,Kyoben preparation,CL,,2025-11-26 06:51:57.90379+00,7802c383-1ec0-41ae-9739-8ecc2faf327c,Task.xlsx,2025-11-26 06:51:57.90379+00,2025-11-26 06:51:57.90379+00,2025-09-02,2025-09,CW36,2,P
3172,c43999b4-b8e0-488c-93e4-cdb250a8371b,P,CW36,CW36,2025-09-03,2025-09-03,,CL,,2025-11-26 06:51:57.90379+00,7802c383-1ec0-41ae-9739-8ecc2faf327c,Task.xlsx,2025-11-26 06:51:57.90379+00,2025-11-26 06:51:57.90379+00,2025-09-03,2025-09,CW36,3,P
3173,c43999b4-b8e0-488c-93e4-cdb250a8371b,P,CW36,CW36,2025-09-04,2025-09-04,,CL,,2025-11-26 06:51:57.90379+00,7802c383-1ec0-41ae-9739-8ecc2faf327c,Task.xlsx,2025-11-26 06:51:57.90379+00,2025-11-26 06:51:57.90379+00,2025-09-04,2025-09,CW36,4,P
3174,c43999b4-b8e0-488c-93e4-cdb250a8371b,P,CW36,CW36,2025-09-05,2025-09-05,,CL,,2025-11-26 06:51:57.90379+00,7802c383-1ec0-41ae-9739-8ecc2faf327c,Task.xlsx,2025-11-26 06:51:57.90379+00,2025-11-26 06:51:57.90379+00,2025-09-05,2025-09,CW36,5,P
3175,c43999b4-b8e0-488c-93e4-cdb250a8371b,P,CW37,CW37,2025-09-08,2025-09-08,Kyoben,CL,,2025-11-26 06:51:57.90379+00,7802c383-1ec0-41ae-9739-8ecc2faf327c,Task.xlsx,2025-11-26 06:51:57.90379+00,2025-11-26 06:51:57.90379+00,2025-09-08,2025-09,CW37,8,P
3176,c43999b4-b8e0-488c-93e4-cdb250a8371b,P,CW37,CW37,2025-09-09,2025-09-09,,CL,,2025-11-26 06:51:57.90379+00,7802c383-1ec0-41ae-9739-8ecc2faf327c,Task.xlsx,2025-11-26 06:51:57.90379+00,2025-11-26 06:51:57.90379+00,2025-09-09,2025-09,CW37,9,P
3177,c43999b4-b8e0-488c-93e4-cdb250a8371b,P,CW37,CW37,2025-09-10,2025-09-10,,CL,,2025-11-26 06:51:57.90379+00,7802c383-1ec0-41ae-9739-8ecc2faf327c,Task.xlsx,2025-11-26 06:51:57.90379+00,2025-11-26 06:51:57.90379+00,2025-09-10,2025-09,CW37,10,P
3178,c43999b4-b8e0-488c-93e4-cdb250a8371b,P,CW37,CW37,2025-09-11,2025-09-11,,CL,,2025-11-26 06:51:57.90379+00,7802c383-1ec0-41ae-9739-8ecc2faf327c,Task.xlsx,2025-11-26 06:51:57.90379+00,2025-11-26 06:51:57.90379+00,2025-09-11,2025-09,CW37,11,P
3179,c43999b4-b8e0-488c-93e4-cdb250a8371b,P,CW37,CW37,2025-09-12,2025-09-12,,CL,,2025-11-26 06:51:57.90379+00,7802c383-1ec0-41ae-9739-8ecc2faf327c,Task.xlsx,2025-11-26 06:51:57.90379+00,2025-11-26 06:51:57.90379+00,2025-09-12,2025-09,CW37,12,P
3180,c43999b4-b8e0-488c-93e4-cdb250a8371b,WS,CW38,CW38,2025-09-15,2025-09-15,,CL,,2025-11-26 06:51:57.90379+00,7802c383-1ec0-41ae-9739-8ecc2faf327c,Task.xlsx,2025-11-26 06:51:57.90379+00,2025-11-26 06:51:57.90379+00,2025-09-15,2025-09,CW38,15,WS
3181,c43999b4-b8e0-488c-93e4-cdb250a8371b,M,CW38,CW38,2025-09-16,2025-09-16,AM,CL,,2025-11-26 06:51:57.90379+00,7802c383-1ec0-41ae-9739-8ecc2faf327c,Task.xlsx,2025-11-26 06:51:57.90379+00,2025-11-26 06:51:57.90379+00,2025-09-16,2025-09,CW38,16,M
3182,c43999b4-b8e0-488c-93e4-cdb250a8371b,M,CW38,CW38,2025-09-17,2025-09-17,,CL,,2025-11-26 06:51:57.90379+00,7802c383-1ec0-41ae-9739-8ecc2faf327c,Task.xlsx,2025-11-26 06:51:57.90379+00,2025-11-26 06:51:57.90379+00,2025-09-17,2025-09,CW38,17,M
3183,c43999b4-b8e0-488c-93e4-cdb250a8371b,M,CW38,CW38,2025-09-18,2025-09-18,WCM,RGC,,2025-11-26 06:51:57.90379+00,7802c383-1ec0-41ae-9739-8ecc2faf327c,Task.xlsx,2025-11-26 06:51:57.90379+00,2025-11-26 06:51:57.90379+00,2025-09-18,2025-09,CW38,18,M
3184,c43999b4-b8e0-488c-93e4-cdb250a8371b,WS,CW38,CW38,2025-09-19,2025-09-19,DT,DC,,2025-11-26 06:51:57.90379+00,7802c383-1ec0-41ae-9739-8ecc2faf327c,Task.xlsx,2025-11-26 06:51:57.90379+00,2025-11-26 06:51:57.90379+00,2025-09-19,2025-09,CW38,19,WS
3185,c43999b4-b8e0-488c-93e4-cdb250a8371b,P,CW39,CW39,2025-09-22,2025-09-22,Kyoben,CL,,2025-11-26 06:51:57.90379+00,7802c383-1ec0-41ae-9739-8ecc2faf327c,Task.xlsx,2025-11-26 06:51:57.90379+00,2025-11-26 06:51:57.90379+00,2025-09-22,2025-09,CW39,22,P
3186,c43999b4-b8e0-488c-93e4-cdb250a8371b,P,CW39,CW39,2025-09-23,2025-09-23,,CL,,2025-11-26 06:51:57.90379+00,7802c383-1ec0-41ae-9739-8ecc2faf327c,Task.xlsx,2025-11-26 06:51:57.90379+00,2025-11-26 06:51:57.90379+00,2025-09-23,2025-09,CW39,23,P
3187,c43999b4-b8e0-488c-93e4-cdb250a8371b,P,CW39,CW39,2025-09-24,2025-09-24,,CL,,2025-11-26 06:51:57.90379+00,7802c383-1ec0-41ae-9739-8ecc2faf327c,Task.xlsx,2025-11-26 06:51:57.90379+00,2025-11-26 06:51:57.90379+00,2025-09-24,2025-09,CW39,24,P
3188,c43999b4-b8e0-488c-93e4-cdb250a8371b,P,CW39,CW39,2025-09-25,2025-09-25,,CL,,2025-11-26 06:51:57.90379+00,7802c383-1ec0-41ae-9739-8ecc2faf327c,Task.xlsx,2025-11-26 06:51:57.90379+00,2025-11-26 06:51:57.90379+00,2025-09-25,2025-09,CW39,25,P
3189,c43999b4-b8e0-488c-93e4-cdb250a8371b,P,CW39,CW39,2025-09-26,2025-09-26,,CL,,2025-11-26 06:51:57.90379+00,7802c383-1ec0-41ae-9739-8ecc2faf327c,Task.xlsx,2025-11-26 06:51:57.90379+00,2025-11-26 06:51:57.90379+00,2025-09-26,2025-09,CW39,26,P
3190,c43999b4-b8e0-488c-93e4-cdb250a8371b,M,CW39,CW39,2025-09-28,2025-09-28,,CL,,2025-11-26 06:51:57.90379+00,7802c383-1ec0-41ae-9739-8ecc2faf327c,Task.xlsx,2025-11-26 06:51:57.90379+00,2025-11-26 06:51:57.90379+00,2025-09-28,2025-09,CW39,28,M
3191,c43999b4-b8e0-488c-93e4-cdb250a8371b,M,CW40,CW40,2025-09-29,2025-09-29,FI,LN,,2025-11-26 06:51:57.90379+00,7802c383-1ec0-41ae-9739-8ecc2faf327c,Task.xlsx,2025-11-26 06:51:57.90379+00,2025-11-26 06:51:57.90379+00,2025-09-29,2025-09,CW40,29,M
3192,c43999b4-b8e0-488c-93e4-cdb250a8371b,M,CW40,CW40,2025-09-30,2025-09-30,AM,CL,,2025-11-26 06:51:57.90379+00,7802c383-1ec0-41ae-9739-8ecc2faf327c,Task.xlsx,2025-11-26 06:51:57.90379+00,2025-11-26 06:51:57.90379+00,2025-09-30,2025-09,CW40,30,M
3193,c43999b4-b8e0-488c-93e4-cdb250a8371b,P,CW41,CW41,2025-10-09,2025-10-09,Kyoben,CL,,2025-11-26 06:51:57.90379+00,7802c383-1ec0-41ae-9739-8ecc2faf327c,Task.xlsx,2025-11-26 06:51:57.90379+00,2025-11-26 06:51:57.90379+00,2025-10-09,2025-10,CW41,9,P
3194,c43999b4-b8e0-488c-93e4-cdb250a8371b,M,CW41,CW41,2025-10-10,2025-10-10,SC,CL,,2025-11-26 06:51:57.90379+00,7802c383-1ec0-41ae-9739-8ecc2faf327c,Task.xlsx,2025-11-26 06:51:57.90379+00,2025-11-26 06:51:57.90379+00,2025-10-10,2025-10,CW41,10,M
3195,c43999b4-b8e0-488c-93e4-cdb250a8371b,ED,CW42,CW42,2025-10-13,2025-10-13,PM,ED,,2025-11-26 06:51:57.90379+00,7802c383-1ec0-41ae-9739-8ecc2faf327c,Task.xlsx,2025-11-26 06:51:57.90379+00,2025-11-26 06:51:57.90379+00,2025-10-13,2025-10,CW42,13,ED
3196,c43999b4-b8e0-488c-93e4-cdb250a8371b,M,CW42,CW42,2025-10-14,2025-10-14,GQM,EA,,2025-11-26 06:51:57.90379+00,7802c383-1ec0-41ae-9739-8ecc2faf327c,Task.xlsx,2025-11-26 06:51:57.90379+00,2025-11-26 06:51:57.90379+00,2025-10-14,2025-10,CW42,14,M
3197,c43999b4-b8e0-488c-93e4-cdb250a8371b,T,CW42,CW42,2025-10-15,2025-10-15,JIPM,EA,,2025-11-26 06:51:57.90379+00,7802c383-1ec0-41ae-9739-8ecc2faf327c,Task.xlsx,2025-11-26 06:51:57.90379+00,2025-11-26 06:51:57.90379+00,2025-10-15,2025-10,CW42,15,T
3198,c43999b4-b8e0-488c-93e4-cdb250a8371b,T,CW42,CW42,2025-10-16,2025-10-16,,EA,,2025-11-26 06:51:57.90379+00,7802c383-1ec0-41ae-9739-8ecc2faf327c,Task.xlsx,2025-11-26 06:51:57.90379+00,2025-11-26 06:51:57.90379+00,2025-10-16,2025-10,CW42,16,T
3199,c43999b4-b8e0-488c-93e4-cdb250a8371b,WS,CW42,CW42,2025-10-17,2025-10-17,DT,DC,,2025-11-26 06:51:57.90379+00,7802c383-1ec0-41ae-9739-8ecc2faf327c,Task.xlsx,2025-11-26 06:51:57.90379+00,2025-11-26 06:51:57.90379+00,2025-10-17,2025-10,CW42,17,WS
3200,c43999b4-b8e0-488c-93e4-cdb250a8371b,P,CW43,CW43,2025-10-20,2025-10-20,Kyoben,CL,,2025-11-26 06:51:57.90379+00,7802c383-1ec0-41ae-9739-8ecc2faf327c,Task.xlsx,2025-11-26 06:51:57.90379+00,2025-11-26 06:51:57.90379+00,2025-10-20,2025-10,CW43,20,P
3201,c43999b4-b8e0-488c-93e4-cdb250a8371b,P,CW43,CW43,2025-10-21,2025-10-21,,CL,,2025-11-26 06:51:57.90379+00,7802c383-1ec0-41ae-9739-8ecc2faf327c,Task.xlsx,2025-11-26 06:51:57.90379+00,2025-11-26 06:51:57.90379+00,2025-10-21,2025-10,CW43,21,P
3202,c43999b4-b8e0-488c-93e4-cdb250a8371b,P,CW43,CW43,2025-10-22,2025-10-22,,CL,,2025-11-26 06:51:57.90379+00,7802c383-1ec0-41ae-9739-8ecc2faf327c,Task.xlsx,2025-11-26 06:51:57.90379+00,2025-11-26 06:51:57.90379+00,2025-10-22,2025-10,CW43,22,P
3203,c43999b4-b8e0-488c-93e4-cdb250a8371b,P,CW43,CW43,2025-10-23,2025-10-23,,CL,,2025-11-26 06:51:57.90379+00,7802c383-1ec0-41ae-9739-8ecc2faf327c,Task.xlsx,2025-11-26 06:51:57.90379+00,2025-11-26 06:51:57.90379+00,2025-10-23,2025-10,CW43,23,P
3204,c43999b4-b8e0-488c-93e4-cdb250a8371b,P,CW43,CW43,2025-10-24,2025-10-24,,CL,,2025-11-26 06:51:57.90379+00,7802c383-1ec0-41ae-9739-8ecc2faf327c,Task.xlsx,2025-11-26 06:51:57.90379+00,2025-11-26 06:51:57.90379+00,2025-10-24,2025-10,CW43,24,P
3205,c43999b4-b8e0-488c-93e4-cdb250a8371b,T,CW44,CW44,2025-10-27,2025-10-27,System-CIP approach,SCh,,2025-11-26 06:51:57.90379+00,7802c383-1ec0-41ae-9739-8ecc2faf327c,Task.xlsx,2025-11-26 06:51:57.90379+00,2025-11-26 06:51:57.90379+00,2025-10-27,2025-10,CW44,27,T
3206,c43999b4-b8e0-488c-93e4-cdb250a8371b,T,CW44,CW44,2025-10-28,2025-10-28,,SCh,,2025-11-26 06:51:57.90379+00,7802c383-1ec0-41ae-9739-8ecc2faf327c,Task.xlsx,2025-11-26 06:51:57.90379+00,2025-11-26 06:51:57.90379+00,2025-10-28,2025-10,CW44,28,T
3207,c43999b4-b8e0-488c-93e4-cdb250a8371b,T,CW44,CW44,2025-10-29,2025-10-29,,SCh,,2025-11-26 06:51:57.90379+00,7802c383-1ec0-41ae-9739-8ecc2faf327c,Task.xlsx,2025-11-26 06:51:57.90379+00,2025-11-26 06:51:57.90379+00,2025-10-29,2025-10,CW44,29,T
3208,c43999b4-b8e0-488c-93e4-cdb250a8371b,T,CW44,CW44,2025-10-30,2025-10-30,10kk,SCh,,2025-11-26 06:51:57.90379+00,7802c383-1ec0-41ae-9739-8ecc2faf327c,Task.xlsx,2025-11-26 06:51:57.90379+00,2025-11-26 06:51:57.90379+00,2025-10-30,2025-10,CW44,30,T
3209,c43999b4-b8e0-488c-93e4-cdb250a8371b,C,CW44,CW44,2025-10-31,2025-10-31,FI,EA,,2025-11-26 06:51:57.90379+00,7802c383-1ec0-41ae-9739-8ecc2faf327c,Task.xlsx,2025-11-26 06:51:57.90379+00,2025-11-26 06:51:57.90379+00,2025-10-31,2025-10,CW44,31,C
3210,c43999b4-b8e0-488c-93e4-cdb250a8371b,P,CW45,CW45,2025-11-03,2025-11-03,Kyoben,LC,,2025-11-26 06:51:57.90379+00,7802c383-1ec0-41ae-9739-8ecc2faf327c,Task.xlsx,2025-11-26 06:51:57.90379+00,2025-11-26 06:51:57.90379+00,2025-11-03,2025-11,CW45,3,P
3211,c43999b4-b8e0-488c-93e4-cdb250a8371b,P,CW45,CW45,2025-11-04,2025-11-04,,LC,,2025-11-26 06:51:57.90379+00,7802c383-1ec0-41ae-9739-8ecc2faf327c,Task.xlsx,2025-11-26 06:51:57.90379+00,2025-11-26 06:51:57.90379+00,2025-11-04,2025-11,CW45,4,P
3212,c43999b4-b8e0-488c-93e4-cdb250a8371b,P,CW45,CW45,2025-11-05,2025-11-05,,LC,,2025-11-26 06:51:57.90379+00,7802c383-1ec0-41ae-9739-8ecc2faf327c,Task.xlsx,2025-11-26 06:51:57.90379+00,2025-11-26 06:51:57.90379+00,2025-11-05,2025-11,CW45,5,P
3213,c43999b4-b8e0-488c-93e4-cdb250a8371b,P,CW45,CW45,2025-11-06,2025-11-06,,LC,,2025-11-26 06:51:57.90379+00,7802c383-1ec0-41ae-9739-8ecc2faf327c,Task.xlsx,2025-11-26 06:51:57.90379+00,2025-11-26 06:51:57.90379+00,2025-11-06,2025-11,CW45,6,P
3214,c43999b4-b8e0-488c-93e4-cdb250a8371b,P,CW45,CW45,2025-11-07,2025-11-07,,LC,,2025-11-26 06:51:57.90379+00,7802c383-1ec0-41ae-9739-8ecc2faf327c,Task.xlsx,2025-11-26 06:51:57.90379+00,2025-11-26 06:51:57.90379+00,2025-11-07,2025-11,CW45,7,P
3215,c43999b4-b8e0-488c-93e4-cdb250a8371b,M,CW46,CW46,2025-11-10,2025-11-10,AM,EA,,2025-11-26 06:51:57.90379+00,7802c383-1ec0-41ae-9739-8ecc2faf327c,Task.xlsx,2025-11-26 06:51:57.90379+00,2025-11-26 06:51:57.90379+00,2025-11-10,2025-11,CW46,10,M
3216,c43999b4-b8e0-488c-93e4-cdb250a8371b,M,CW46,CW46,2025-11-11,2025-11-11,AM,CL,,2025-11-26 06:51:57.90379+00,7802c383-1ec0-41ae-9739-8ecc2faf327c,Task.xlsx,2025-11-26 06:51:57.90379+00,2025-11-26 06:51:57.90379+00,2025-11-11,2025-11,CW46,11,M
3217,c43999b4-b8e0-488c-93e4-cdb250a8371b,P,CW47,CW47,2025-11-17,2025-11-17,Kyoben,LC,,2025-11-26 06:51:57.90379+00,7802c383-1ec0-41ae-9739-8ecc2faf327c,Task.xlsx,2025-11-26 06:51:57.90379+00,2025-11-26 06:51:57.90379+00,2025-11-17,2025-11,CW47,17,P
3218,c43999b4-b8e0-488c-93e4-cdb250a8371b,P,CW47,CW47,2025-11-18,2025-11-18,,LC,,2025-11-26 06:51:57.90379+00,7802c383-1ec0-41ae-9739-8ecc2faf327c,Task.xlsx,2025-11-26 06:51:57.90379+00,2025-11-26 06:51:57.90379+00,2025-11-18,2025-11,CW47,18,P
3219,c43999b4-b8e0-488c-93e4-cdb250a8371b,P,CW47,CW47,2025-11-19,2025-11-19,,LC,,2025-11-26 06:51:57.90379+00,7802c383-1ec0-41ae-9739-8ecc2faf327c,Task.xlsx,2025-11-26 06:51:57.90379+00,2025-11-26 06:51:57.90379+00,2025-11-19,2025-11,CW47,19,P
3220,c43999b4-b8e0-488c-93e4-cdb250a8371b,P,CW47,CW47,2025-11-20,2025-11-20,,LC,,2025-11-26 06:51:57.90379+00,7802c383-1ec0-41ae-9739-8ecc2faf327c,Task.xlsx,2025-11-26 06:51:57.90379+00,2025-11-26 06:51:57.90379+00,2025-11-20,2025-11,CW47,20,P
3221,c43999b4-b8e0-488c-93e4-cdb250a8371b,P,CW47,CW47,2025-11-21,2025-11-21,,LC,,2025-11-26 06:51:57.90379+00,7802c383-1ec0-41ae-9739-8ecc2faf327c,Task.xlsx,2025-11-26 06:51:57.90379+00,2025-11-26 06:51:57.90379+00,2025-11-21,2025-11,CW47,21,P
3222,c43999b4-b8e0-488c-93e4-cdb250a8371b,M,CW48,CW48,2025-11-27,2025-11-27,S-CIP,CL,,2025-11-26 06:51:57.90379+00,7802c383-1ec0-41ae-9739-8ecc2faf327c,Task.xlsx,2025-11-26 06:51:57.90379+00,2025-11-26 06:51:57.90379+00,2025-11-27,2025-11,CW48,27,M
3223,c43999b4-b8e0-488c-93e4-cdb250a8371b,P,CW49,CW49,2025-12-01,2025-12-01,Kyoben,LC,,2025-11-26 06:51:57.90379+00,7802c383-1ec0-41ae-9739-8ecc2faf327c,Task.xlsx,2025-11-26 06:51:57.90379+00,2025-11-26 06:51:57.90379+00,2025-12-01,2025-12,CW49,1,P
3224,c43999b4-b8e0-488c-93e4-cdb250a8371b,P,CW49,CW49,2025-12-02,2025-12-02,,LC,,2025-11-26 06:51:57.90379+00,7802c383-1ec0-41ae-9739-8ecc2faf327c,Task.xlsx,2025-11-26 06:51:57.90379+00,2025-11-26 06:51:57.90379+00,2025-12-02,2025-12,CW49,2,P
3225,c43999b4-b8e0-488c-93e4-cdb250a8371b,P,CW49,CW49,2025-12-03,2025-12-03,,LC,,2025-11-26 06:51:57.90379+00,7802c383-1ec0-41ae-9739-8ecc2faf327c,Task.xlsx,2025-11-26 06:51:57.90379+00,2025-11-26 06:51:57.90379+00,2025-12-03,2025-12,CW49,3,P
3226,c43999b4-b8e0-488c-93e4-cdb250a8371b,P,CW49,CW49,2025-12-04,2025-12-04,,LC,,2025-11-26 06:51:57.90379+00,7802c383-1ec0-41ae-9739-8ecc2faf327c,Task.xlsx,2025-11-26 06:51:57.90379+00,2025-11-26 06:51:57.90379+00,2025-12-04,2025-12,CW49,4,P
3227,c43999b4-b8e0-488c-93e4-cdb250a8371b,P,CW49,CW49,2025-12-05,2025-12-05,,LC,,2025-11-26 06:51:57.90379+00,7802c383-1ec0-41ae-9739-8ecc2faf327c,Task.xlsx,2025-11-26 06:51:57.90379+00,2025-11-26 06:51:57.90379+00,2025-12-05,2025-12,CW49,5,P
3228,c43999b4-b8e0-488c-93e4-cdb250a8371b,A,CW50,CW50,2025-12-09,2025-12-09,Assessment,HA,,2025-11-26 06:51:57.90379+00,7802c383-1ec0-41ae-9739-8ecc2faf327c,Task.xlsx,2025-11-26 06:51:57.90379+00,2025-11-26 06:51:57.90379+00,2025-12-09,2025-12,CW50,9,A
3229,c43999b4-b8e0-488c-93e4-cdb250a8371b,A,CW50,CW50,2025-12-10,2025-12-10,,HA,,2025-11-26 06:51:57.90379+00,7802c383-1ec0-41ae-9739-8ecc2faf327c,Task.xlsx,2025-11-26 06:51:57.90379+00,2025-11-26 06:51:57.90379+00,2025-12-10,2025-12,CW50,10,A
3230,c43999b4-b8e0-488c-93e4-cdb250a8371b,P,CW51,CW51,2025-12-15,2025-12-15,Kyoben,LC,,2025-11-26 06:51:57.90379+00,7802c383-1ec0-41ae-9739-8ecc2faf327c,Task.xlsx,2025-11-26 06:51:57.90379+00,2025-11-26 06:51:57.90379+00,2025-12-15,2025-12,CW51,15,P
3231,c43999b4-b8e0-488c-93e4-cdb250a8371b,P,CW51,CW51,2025-12-16,2025-12-16,,LC,,2025-11-26 06:51:57.90379+00,7802c383-1ec0-41ae-9739-8ecc2faf327c,Task.xlsx,2025-11-26 06:51:57.90379+00,2025-11-26 06:51:57.90379+00,2025-12-16,2025-12,CW51,16,P
3232,c43999b4-b8e0-488c-93e4-cdb250a8371b,P,CW51,CW51,2025-12-17,2025-12-17,,LC,,2025-11-26 06:51:57.90379+00,7802c383-1ec0-41ae-9739-8ecc2faf327c,Task.xlsx,2025-11-26 06:51:57.90379+00,2025-11-26 06:51:57.90379+00,2025-12-17,2025-12,CW51,17,P
3233,c43999b4-b8e0-488c-93e4-cdb250a8371b,P,CW51,CW51,2025-12-18,2025-12-18,,LC,,2025-11-26 06:51:57.90379+00,7802c383-1ec0-41ae-9739-8ecc2faf327c,Task.xlsx,2025-11-26 06:51:57.90379+00,2025-11-26 06:51:57.90379+00,2025-12-18,2025-12,CW51,18,P
3234,c43999b4-b8e0-488c-93e4-cdb250a8371b,P,CW51,CW51,2025-12-19,2025-12-19,,LC,,2025-11-26 06:51:57.90379+00,7802c383-1ec0-41ae-9739-8ecc2faf327c,Task.xlsx,2025-11-26 06:51:57.90379+00,2025-11-26 06:51:57.90379+00,2025-12-19,2025-12,CW51,19,P
3235,c43999b4-b8e0-488c-93e4-cdb250a8371b,M,CW52,CW52,2025-12-23,2025-12-23,,CL,,2025-11-26 06:51:57.90379+00,7802c383-1ec0-41ae-9739-8ecc2faf327c,Task.xlsx,2025-11-26 06:51:57.90379+00,2025-11-26 06:51:57.90379+00,2025-12-23,2025-12,CW52,23,M
3236,d1dfbfb9-be80-4387-9354-d7300d33c67f,M,CW01,CW01,2025-01-02,2025-01-02,,DC,,2025-11-26 06:51:57.90379+00,7802c383-1ec0-41ae-9739-8ecc2faf327c,Task.xlsx,2025-11-26 06:51:57.90379+00,2025-11-26 06:51:57.90379+00,2025-01-02,2025-01,CW01,2,M
3237,d1dfbfb9-be80-4387-9354-d7300d33c67f,M,CW01,CW01,2025-01-03,2025-01-03,,DC,,2025-11-26 06:51:57.90379+00,7802c383-1ec0-41ae-9739-8ecc2faf327c,Task.xlsx,2025-11-26 06:51:57.90379+00,2025-11-26 06:51:57.90379+00,2025-01-03,2025-01,CW01,3,M
3238,d1dfbfb9-be80-4387-9354-d7300d33c67f,C,CW02,CW02,2025-01-07,2025-01-07,,CL,,2025-11-26 06:51:57.90379+00,7802c383-1ec0-41ae-9739-8ecc2faf327c,Task.xlsx,2025-11-26 06:51:57.90379+00,2025-11-26 06:51:57.90379+00,2025-01-07,2025-01,CW02,7,C
3239,d1dfbfb9-be80-4387-9354-d7300d33c67f,T,CW02,CW02,2025-01-08,2025-01-08,,CL,,2025-11-26 06:51:57.90379+00,7802c383-1ec0-41ae-9739-8ecc2faf327c,Task.xlsx,2025-11-26 06:51:57.90379+00,2025-11-26 06:51:57.90379+00,2025-01-08,2025-01,CW02,8,T
3240,d1dfbfb9-be80-4387-9354-d7300d33c67f,WS,CW02,CW02,2025-01-09,2025-01-09,,LN,,2025-11-26 06:51:57.90379+00,7802c383-1ec0-41ae-9739-8ecc2faf327c,Task.xlsx,2025-11-26 06:51:57.90379+00,2025-11-26 06:51:57.90379+00,2025-01-09,2025-01,CW02,9,WS
3241,d1dfbfb9-be80-4387-9354-d7300d33c67f,T,CW02,CW02,2025-01-10,2025-01-10,,CL,,2025-11-26 06:51:57.90379+00,7802c383-1ec0-41ae-9739-8ecc2faf327c,Task.xlsx,2025-11-26 06:51:57.90379+00,2025-11-26 06:51:57.90379+00,2025-01-10,2025-01,CW02,10,T
3242,d1dfbfb9-be80-4387-9354-d7300d33c67f,WS,CW03,CW03,2025-01-14,2025-01-14,,DC,,2025-11-26 06:51:57.90379+00,7802c383-1ec0-41ae-9739-8ecc2faf327c,Task.xlsx,2025-11-26 06:51:57.90379+00,2025-11-26 06:51:57.90379+00,2025-01-14,2025-01,CW03,14,WS
3243,d1dfbfb9-be80-4387-9354-d7300d33c67f,M,CW03,CW03,2025-01-16,2025-01-16,,DC,,2025-11-26 06:51:57.90379+00,7802c383-1ec0-41ae-9739-8ecc2faf327c,Task.xlsx,2025-11-26 06:51:57.90379+00,2025-11-26 06:51:57.90379+00,2025-01-16,2025-01,CW03,16,M
3244,d1dfbfb9-be80-4387-9354-d7300d33c67f,WS,CW03,CW03,2025-01-17,2025-01-17,,DC,,2025-11-26 06:51:57.90379+00,7802c383-1ec0-41ae-9739-8ecc2faf327c,Task.xlsx,2025-11-26 06:51:57.90379+00,2025-11-26 06:51:57.90379+00,2025-01-17,2025-01,CW03,17,WS
3245,d1dfbfb9-be80-4387-9354-d7300d33c67f,WS,CW04,CW04,2025-01-20,2025-01-20,,DC,,2025-11-26 06:51:57.90379+00,7802c383-1ec0-41ae-9739-8ecc2faf327c,Task.xlsx,2025-11-26 06:51:57.90379+00,2025-11-26 06:51:57.90379+00,2025-01-20,2025-01,CW04,20,WS
3246,d1dfbfb9-be80-4387-9354-d7300d33c67f,P,CW04,CW04,2025-01-23,2025-01-23,,DC,,2025-11-26 06:51:57.90379+00,7802c383-1ec0-41ae-9739-8ecc2faf327c,Task.xlsx,2025-11-26 06:51:57.90379+00,2025-11-26 06:51:57.90379+00,2025-01-23,2025-01,CW04,23,P
3247,d1dfbfb9-be80-4387-9354-d7300d33c67f,M,CW06,CW06,2025-02-07,2025-02-07,,DC,,2025-11-26 06:51:57.90379+00,7802c383-1ec0-41ae-9739-8ecc2faf327c,Task.xlsx,2025-11-26 06:51:57.90379+00,2025-11-26 06:51:57.90379+00,2025-02-07,2025-02,CW06,7,M
3248,d1dfbfb9-be80-4387-9354-d7300d33c67f,WS,CW06,CW06,2025-02-08,2025-02-08,FI,LN,,2025-11-26 06:51:57.90379+00,7802c383-1ec0-41ae-9739-8ecc2faf327c,Task.xlsx,2025-11-26 06:51:57.90379+00,2025-11-26 06:51:57.90379+00,2025-02-08,2025-02,CW06,8,WS
3249,d1dfbfb9-be80-4387-9354-d7300d33c67f,SW,CW07,CW07,2025-02-10,2025-02-10,Speed week,DC,,2025-11-26 06:51:57.90379+00,7802c383-1ec0-41ae-9739-8ecc2faf327c,Task.xlsx,2025-11-26 06:51:57.90379+00,2025-11-26 06:51:57.90379+00,2025-02-10,2025-02,CW07,10,SW
3250,d1dfbfb9-be80-4387-9354-d7300d33c67f,SW,CW07,CW07,2025-02-11,2025-02-11,,DC,,2025-11-26 06:51:57.90379+00,7802c383-1ec0-41ae-9739-8ecc2faf327c,Task.xlsx,2025-11-26 06:51:57.90379+00,2025-11-26 06:51:57.90379+00,2025-02-11,2025-02,CW07,11,SW
3251,d1dfbfb9-be80-4387-9354-d7300d33c67f,SW,CW07,CW07,2025-02-12,2025-02-12,,DC,,2025-11-26 06:51:57.90379+00,7802c383-1ec0-41ae-9739-8ecc2faf327c,Task.xlsx,2025-11-26 06:51:57.90379+00,2025-11-26 06:51:57.90379+00,2025-02-12,2025-02,CW07,12,SW
3252,d1dfbfb9-be80-4387-9354-d7300d33c67f,SW,CW07,CW07,2025-02-13,2025-02-13,,DC,,2025-11-26 06:51:57.90379+00,7802c383-1ec0-41ae-9739-8ecc2faf327c,Task.xlsx,2025-11-26 06:51:57.90379+00,2025-11-26 06:51:57.90379+00,2025-02-13,2025-02,CW07,13,SW
3253,d1dfbfb9-be80-4387-9354-d7300d33c67f,SW,CW07,CW07,2025-02-14,2025-02-14,,DC,,2025-11-26 06:51:57.90379+00,7802c383-1ec0-41ae-9739-8ecc2faf327c,Task.xlsx,2025-11-26 06:51:57.90379+00,2025-11-26 06:51:57.90379+00,2025-02-14,2025-02,CW07,14,SW
3254,d1dfbfb9-be80-4387-9354-d7300d33c67f,M,CW08,CW08,2025-02-17,2025-02-17,,DC,,2025-11-26 06:51:57.90379+00,7802c383-1ec0-41ae-9739-8ecc2faf327c,Task.xlsx,2025-11-26 06:51:57.90379+00,2025-11-26 06:51:57.90379+00,2025-02-17,2025-02,CW08,17,M
3255,d1dfbfb9-be80-4387-9354-d7300d33c67f,T,CW08,CW08,2025-02-20,2025-02-20,,DC,,2025-11-26 06:51:57.90379+00,7802c383-1ec0-41ae-9739-8ecc2faf327c,Task.xlsx,2025-11-26 06:51:57.90379+00,2025-11-26 06:51:57.90379+00,2025-02-20,2025-02,CW08,20,T
3256,d1dfbfb9-be80-4387-9354-d7300d33c67f,SW,CW09,CW09,2025-02-24,2025-02-24,,DC,,2025-11-26 06:51:57.90379+00,7802c383-1ec0-41ae-9739-8ecc2faf327c,Task.xlsx,2025-11-26 06:51:57.90379+00,2025-11-26 06:51:57.90379+00,2025-02-24,2025-02,CW09,24,SW
3257,d1dfbfb9-be80-4387-9354-d7300d33c67f,WS,CW09,CW09,2025-02-25,2025-02-25,,DC,,2025-11-26 06:51:57.90379+00,7802c383-1ec0-41ae-9739-8ecc2faf327c,Task.xlsx,2025-11-26 06:51:57.90379+00,2025-11-26 06:51:57.90379+00,2025-02-25,2025-02,CW09,25,WS
3258,d1dfbfb9-be80-4387-9354-d7300d33c67f,SW,CW09,CW09,2025-02-26,2025-02-26,,DC,,2025-11-26 06:51:57.90379+00,7802c383-1ec0-41ae-9739-8ecc2faf327c,Task.xlsx,2025-11-26 06:51:57.90379+00,2025-11-26 06:51:57.90379+00,2025-02-26,2025-02,CW09,26,SW
3259,d1dfbfb9-be80-4387-9354-d7300d33c67f,SW,CW09,CW09,2025-02-27,2025-02-27,,DC,,2025-11-26 06:51:57.90379+00,7802c383-1ec0-41ae-9739-8ecc2faf327c,Task.xlsx,2025-11-26 06:51:57.90379+00,2025-11-26 06:51:57.90379+00,2025-02-27,2025-02,CW09,27,SW
3260,d1dfbfb9-be80-4387-9354-d7300d33c67f,SW,CW09,CW09,2025-02-28,2025-02-28,,DC,,2025-11-26 06:51:57.90379+00,7802c383-1ec0-41ae-9739-8ecc2faf327c,Task.xlsx,2025-11-26 06:51:57.90379+00,2025-11-26 06:51:57.90379+00,2025-02-28,2025-02,CW09,28,SW
3261,d1dfbfb9-be80-4387-9354-d7300d33c67f,T,CW10,CW10,2025-03-05,2025-03-05,,LC,,2025-11-26 06:51:57.90379+00,7802c383-1ec0-41ae-9739-8ecc2faf327c,Task.xlsx,2025-11-26 06:51:57.90379+00,2025-11-26 06:51:57.90379+00,2025-03-05,2025-03,CW10,5,T
3262,d1dfbfb9-be80-4387-9354-d7300d33c67f,T,CW10,CW10,2025-03-06,2025-03-06,,LC,,2025-11-26 06:51:57.90379+00,7802c383-1ec0-41ae-9739-8ecc2faf327c,Task.xlsx,2025-11-26 06:51:57.90379+00,2025-11-26 06:51:57.90379+00,2025-03-06,2025-03,CW10,6,T
3263,d1dfbfb9-be80-4387-9354-d7300d33c67f,T,CW10,CW10,2025-03-07,2025-03-07,,LC,,2025-11-26 06:51:57.90379+00,7802c383-1ec0-41ae-9739-8ecc2faf327c,Task.xlsx,2025-11-26 06:51:57.90379+00,2025-11-26 06:51:57.90379+00,2025-03-07,2025-03,CW10,7,T
3264,d1dfbfb9-be80-4387-9354-d7300d33c67f,SW,CW11,CW11,2025-03-10,2025-03-10,,DC,,2025-11-26 06:51:57.90379+00,7802c383-1ec0-41ae-9739-8ecc2faf327c,Task.xlsx,2025-11-26 06:51:57.90379+00,2025-11-26 06:51:57.90379+00,2025-03-10,2025-03,CW11,10,SW
3265,d1dfbfb9-be80-4387-9354-d7300d33c67f,SW,CW11,CW11,2025-03-11,2025-03-11,,DC,,2025-11-26 06:51:57.90379+00,7802c383-1ec0-41ae-9739-8ecc2faf327c,Task.xlsx,2025-11-26 06:51:57.90379+00,2025-11-26 06:51:57.90379+00,2025-03-11,2025-03,CW11,11,SW
3266,d1dfbfb9-be80-4387-9354-d7300d33c67f,SW,CW11,CW11,2025-03-12,2025-03-12,,DC,,2025-11-26 06:51:57.90379+00,7802c383-1ec0-41ae-9739-8ecc2faf327c,Task.xlsx,2025-11-26 06:51:57.90379+00,2025-11-26 06:51:57.90379+00,2025-03-12,2025-03,CW11,12,SW
3267,d1dfbfb9-be80-4387-9354-d7300d33c67f,SW,CW11,CW11,2025-03-13,2025-03-13,,DC,,2025-11-26 06:51:57.90379+00,7802c383-1ec0-41ae-9739-8ecc2faf327c,Task.xlsx,2025-11-26 06:51:57.90379+00,2025-11-26 06:51:57.90379+00,2025-03-13,2025-03,CW11,13,SW
3268,d1dfbfb9-be80-4387-9354-d7300d33c67f,SW,CW11,CW11,2025-03-14,2025-03-14,,DC,,2025-11-26 06:51:57.90379+00,7802c383-1ec0-41ae-9739-8ecc2faf327c,Task.xlsx,2025-11-26 06:51:57.90379+00,2025-11-26 06:51:57.90379+00,2025-03-14,2025-03,CW11,14,SW
3269,d1dfbfb9-be80-4387-9354-d7300d33c67f,SW,CW12,CW12,2025-03-17,2025-03-17,,DC,,2025-11-26 06:51:57.90379+00,7802c383-1ec0-41ae-9739-8ecc2faf327c,Task.xlsx,2025-11-26 06:51:57.90379+00,2025-11-26 06:51:57.90379+00,2025-03-17,2025-03,CW12,17,SW
3270,d1dfbfb9-be80-4387-9354-d7300d33c67f,SW,CW12,CW12,2025-03-18,2025-03-18,,DC,,2025-11-26 06:51:57.90379+00,7802c383-1ec0-41ae-9739-8ecc2faf327c,Task.xlsx,2025-11-26 06:51:57.90379+00,2025-11-26 06:51:57.90379+00,2025-03-18,2025-03,CW12,18,SW
3271,d1dfbfb9-be80-4387-9354-d7300d33c67f,SW,CW12,CW12,2025-03-19,2025-03-19,,DC,,2025-11-26 06:51:57.90379+00,7802c383-1ec0-41ae-9739-8ecc2faf327c,Task.xlsx,2025-11-26 06:51:57.90379+00,2025-11-26 06:51:57.90379+00,2025-03-19,2025-03,CW12,19,SW
3272,d1dfbfb9-be80-4387-9354-d7300d33c67f,SW,CW12,CW12,2025-03-20,2025-03-20,,DC,,2025-11-26 06:51:57.90379+00,7802c383-1ec0-41ae-9739-8ecc2faf327c,Task.xlsx,2025-11-26 06:51:57.90379+00,2025-11-26 06:51:57.90379+00,2025-03-20,2025-03,CW12,20,SW
3273,d1dfbfb9-be80-4387-9354-d7300d33c67f,SW,CW12,CW12,2025-03-21,2025-03-21,,DC,,2025-11-26 06:51:57.90379+00,7802c383-1ec0-41ae-9739-8ecc2faf327c,Task.xlsx,2025-11-26 06:51:57.90379+00,2025-11-26 06:51:57.90379+00,2025-03-21,2025-03,CW12,21,SW
3274,d1dfbfb9-be80-4387-9354-d7300d33c67f,M,CW13,CW13,2025-03-25,2025-03-25,,DC,,2025-11-26 06:51:57.90379+00,7802c383-1ec0-41ae-9739-8ecc2faf327c,Task.xlsx,2025-11-26 06:51:57.90379+00,2025-11-26 06:51:57.90379+00,2025-03-25,2025-03,CW13,25,M
3275,d1dfbfb9-be80-4387-9354-d7300d33c67f,C,CW13,CW13,2025-03-28,2025-03-28,,DC,,2025-11-26 06:51:57.90379+00,7802c383-1ec0-41ae-9739-8ecc2faf327c,Task.xlsx,2025-11-26 06:51:57.90379+00,2025-11-26 06:51:57.90379+00,2025-03-28,2025-03,CW13,28,C
3276,d1dfbfb9-be80-4387-9354-d7300d33c67f,M,CW14,CW14,2025-03-31,2025-03-31,,DC,,2025-11-26 06:51:57.90379+00,7802c383-1ec0-41ae-9739-8ecc2faf327c,Task.xlsx,2025-11-26 06:51:57.90379+00,2025-11-26 06:51:57.90379+00,2025-03-31,2025-03,CW14,31,M
3277,d1dfbfb9-be80-4387-9354-d7300d33c67f,M,CW14,CW14,2025-04-01,2025-04-01,,DC,,2025-11-26 06:51:57.90379+00,7802c383-1ec0-41ae-9739-8ecc2faf327c,Task.xlsx,2025-11-26 06:51:57.90379+00,2025-11-26 06:51:57.90379+00,2025-04-01,2025-04,CW14,1,M
3278,d1dfbfb9-be80-4387-9354-d7300d33c67f,M,CW14,CW14,2025-04-02,2025-04-02,,DC,,2025-11-26 06:51:57.90379+00,7802c383-1ec0-41ae-9739-8ecc2faf327c,Task.xlsx,2025-11-26 06:51:57.90379+00,2025-11-26 06:51:57.90379+00,2025-04-02,2025-04,CW14,2,M
3279,d1dfbfb9-be80-4387-9354-d7300d33c67f,M,CW14,CW14,2025-04-03,2025-04-03,,DC,,2025-11-26 06:51:57.90379+00,7802c383-1ec0-41ae-9739-8ecc2faf327c,Task.xlsx,2025-11-26 06:51:57.90379+00,2025-11-26 06:51:57.90379+00,2025-04-03,2025-04,CW14,3,M
3280,d1dfbfb9-be80-4387-9354-d7300d33c67f,SW,CW15,CW15,2025-04-07,2025-04-07,,DC,,2025-11-26 06:51:57.90379+00,7802c383-1ec0-41ae-9739-8ecc2faf327c,Task.xlsx,2025-11-26 06:51:57.90379+00,2025-11-26 06:51:57.90379+00,2025-04-07,2025-04,CW15,7,SW
3281,d1dfbfb9-be80-4387-9354-d7300d33c67f,SW,CW15,CW15,2025-04-08,2025-04-08,,DC,,2025-11-26 06:51:57.90379+00,7802c383-1ec0-41ae-9739-8ecc2faf327c,Task.xlsx,2025-11-26 06:51:57.90379+00,2025-11-26 06:51:57.90379+00,2025-04-08,2025-04,CW15,8,SW
3282,d1dfbfb9-be80-4387-9354-d7300d33c67f,SW,CW15,CW15,2025-04-09,2025-04-09,,DC,,2025-11-26 06:51:57.90379+00,7802c383-1ec0-41ae-9739-8ecc2faf327c,Task.xlsx,2025-11-26 06:51:57.90379+00,2025-11-26 06:51:57.90379+00,2025-04-09,2025-04,CW15,9,SW
3283,d1dfbfb9-be80-4387-9354-d7300d33c67f,SW,CW15,CW15,2025-04-10,2025-04-10,,DC,,2025-11-26 06:51:57.90379+00,7802c383-1ec0-41ae-9739-8ecc2faf327c,Task.xlsx,2025-11-26 06:51:57.90379+00,2025-11-26 06:51:57.90379+00,2025-04-10,2025-04,CW15,10,SW
3284,d1dfbfb9-be80-4387-9354-d7300d33c67f,SW,CW15,CW15,2025-04-11,2025-04-11,,DC,,2025-11-26 06:51:57.90379+00,7802c383-1ec0-41ae-9739-8ecc2faf327c,Task.xlsx,2025-11-26 06:51:57.90379+00,2025-11-26 06:51:57.90379+00,2025-04-11,2025-04,CW15,11,SW
3285,d1dfbfb9-be80-4387-9354-d7300d33c67f,WS,CW16,CW16,2025-04-15,2025-04-15,,DC,,2025-11-26 06:51:57.90379+00,7802c383-1ec0-41ae-9739-8ecc2faf327c,Task.xlsx,2025-11-26 06:51:57.90379+00,2025-11-26 06:51:57.90379+00,2025-04-15,2025-04,CW16,15,WS
3286,d1dfbfb9-be80-4387-9354-d7300d33c67f,M,CW16,CW16,2025-04-16,2025-04-16,,DC,,2025-11-26 06:51:57.90379+00,7802c383-1ec0-41ae-9739-8ecc2faf327c,Task.xlsx,2025-11-26 06:51:57.90379+00,2025-11-26 06:51:57.90379+00,2025-04-16,2025-04,CW16,16,M
3287,d1dfbfb9-be80-4387-9354-d7300d33c67f,T,CW16,CW16,2025-04-17,2025-04-17,,DC,,2025-11-26 06:51:57.90379+00,7802c383-1ec0-41ae-9739-8ecc2faf327c,Task.xlsx,2025-11-26 06:51:57.90379+00,2025-11-26 06:51:57.90379+00,2025-04-17,2025-04,CW16,17,T
3288,d1dfbfb9-be80-4387-9354-d7300d33c67f,C,CW16,CW16,2025-04-18,2025-04-18,,RC,,2025-11-26 06:51:57.90379+00,7802c383-1ec0-41ae-9739-8ecc2faf327c,Task.xlsx,2025-11-26 06:51:57.90379+00,2025-11-26 06:51:57.90379+00,2025-04-18,2025-04,CW16,18,C
3289,d1dfbfb9-be80-4387-9354-d7300d33c67f,T,CW17,CW17,2025-04-21,2025-04-21,,Na,,2025-11-26 06:51:57.90379+00,7802c383-1ec0-41ae-9739-8ecc2faf327c,Task.xlsx,2025-11-26 06:51:57.90379+00,2025-11-26 06:51:57.90379+00,2025-04-21,2025-04,CW17,21,T
3290,d1dfbfb9-be80-4387-9354-d7300d33c67f,WS,CW17,CW17,2025-04-22,2025-04-22,,DC,,2025-11-26 06:51:57.90379+00,7802c383-1ec0-41ae-9739-8ecc2faf327c,Task.xlsx,2025-11-26 06:51:57.90379+00,2025-11-26 06:51:57.90379+00,2025-04-22,2025-04,CW17,22,WS
3291,d1dfbfb9-be80-4387-9354-d7300d33c67f,T,CW17,CW17,2025-04-23,2025-04-23,,LC,,2025-11-26 06:51:57.90379+00,7802c383-1ec0-41ae-9739-8ecc2faf327c,Task.xlsx,2025-11-26 06:51:57.90379+00,2025-11-26 06:51:57.90379+00,2025-04-23,2025-04,CW17,23,T
3292,d1dfbfb9-be80-4387-9354-d7300d33c67f,WS,CW17,CW17,2025-04-24,2025-04-24,,Outside,,2025-11-26 06:51:57.90379+00,7802c383-1ec0-41ae-9739-8ecc2faf327c,Task.xlsx,2025-11-26 06:51:57.90379+00,2025-11-26 06:51:57.90379+00,2025-04-24,2025-04,CW17,24,WS
3293,d1dfbfb9-be80-4387-9354-d7300d33c67f,WS,CW17,CW17,2025-04-25,2025-04-25,,,,2025-11-26 06:51:57.90379+00,7802c383-1ec0-41ae-9739-8ecc2faf327c,Task.xlsx,2025-11-26 06:51:57.90379+00,2025-11-26 06:51:57.90379+00,2025-04-25,2025-04,CW17,25,WS
3294,d1dfbfb9-be80-4387-9354-d7300d33c67f,WS,CW17,CW17,2025-04-27,2025-04-27,,DC,,2025-11-26 06:51:57.90379+00,7802c383-1ec0-41ae-9739-8ecc2faf327c,Task.xlsx,2025-11-26 06:51:57.90379+00,2025-11-26 06:51:57.90379+00,2025-04-27,2025-04,CW17,27,WS
3295,d1dfbfb9-be80-4387-9354-d7300d33c67f,M,CW18,CW18,2025-04-28,2025-04-28,,DC,,2025-11-26 06:51:57.90379+00,7802c383-1ec0-41ae-9739-8ecc2faf327c,Task.xlsx,2025-11-26 06:51:57.90379+00,2025-11-26 06:51:57.90379+00,2025-04-28,2025-04,CW18,28,M
3296,d1dfbfb9-be80-4387-9354-d7300d33c67f,SW,CW18,CW18,2025-04-29,2025-04-29,,DC,,2025-11-26 06:51:57.90379+00,7802c383-1ec0-41ae-9739-8ecc2faf327c,Task.xlsx,2025-11-26 06:51:57.90379+00,2025-11-26 06:51:57.90379+00,2025-04-29,2025-04,CW18,29,SW
3297,d1dfbfb9-be80-4387-9354-d7300d33c67f,SW,CW18,CW18,2025-04-30,2025-04-30,,DC,,2025-11-26 06:51:57.90379+00,7802c383-1ec0-41ae-9739-8ecc2faf327c,Task.xlsx,2025-11-26 06:51:57.90379+00,2025-11-26 06:51:57.90379+00,2025-04-30,2025-04,CW18,30,SW
3298,d1dfbfb9-be80-4387-9354-d7300d33c67f,T,CW19,CW19,2025-05-08,2025-05-08,,LC,,2025-11-26 06:51:57.90379+00,7802c383-1ec0-41ae-9739-8ecc2faf327c,Task.xlsx,2025-11-26 06:51:57.90379+00,2025-11-26 06:51:57.90379+00,2025-05-08,2025-05,CW19,8,T
3299,d1dfbfb9-be80-4387-9354-d7300d33c67f,T,CW19,CW19,2025-05-09,2025-05-09,,LC,,2025-11-26 06:51:57.90379+00,7802c383-1ec0-41ae-9739-8ecc2faf327c,Task.xlsx,2025-11-26 06:51:57.90379+00,2025-11-26 06:51:57.90379+00,2025-05-09,2025-05,CW19,9,T
3300,d1dfbfb9-be80-4387-9354-d7300d33c67f,T,CW20,CW20,2025-05-12,2025-05-12,,LC,,2025-11-26 06:51:57.90379+00,7802c383-1ec0-41ae-9739-8ecc2faf327c,Task.xlsx,2025-11-26 06:51:57.90379+00,2025-11-26 06:51:57.90379+00,2025-05-12,2025-05,CW20,12,T
3301,d1dfbfb9-be80-4387-9354-d7300d33c67f,T,CW20,CW20,2025-05-13,2025-05-13,,LC,,2025-11-26 06:51:57.90379+00,7802c383-1ec0-41ae-9739-8ecc2faf327c,Task.xlsx,2025-11-26 06:51:57.90379+00,2025-11-26 06:51:57.90379+00,2025-05-13,2025-05,CW20,13,T
3302,d1dfbfb9-be80-4387-9354-d7300d33c67f,T,CW20,CW20,2025-05-14,2025-05-14,,LC,,2025-11-26 06:51:57.90379+00,7802c383-1ec0-41ae-9739-8ecc2faf327c,Task.xlsx,2025-11-26 06:51:57.90379+00,2025-11-26 06:51:57.90379+00,2025-05-14,2025-05,CW20,14,T
3303,d1dfbfb9-be80-4387-9354-d7300d33c67f,M,CW20,CW20,2025-05-15,2025-05-15,,DC,,2025-11-26 06:51:57.90379+00,7802c383-1ec0-41ae-9739-8ecc2faf327c,Task.xlsx,2025-11-26 06:51:57.90379+00,2025-11-26 06:51:57.90379+00,2025-05-15,2025-05,CW20,15,M
3304,d1dfbfb9-be80-4387-9354-d7300d33c67f,M,CW20,CW20,2025-05-16,2025-05-16,,DC,,2025-11-26 06:51:57.90379+00,7802c383-1ec0-41ae-9739-8ecc2faf327c,Task.xlsx,2025-11-26 06:51:57.90379+00,2025-11-26 06:51:57.90379+00,2025-05-16,2025-05,CW20,16,M
3305,d1dfbfb9-be80-4387-9354-d7300d33c67f,M,CW21,CW21,2025-05-20,2025-05-20,,HA,,2025-11-26 06:51:57.90379+00,7802c383-1ec0-41ae-9739-8ecc2faf327c,Task.xlsx,2025-11-26 06:51:57.90379+00,2025-11-26 06:51:57.90379+00,2025-05-20,2025-05,CW21,20,M
3306,d1dfbfb9-be80-4387-9354-d7300d33c67f,T,CW21,CW21,2025-05-21,2025-05-21,,EA,,2025-11-26 06:51:57.90379+00,7802c383-1ec0-41ae-9739-8ecc2faf327c,Task.xlsx,2025-11-26 06:51:57.90379+00,2025-11-26 06:51:57.90379+00,2025-05-21,2025-05,CW21,21,T
3307,d1dfbfb9-be80-4387-9354-d7300d33c67f,T,CW21,CW21,2025-05-22,2025-05-22,,EA,,2025-11-26 06:51:57.90379+00,7802c383-1ec0-41ae-9739-8ecc2faf327c,Task.xlsx,2025-11-26 06:51:57.90379+00,2025-11-26 06:51:57.90379+00,2025-05-22,2025-05,CW21,22,T
3308,d1dfbfb9-be80-4387-9354-d7300d33c67f,WS,CW22,CW22,2025-05-26,2025-05-26,,DC,,2025-11-26 06:51:57.90379+00,7802c383-1ec0-41ae-9739-8ecc2faf327c,Task.xlsx,2025-11-26 06:51:57.90379+00,2025-11-26 06:51:57.90379+00,2025-05-26,2025-05,CW22,26,WS
3309,d1dfbfb9-be80-4387-9354-d7300d33c67f,WS,CW22,CW22,2025-05-27,2025-05-27,,DC,,2025-11-26 06:51:57.90379+00,7802c383-1ec0-41ae-9739-8ecc2faf327c,Task.xlsx,2025-11-26 06:51:57.90379+00,2025-11-26 06:51:57.90379+00,2025-05-27,2025-05,CW22,27,WS
3310,d1dfbfb9-be80-4387-9354-d7300d33c67f,WS,CW22,CW22,2025-05-28,2025-05-28,,DC,,2025-11-26 06:51:57.90379+00,7802c383-1ec0-41ae-9739-8ecc2faf327c,Task.xlsx,2025-11-26 06:51:57.90379+00,2025-11-26 06:51:57.90379+00,2025-05-28,2025-05,CW22,28,WS
3311,d1dfbfb9-be80-4387-9354-d7300d33c67f,WS,CW22,CW22,2025-05-29,2025-05-29,,DC,,2025-11-26 06:51:57.90379+00,7802c383-1ec0-41ae-9739-8ecc2faf327c,Task.xlsx,2025-11-26 06:51:57.90379+00,2025-11-26 06:51:57.90379+00,2025-05-29,2025-05,CW22,29,WS
3312,d1dfbfb9-be80-4387-9354-d7300d33c67f,WS,CW24,CW24,2025-06-09,2025-06-09,Boot Camp,EA,,2025-11-26 06:51:57.90379+00,7802c383-1ec0-41ae-9739-8ecc2faf327c,Task.xlsx,2025-11-26 06:51:57.90379+00,2025-11-26 06:51:57.90379+00,2025-06-09,2025-06,CW24,9,WS
3313,d1dfbfb9-be80-4387-9354-d7300d33c67f,WS,CW24,CW24,2025-06-10,2025-06-10,,HA,,2025-11-26 06:51:57.90379+00,7802c383-1ec0-41ae-9739-8ecc2faf327c,Task.xlsx,2025-11-26 06:51:57.90379+00,2025-11-26 06:51:57.90379+00,2025-06-10,2025-06,CW24,10,WS
3314,d1dfbfb9-be80-4387-9354-d7300d33c67f,M,CW25,CW25,2025-06-16,2025-06-16,HA culture day,SNa,,2025-11-26 06:51:57.90379+00,7802c383-1ec0-41ae-9739-8ecc2faf327c,Task.xlsx,2025-11-26 06:51:57.90379+00,2025-11-26 06:51:57.90379+00,2025-06-16,2025-06,CW25,16,M
3315,d1dfbfb9-be80-4387-9354-d7300d33c67f,WS,CW25,CW25,2025-06-17,2025-06-17,,SNa,,2025-11-26 06:51:57.90379+00,7802c383-1ec0-41ae-9739-8ecc2faf327c,Task.xlsx,2025-11-26 06:51:57.90379+00,2025-11-26 06:51:57.90379+00,2025-06-17,2025-06,CW25,17,WS
3316,d1dfbfb9-be80-4387-9354-d7300d33c67f,WS,CW26,CW26,2025-06-23,2025-06-23,,DC,,2025-11-26 06:51:57.90379+00,7802c383-1ec0-41ae-9739-8ecc2faf327c,Task.xlsx,2025-11-26 06:51:57.90379+00,2025-11-26 06:51:57.90379+00,2025-06-23,2025-06,CW26,23,WS
3317,d1dfbfb9-be80-4387-9354-d7300d33c67f,P,CW26,CW26,2025-06-24,2025-06-24,,FLCCh,,2025-11-26 06:51:57.90379+00,7802c383-1ec0-41ae-9739-8ecc2faf327c,Task.xlsx,2025-11-26 06:51:57.90379+00,2025-11-26 06:51:57.90379+00,2025-06-24,2025-06,CW26,24,P
3318,d1dfbfb9-be80-4387-9354-d7300d33c67f,M,CW26,CW26,2025-06-25,2025-06-25,,DC,,2025-11-26 06:51:57.90379+00,7802c383-1ec0-41ae-9739-8ecc2faf327c,Task.xlsx,2025-11-26 06:51:57.90379+00,2025-11-26 06:51:57.90379+00,2025-06-25,2025-06,CW26,25,M
3319,d1dfbfb9-be80-4387-9354-d7300d33c67f,M,CW26,CW26,2025-06-26,2025-06-26,,FLCNa,,2025-11-26 06:51:57.90379+00,7802c383-1ec0-41ae-9739-8ecc2faf327c,Task.xlsx,2025-11-26 06:51:57.90379+00,2025-11-26 06:51:57.90379+00,2025-06-26,2025-06,CW26,26,M
3320,d1dfbfb9-be80-4387-9354-d7300d33c67f,T,CW26,CW26,2025-06-27,2025-06-27,,DC,,2025-11-26 06:51:57.90379+00,7802c383-1ec0-41ae-9739-8ecc2faf327c,Task.xlsx,2025-11-26 06:51:57.90379+00,2025-11-26 06:51:57.90379+00,2025-06-27,2025-06,CW26,27,T
3321,d1dfbfb9-be80-4387-9354-d7300d33c67f,WS,CW27,CW27,2025-06-30,2025-06-30,,DC,,2025-11-26 06:51:57.90379+00,7802c383-1ec0-41ae-9739-8ecc2faf327c,Task.xlsx,2025-11-26 06:51:57.90379+00,2025-11-26 06:51:57.90379+00,2025-06-30,2025-06,CW27,30,WS
3322,d1dfbfb9-be80-4387-9354-d7300d33c67f,T,CW27,CW27,2025-07-02,2025-07-02,WAS,DC,,2025-11-26 06:51:57.90379+00,7802c383-1ec0-41ae-9739-8ecc2faf327c,Task.xlsx,2025-11-26 06:51:57.90379+00,2025-11-26 06:51:57.90379+00,2025-07-02,2025-07,CW27,2,T
3323,d1dfbfb9-be80-4387-9354-d7300d33c67f,T,CW27,CW27,2025-07-03,2025-07-03,,DC,,2025-11-26 06:51:57.90379+00,7802c383-1ec0-41ae-9739-8ecc2faf327c,Task.xlsx,2025-11-26 06:51:57.90379+00,2025-11-26 06:51:57.90379+00,2025-07-03,2025-07,CW27,3,T
3324,d1dfbfb9-be80-4387-9354-d7300d33c67f,T,CW27,CW27,2025-07-04,2025-07-04,,DC,,2025-11-26 06:51:57.90379+00,7802c383-1ec0-41ae-9739-8ecc2faf327c,Task.xlsx,2025-11-26 06:51:57.90379+00,2025-11-26 06:51:57.90379+00,2025-07-04,2025-07,CW27,4,T
3325,d1dfbfb9-be80-4387-9354-d7300d33c67f,C,CW28,CW28,2025-07-09,2025-07-09,MET rehearsal,SCh,,2025-11-26 06:51:57.90379+00,7802c383-1ec0-41ae-9739-8ecc2faf327c,Task.xlsx,2025-11-26 06:51:57.90379+00,2025-11-26 06:51:57.90379+00,2025-07-09,2025-07,CW28,9,C
3326,d1dfbfb9-be80-4387-9354-d7300d33c67f,P,CW28,CW28,2025-07-10,2025-07-10,,FLCCh,,2025-11-26 06:51:57.90379+00,7802c383-1ec0-41ae-9739-8ecc2faf327c,Task.xlsx,2025-11-26 06:51:57.90379+00,2025-11-26 06:51:57.90379+00,2025-07-10,2025-07,CW28,10,P
3327,d1dfbfb9-be80-4387-9354-d7300d33c67f,T,CW28,CW28,2025-07-11,2025-07-11,,DC,,2025-11-26 06:51:57.90379+00,7802c383-1ec0-41ae-9739-8ecc2faf327c,Task.xlsx,2025-11-26 06:51:57.90379+00,2025-11-26 06:51:57.90379+00,2025-07-11,2025-07,CW28,11,T
3328,d1dfbfb9-be80-4387-9354-d7300d33c67f,P,CW30,CW30,2025-07-21,2025-07-21,Supplier visit,Chuzhou,,2025-11-26 06:51:57.90379+00,7802c383-1ec0-41ae-9739-8ecc2faf327c,Task.xlsx,2025-11-26 06:51:57.90379+00,2025-11-26 06:51:57.90379+00,2025-07-21,2025-07,CW30,21,P
3329,d1dfbfb9-be80-4387-9354-d7300d33c67f,SW,CW30,CW30,2025-07-22,2025-07-22,SC Speedweek,,,2025-11-26 06:51:57.90379+00,7802c383-1ec0-41ae-9739-8ecc2faf327c,Task.xlsx,2025-11-26 06:51:57.90379+00,2025-11-26 06:51:57.90379+00,2025-07-22,2025-07,CW30,22,SW
3330,d1dfbfb9-be80-4387-9354-d7300d33c67f,SW,CW30,CW30,2025-07-23,2025-07-23,,,,2025-11-26 06:51:57.90379+00,7802c383-1ec0-41ae-9739-8ecc2faf327c,Task.xlsx,2025-11-26 06:51:57.90379+00,2025-11-26 06:51:57.90379+00,2025-07-23,2025-07,CW30,23,SW
3331,d1dfbfb9-be80-4387-9354-d7300d33c67f,SW,CW30,CW30,2025-07-24,2025-07-24,,,,2025-11-26 06:51:57.90379+00,7802c383-1ec0-41ae-9739-8ecc2faf327c,Task.xlsx,2025-11-26 06:51:57.90379+00,2025-11-26 06:51:57.90379+00,2025-07-24,2025-07,CW30,24,SW
3332,d1dfbfb9-be80-4387-9354-d7300d33c67f,SW,CW30,CW30,2025-07-25,2025-07-25,,,,2025-11-26 06:51:57.90379+00,7802c383-1ec0-41ae-9739-8ecc2faf327c,Task.xlsx,2025-11-26 06:51:57.90379+00,2025-11-26 06:51:57.90379+00,2025-07-25,2025-07,CW30,25,SW
3333,d1dfbfb9-be80-4387-9354-d7300d33c67f,T,CW31,CW31,2025-07-29,2025-07-29,Pull & levelling,FLCNa,,2025-11-26 06:51:57.90379+00,7802c383-1ec0-41ae-9739-8ecc2faf327c,Task.xlsx,2025-11-26 06:51:57.90379+00,2025-11-26 06:51:57.90379+00,2025-07-29,2025-07,CW31,29,T
3334,d1dfbfb9-be80-4387-9354-d7300d33c67f,T,CW33,CW33,2025-08-15,2025-08-15,,SCh,,2025-11-26 06:51:57.90379+00,7802c383-1ec0-41ae-9739-8ecc2faf327c,Task.xlsx,2025-11-26 06:51:57.90379+00,2025-11-26 06:51:57.90379+00,2025-08-15,2025-08,CW33,15,T
3335,d1dfbfb9-be80-4387-9354-d7300d33c67f,WS,CW34,CW34,2025-08-20,2025-08-20,Lean admin,SCh,,2025-11-26 06:51:57.90379+00,7802c383-1ec0-41ae-9739-8ecc2faf327c,Task.xlsx,2025-11-26 06:51:57.90379+00,2025-11-26 06:51:57.90379+00,2025-08-20,2025-08,CW34,20,WS
3336,d1dfbfb9-be80-4387-9354-d7300d33c67f,T,CW34,CW34,2025-08-21,2025-08-21,T,SCh,,2025-11-26 06:51:57.90379+00,7802c383-1ec0-41ae-9739-8ecc2faf327c,Task.xlsx,2025-11-26 06:51:57.90379+00,2025-11-26 06:51:57.90379+00,2025-08-21,2025-08,CW34,21,T
3337,d1dfbfb9-be80-4387-9354-d7300d33c67f,WS,CW34,CW34,2025-08-22,2025-08-22,MEJ,DC,,2025-11-26 06:51:57.90379+00,7802c383-1ec0-41ae-9739-8ecc2faf327c,Task.xlsx,2025-11-26 06:51:57.90379+00,2025-11-26 06:51:57.90379+00,2025-08-22,2025-08,CW34,22,WS
3338,d1dfbfb9-be80-4387-9354-d7300d33c67f,M,CW35,CW35,2025-08-25,2025-08-25,,SNa,,2025-11-26 06:51:57.90379+00,7802c383-1ec0-41ae-9739-8ecc2faf327c,Task.xlsx,2025-11-26 06:51:57.90379+00,2025-11-26 06:51:57.90379+00,2025-08-25,2025-08,CW35,25,M
3339,d1dfbfb9-be80-4387-9354-d7300d33c67f,T,CW35,CW35,2025-08-26,2025-08-26,A3,SCh,,2025-11-26 06:51:57.90379+00,7802c383-1ec0-41ae-9739-8ecc2faf327c,Task.xlsx,2025-11-26 06:51:57.90379+00,2025-11-26 06:51:57.90379+00,2025-08-26,2025-08,CW35,26,T
3340,d1dfbfb9-be80-4387-9354-d7300d33c67f,P,CW37,CW37,2025-09-08,2025-09-08,Kyoben,CL,,2025-11-26 06:51:57.90379+00,7802c383-1ec0-41ae-9739-8ecc2faf327c,Task.xlsx,2025-11-26 06:51:57.90379+00,2025-11-26 06:51:57.90379+00,2025-09-08,2025-09,CW37,8,P
3341,d1dfbfb9-be80-4387-9354-d7300d33c67f,P,CW37,CW37,2025-09-09,2025-09-09,,CL,,2025-11-26 06:51:57.90379+00,7802c383-1ec0-41ae-9739-8ecc2faf327c,Task.xlsx,2025-11-26 06:51:57.90379+00,2025-11-26 06:51:57.90379+00,2025-09-09,2025-09,CW37,9,P
3342,d1dfbfb9-be80-4387-9354-d7300d33c67f,P,CW37,CW37,2025-09-10,2025-09-10,,CL,,2025-11-26 06:51:57.90379+00,7802c383-1ec0-41ae-9739-8ecc2faf327c,Task.xlsx,2025-11-26 06:51:57.90379+00,2025-11-26 06:51:57.90379+00,2025-09-10,2025-09,CW37,10,P
3343,d1dfbfb9-be80-4387-9354-d7300d33c67f,P,CW37,CW37,2025-09-11,2025-09-11,,CL,,2025-11-26 06:51:57.90379+00,7802c383-1ec0-41ae-9739-8ecc2faf327c,Task.xlsx,2025-11-26 06:51:57.90379+00,2025-11-26 06:51:57.90379+00,2025-09-11,2025-09,CW37,11,P
3344,d1dfbfb9-be80-4387-9354-d7300d33c67f,P,CW37,CW37,2025-09-12,2025-09-12,,CL,,2025-11-26 06:51:57.90379+00,7802c383-1ec0-41ae-9739-8ecc2faf327c,Task.xlsx,2025-11-26 06:51:57.90379+00,2025-11-26 06:51:57.90379+00,2025-09-12,2025-09,CW37,12,P
3345,d1dfbfb9-be80-4387-9354-d7300d33c67f,P,CW38,CW38,2025-09-15,2025-09-15,Kyoben,CL,,2025-11-26 06:51:57.90379+00,7802c383-1ec0-41ae-9739-8ecc2faf327c,Task.xlsx,2025-11-26 06:51:57.90379+00,2025-11-26 06:51:57.90379+00,2025-09-15,2025-09,CW38,15,P
3346,d1dfbfb9-be80-4387-9354-d7300d33c67f,P,CW38,CW38,2025-09-16,2025-09-16,,CL,,2025-11-26 06:51:57.90379+00,7802c383-1ec0-41ae-9739-8ecc2faf327c,Task.xlsx,2025-11-26 06:51:57.90379+00,2025-11-26 06:51:57.90379+00,2025-09-16,2025-09,CW38,16,P
3347,d1dfbfb9-be80-4387-9354-d7300d33c67f,P,CW38,CW38,2025-09-17,2025-09-17,,CL,,2025-11-26 06:51:57.90379+00,7802c383-1ec0-41ae-9739-8ecc2faf327c,Task.xlsx,2025-11-26 06:51:57.90379+00,2025-11-26 06:51:57.90379+00,2025-09-17,2025-09,CW38,17,P
3348,d1dfbfb9-be80-4387-9354-d7300d33c67f,P,CW38,CW38,2025-09-18,2025-09-18,,CL,,2025-11-26 06:51:57.90379+00,7802c383-1ec0-41ae-9739-8ecc2faf327c,Task.xlsx,2025-11-26 06:51:57.90379+00,2025-11-26 06:51:57.90379+00,2025-09-18,2025-09,CW38,18,P
3349,d1dfbfb9-be80-4387-9354-d7300d33c67f,P,CW38,CW38,2025-09-19,2025-09-19,,CL,,2025-11-26 06:51:57.90379+00,7802c383-1ec0-41ae-9739-8ecc2faf327c,Task.xlsx,2025-11-26 06:51:57.90379+00,2025-11-26 06:51:57.90379+00,2025-09-19,2025-09,CW38,19,P
3350,d1dfbfb9-be80-4387-9354-d7300d33c67f,WS,CW39,CW39,2025-09-28,2025-09-28,S-CIP,DC,,2025-11-26 06:51:57.90379+00,7802c383-1ec0-41ae-9739-8ecc2faf327c,Task.xlsx,2025-11-26 06:51:57.90379+00,2025-11-26 06:51:57.90379+00,2025-09-28,2025-09,CW39,28,WS
3351,d1dfbfb9-be80-4387-9354-d7300d33c67f,M,CW40,CW40,2025-09-29,2025-09-29,FI,Na,,2025-11-26 06:51:57.90379+00,7802c383-1ec0-41ae-9739-8ecc2faf327c,Task.xlsx,2025-11-26 06:51:57.90379+00,2025-11-26 06:51:57.90379+00,2025-09-29,2025-09,CW40,29,M
3352,d1dfbfb9-be80-4387-9354-d7300d33c67f,M,CW40,CW40,2025-09-30,2025-09-30,BPS bootcamp,DC,,2025-11-26 06:51:57.90379+00,7802c383-1ec0-41ae-9739-8ecc2faf327c,Task.xlsx,2025-11-26 06:51:57.90379+00,2025-11-26 06:51:57.90379+00,2025-09-30,2025-09,CW40,30,M
3353,d1dfbfb9-be80-4387-9354-d7300d33c67f,P,CW41,CW41,2025-10-10,2025-10-10,Supplier improvement,Supplier,,2025-11-26 06:51:57.90379+00,7802c383-1ec0-41ae-9739-8ecc2faf327c,Task.xlsx,2025-11-26 06:51:57.90379+00,2025-11-26 06:51:57.90379+00,2025-10-10,2025-10,CW41,10,P
3354,d1dfbfb9-be80-4387-9354-d7300d33c67f,WS,CW41,CW41,2025-10-11,2025-10-11,Factory Strategy,DC,,2025-11-26 06:51:57.90379+00,7802c383-1ec0-41ae-9739-8ecc2faf327c,Task.xlsx,2025-11-26 06:51:57.90379+00,2025-11-26 06:51:57.90379+00,2025-10-11,2025-10,CW41,11,WS
3355,d1dfbfb9-be80-4387-9354-d7300d33c67f,WS,CW42,CW42,2025-10-13,2025-10-13,GQM,HA,,2025-11-26 06:51:57.90379+00,7802c383-1ec0-41ae-9739-8ecc2faf327c,Task.xlsx,2025-11-26 06:51:57.90379+00,2025-11-26 06:51:57.90379+00,2025-10-13,2025-10,CW42,13,WS
3356,d1dfbfb9-be80-4387-9354-d7300d33c67f,M,CW42,CW42,2025-10-14,2025-10-14,GQM,EA,,2025-11-26 06:51:57.90379+00,7802c383-1ec0-41ae-9739-8ecc2faf327c,Task.xlsx,2025-11-26 06:51:57.90379+00,2025-11-26 06:51:57.90379+00,2025-10-14,2025-10,CW42,14,M
3357,d1dfbfb9-be80-4387-9354-d7300d33c67f,T,CW42,CW42,2025-10-15,2025-10-15,TPM,EA,,2025-11-26 06:51:57.90379+00,7802c383-1ec0-41ae-9739-8ecc2faf327c,Task.xlsx,2025-11-26 06:51:57.90379+00,2025-11-26 06:51:57.90379+00,2025-10-15,2025-10,CW42,15,T
3358,d1dfbfb9-be80-4387-9354-d7300d33c67f,T,CW42,CW42,2025-10-16,2025-10-16,,EA,,2025-11-26 06:51:57.90379+00,7802c383-1ec0-41ae-9739-8ecc2faf327c,Task.xlsx,2025-11-26 06:51:57.90379+00,2025-11-26 06:51:57.90379+00,2025-10-16,2025-10,CW42,16,T
3359,d1dfbfb9-be80-4387-9354-d7300d33c67f,WS,CW42,CW42,2025-10-17,2025-10-17,DT,DC,,2025-11-26 06:51:57.90379+00,7802c383-1ec0-41ae-9739-8ecc2faf327c,Task.xlsx,2025-11-26 06:51:57.90379+00,2025-11-26 06:51:57.90379+00,2025-10-17,2025-10,CW42,17,WS
3360,d1dfbfb9-be80-4387-9354-d7300d33c67f,P,CW43,CW43,2025-10-20,2025-10-20,Kyoben,CL,,2025-11-26 06:51:57.90379+00,7802c383-1ec0-41ae-9739-8ecc2faf327c,Task.xlsx,2025-11-26 06:51:57.90379+00,2025-11-26 06:51:57.90379+00,2025-10-20,2025-10,CW43,20,P
3361,d1dfbfb9-be80-4387-9354-d7300d33c67f,P,CW43,CW43,2025-10-21,2025-10-21,,CL,,2025-11-26 06:51:57.90379+00,7802c383-1ec0-41ae-9739-8ecc2faf327c,Task.xlsx,2025-11-26 06:51:57.90379+00,2025-11-26 06:51:57.90379+00,2025-10-21,2025-10,CW43,21,P
3362,d1dfbfb9-be80-4387-9354-d7300d33c67f,P,CW43,CW43,2025-10-22,2025-10-22,,CL,,2025-11-26 06:51:57.90379+00,7802c383-1ec0-41ae-9739-8ecc2faf327c,Task.xlsx,2025-11-26 06:51:57.90379+00,2025-11-26 06:51:57.90379+00,2025-10-22,2025-10,CW43,22,P
3363,d1dfbfb9-be80-4387-9354-d7300d33c67f,P,CW43,CW43,2025-10-23,2025-10-23,,CL,,2025-11-26 06:51:57.90379+00,7802c383-1ec0-41ae-9739-8ecc2faf327c,Task.xlsx,2025-11-26 06:51:57.90379+00,2025-11-26 06:51:57.90379+00,2025-10-23,2025-10,CW43,23,P
3364,d1dfbfb9-be80-4387-9354-d7300d33c67f,P,CW43,CW43,2025-10-24,2025-10-24,,CL,,2025-11-26 06:51:57.90379+00,7802c383-1ec0-41ae-9739-8ecc2faf327c,Task.xlsx,2025-11-26 06:51:57.90379+00,2025-11-26 06:51:57.90379+00,2025-10-24,2025-10,CW43,24,P
3365,d1dfbfb9-be80-4387-9354-d7300d33c67f,T,CW44,CW44,2025-10-27,2025-10-27,System-CIP approach,SCh,,2025-11-26 06:51:57.90379+00,7802c383-1ec0-41ae-9739-8ecc2faf327c,Task.xlsx,2025-11-26 06:51:57.90379+00,2025-11-26 06:51:57.90379+00,2025-10-27,2025-10,CW44,27,T
3366,d1dfbfb9-be80-4387-9354-d7300d33c67f,T,CW44,CW44,2025-10-28,2025-10-28,,SCh,,2025-11-26 06:51:57.90379+00,7802c383-1ec0-41ae-9739-8ecc2faf327c,Task.xlsx,2025-11-26 06:51:57.90379+00,2025-11-26 06:51:57.90379+00,2025-10-28,2025-10,CW44,28,T
3367,d1dfbfb9-be80-4387-9354-d7300d33c67f,T,CW44,CW44,2025-10-29,2025-10-29,,SCh,,2025-11-26 06:51:57.90379+00,7802c383-1ec0-41ae-9739-8ecc2faf327c,Task.xlsx,2025-11-26 06:51:57.90379+00,2025-11-26 06:51:57.90379+00,2025-10-29,2025-10,CW44,29,T
3368,d1dfbfb9-be80-4387-9354-d7300d33c67f,C,CW44,CW44,2025-10-31,2025-10-31,FI,EA,,2025-11-26 06:51:57.90379+00,7802c383-1ec0-41ae-9739-8ecc2faf327c,Task.xlsx,2025-11-26 06:51:57.90379+00,2025-11-26 06:51:57.90379+00,2025-10-31,2025-10,CW44,31,C
3369,d1dfbfb9-be80-4387-9354-d7300d33c67f,P,CW45,CW45,2025-11-03,2025-11-03,Kyoben,LC,,2025-11-26 06:51:57.90379+00,7802c383-1ec0-41ae-9739-8ecc2faf327c,Task.xlsx,2025-11-26 06:51:57.90379+00,2025-11-26 06:51:57.90379+00,2025-11-03,2025-11,CW45,3,P
3370,d1dfbfb9-be80-4387-9354-d7300d33c67f,P,CW45,CW45,2025-11-04,2025-11-04,,LC,,2025-11-26 06:51:57.90379+00,7802c383-1ec0-41ae-9739-8ecc2faf327c,Task.xlsx,2025-11-26 06:51:57.90379+00,2025-11-26 06:51:57.90379+00,2025-11-04,2025-11,CW45,4,P
3371,d1dfbfb9-be80-4387-9354-d7300d33c67f,P,CW45,CW45,2025-11-05,2025-11-05,,LC,,2025-11-26 06:51:57.90379+00,7802c383-1ec0-41ae-9739-8ecc2faf327c,Task.xlsx,2025-11-26 06:51:57.90379+00,2025-11-26 06:51:57.90379+00,2025-11-05,2025-11,CW45,5,P
3372,d1dfbfb9-be80-4387-9354-d7300d33c67f,P,CW45,CW45,2025-11-06,2025-11-06,,LC,,2025-11-26 06:51:57.90379+00,7802c383-1ec0-41ae-9739-8ecc2faf327c,Task.xlsx,2025-11-26 06:51:57.90379+00,2025-11-26 06:51:57.90379+00,2025-11-06,2025-11,CW45,6,P
3373,d1dfbfb9-be80-4387-9354-d7300d33c67f,P,CW45,CW45,2025-11-07,2025-11-07,,LC,,2025-11-26 06:51:57.90379+00,7802c383-1ec0-41ae-9739-8ecc2faf327c,Task.xlsx,2025-11-26 06:51:57.90379+00,2025-11-26 06:51:57.90379+00,2025-11-07,2025-11,CW45,7,P
3374,d1dfbfb9-be80-4387-9354-d7300d33c67f,P,CW46,CW46,2025-11-10,2025-11-10,10KK,DC,,2025-11-26 06:51:57.90379+00,7802c383-1ec0-41ae-9739-8ecc2faf327c,Task.xlsx,2025-11-26 06:51:57.90379+00,2025-11-26 06:51:57.90379+00,2025-11-10,2025-11,CW46,10,P
3375,d1dfbfb9-be80-4387-9354-d7300d33c67f,P,CW46,CW46,2025-11-11,2025-11-11,,DC,,2025-11-26 06:51:57.90379+00,7802c383-1ec0-41ae-9739-8ecc2faf327c,Task.xlsx,2025-11-26 06:51:57.90379+00,2025-11-26 06:51:57.90379+00,2025-11-11,2025-11,CW46,11,P
3376,d1dfbfb9-be80-4387-9354-d7300d33c67f,P,CW46,CW46,2025-11-12,2025-11-12,,DC,,2025-11-26 06:51:57.90379+00,7802c383-1ec0-41ae-9739-8ecc2faf327c,Task.xlsx,2025-11-26 06:51:57.90379+00,2025-11-26 06:51:57.90379+00,2025-11-12,2025-11,CW46,12,P
3377,d1dfbfb9-be80-4387-9354-d7300d33c67f,P,CW46,CW46,2025-11-13,2025-11-13,,DC,,2025-11-26 06:51:57.90379+00,7802c383-1ec0-41ae-9739-8ecc2faf327c,Task.xlsx,2025-11-26 06:51:57.90379+00,2025-11-26 06:51:57.90379+00,2025-11-13,2025-11,CW46,13,P
3378,d1dfbfb9-be80-4387-9354-d7300d33c67f,P,CW46,CW46,2025-11-14,2025-11-14,,DC,,2025-11-26 06:51:57.90379+00,7802c383-1ec0-41ae-9739-8ecc2faf327c,Task.xlsx,2025-11-26 06:51:57.90379+00,2025-11-26 06:51:57.90379+00,2025-11-14,2025-11,CW46,14,P
3379,d1dfbfb9-be80-4387-9354-d7300d33c67f,P,CW47,CW47,2025-11-17,2025-11-17,Kyoben,LC,,2025-11-26 06:51:57.90379+00,7802c383-1ec0-41ae-9739-8ecc2faf327c,Task.xlsx,2025-11-26 06:51:57.90379+00,2025-11-26 06:51:57.90379+00,2025-11-17,2025-11,CW47,17,P
3380,d1dfbfb9-be80-4387-9354-d7300d33c67f,P,CW47,CW47,2025-11-18,2025-11-18,,LC,,2025-11-26 06:51:57.90379+00,7802c383-1ec0-41ae-9739-8ecc2faf327c,Task.xlsx,2025-11-26 06:51:57.90379+00,2025-11-26 06:51:57.90379+00,2025-11-18,2025-11,CW47,18,P
3381,d1dfbfb9-be80-4387-9354-d7300d33c67f,P,CW47,CW47,2025-11-19,2025-11-19,,LC,,2025-11-26 06:51:57.90379+00,7802c383-1ec0-41ae-9739-8ecc2faf327c,Task.xlsx,2025-11-26 06:51:57.90379+00,2025-11-26 06:51:57.90379+00,2025-11-19,2025-11,CW47,19,P
3382,d1dfbfb9-be80-4387-9354-d7300d33c67f,P,CW47,CW47,2025-11-20,2025-11-20,,LC,,2025-11-26 06:51:57.90379+00,7802c383-1ec0-41ae-9739-8ecc2faf327c,Task.xlsx,2025-11-26 06:51:57.90379+00,2025-11-26 06:51:57.90379+00,2025-11-20,2025-11,CW47,20,P
3383,d1dfbfb9-be80-4387-9354-d7300d33c67f,P,CW47,CW47,2025-11-21,2025-11-21,,LC,,2025-11-26 06:51:57.90379+00,7802c383-1ec0-41ae-9739-8ecc2faf327c,Task.xlsx,2025-11-26 06:51:57.90379+00,2025-11-26 06:51:57.90379+00,2025-11-21,2025-11,CW47,21,P
3384,d1dfbfb9-be80-4387-9354-d7300d33c67f,T,CW48,CW48,2025-11-25,2025-11-25,System Approach,HA,,2025-11-26 06:51:57.90379+00,7802c383-1ec0-41ae-9739-8ecc2faf327c,Task.xlsx,2025-11-26 06:51:57.90379+00,2025-11-26 06:51:57.90379+00,2025-11-25,2025-11,CW48,25,T
3385,d1dfbfb9-be80-4387-9354-d7300d33c67f,T,CW48,CW48,2025-11-26,2025-11-26,,HA,,2025-11-26 06:51:57.90379+00,7802c383-1ec0-41ae-9739-8ecc2faf327c,Task.xlsx,2025-11-26 06:51:57.90379+00,2025-11-26 06:51:57.90379+00,2025-11-26,2025-11,CW48,26,T
3386,d1dfbfb9-be80-4387-9354-d7300d33c67f,Audit,CW48,CW48,2025-11-27,2025-11-27,IPA,CL,,2025-11-26 06:51:57.90379+00,7802c383-1ec0-41ae-9739-8ecc2faf327c,Task.xlsx,2025-11-26 06:51:57.90379+00,2025-11-26 06:51:57.90379+00,2025-11-27,2025-11,CW48,27,Audit
3387,d1dfbfb9-be80-4387-9354-d7300d33c67f,Audit,CW48,CW48,2025-11-28,2025-11-28,,CL,,2025-11-26 06:51:57.90379+00,7802c383-1ec0-41ae-9739-8ecc2faf327c,Task.xlsx,2025-11-26 06:51:57.90379+00,2025-11-26 06:51:57.90379+00,2025-11-28,2025-11,CW48,28,Audit
3388,d1dfbfb9-be80-4387-9354-d7300d33c67f,P,CW49,CW49,2025-12-01,2025-12-01,Kyoben,LC,,2025-11-26 06:51:57.90379+00,7802c383-1ec0-41ae-9739-8ecc2faf327c,Task.xlsx,2025-11-26 06:51:57.90379+00,2025-11-26 06:51:57.90379+00,2025-12-01,2025-12,CW49,1,P
3389,d1dfbfb9-be80-4387-9354-d7300d33c67f,P,CW49,CW49,2025-12-02,2025-12-02,,LC,,2025-11-26 06:51:57.90379+00,7802c383-1ec0-41ae-9739-8ecc2faf327c,Task.xlsx,2025-11-26 06:51:57.90379+00,2025-11-26 06:51:57.90379+00,2025-12-02,2025-12,CW49,2,P
3390,d1dfbfb9-be80-4387-9354-d7300d33c67f,P,CW49,CW49,2025-12-03,2025-12-03,,LC,,2025-11-26 06:51:57.90379+00,7802c383-1ec0-41ae-9739-8ecc2faf327c,Task.xlsx,2025-11-26 06:51:57.90379+00,2025-11-26 06:51:57.90379+00,2025-12-03,2025-12,CW49,3,P
3391,d1dfbfb9-be80-4387-9354-d7300d33c67f,P,CW49,CW49,2025-12-04,2025-12-04,,LC,,2025-11-26 06:51:57.90379+00,7802c383-1ec0-41ae-9739-8ecc2faf327c,Task.xlsx,2025-11-26 06:51:57.90379+00,2025-11-26 06:51:57.90379+00,2025-12-04,2025-12,CW49,4,P
3392,d1dfbfb9-be80-4387-9354-d7300d33c67f,P,CW49,CW49,2025-12-05,2025-12-05,,LC,,2025-11-26 06:51:57.90379+00,7802c383-1ec0-41ae-9739-8ecc2faf327c,Task.xlsx,2025-11-26 06:51:57.90379+00,2025-11-26 06:51:57.90379+00,2025-12-05,2025-12,CW49,5,P
3393,d1dfbfb9-be80-4387-9354-d7300d33c67f,P,CW50,CW50,2025-12-08,2025-12-08,Assessment preparation,DC,,2025-11-26 06:51:57.90379+00,7802c383-1ec0-41ae-9739-8ecc2faf327c,Task.xlsx,2025-11-26 06:51:57.90379+00,2025-11-26 06:51:57.90379+00,2025-12-08,2025-12,CW50,8,P
3394,d1dfbfb9-be80-4387-9354-d7300d33c67f,P,CW50,CW50,2025-12-09,2025-12-09,,DC,,2025-11-26 06:51:57.90379+00,7802c383-1ec0-41ae-9739-8ecc2faf327c,Task.xlsx,2025-11-26 06:51:57.90379+00,2025-11-26 06:51:57.90379+00,2025-12-09,2025-12,CW50,9,P
3395,d1dfbfb9-be80-4387-9354-d7300d33c67f,P,CW50,CW50,2025-12-10,2025-12-10,,DC,,2025-11-26 06:51:57.90379+00,7802c383-1ec0-41ae-9739-8ecc2faf327c,Task.xlsx,2025-11-26 06:51:57.90379+00,2025-11-26 06:51:57.90379+00,2025-12-10,2025-12,CW50,10,P
3396,d1dfbfb9-be80-4387-9354-d7300d33c67f,P,CW50,CW50,2025-12-11,2025-12-11,,DC,,2025-11-26 06:51:57.90379+00,7802c383-1ec0-41ae-9739-8ecc2faf327c,Task.xlsx,2025-11-26 06:51:57.90379+00,2025-11-26 06:51:57.90379+00,2025-12-11,2025-12,CW50,11,P
3397,d1dfbfb9-be80-4387-9354-d7300d33c67f,A,CW50,CW50,2025-12-12,2025-12-12,Assessment,HA,,2025-11-26 06:51:57.90379+00,7802c383-1ec0-41ae-9739-8ecc2faf327c,Task.xlsx,2025-11-26 06:51:57.90379+00,2025-11-26 06:51:57.90379+00,2025-12-12,2025-12,CW50,12,A
3398,d1dfbfb9-be80-4387-9354-d7300d33c67f,P,CW51,CW51,2025-12-15,2025-12-15,Kyoben,LC,,2025-11-26 06:51:57.90379+00,7802c383-1ec0-41ae-9739-8ecc2faf327c,Task.xlsx,2025-11-26 06:51:57.90379+00,2025-11-26 06:51:57.90379+00,2025-12-15,2025-12,CW51,15,P
3399,d1dfbfb9-be80-4387-9354-d7300d33c67f,P,CW51,CW51,2025-12-16,2025-12-16,,LC,,2025-11-26 06:51:57.90379+00,7802c383-1ec0-41ae-9739-8ecc2faf327c,Task.xlsx,2025-11-26 06:51:57.90379+00,2025-11-26 06:51:57.90379+00,2025-12-16,2025-12,CW51,16,P
3400,d1dfbfb9-be80-4387-9354-d7300d33c67f,P,CW51,CW51,2025-12-17,2025-12-17,,LC,,2025-11-26 06:51:57.90379+00,7802c383-1ec0-41ae-9739-8ecc2faf327c,Task.xlsx,2025-11-26 06:51:57.90379+00,2025-11-26 06:51:57.90379+00,2025-12-17,2025-12,CW51,17,P
3401,d1dfbfb9-be80-4387-9354-d7300d33c67f,P,CW51,CW51,2025-12-18,2025-12-18,,LC,,2025-11-26 06:51:57.90379+00,7802c383-1ec0-41ae-9739-8ecc2faf327c,Task.xlsx,2025-11-26 06:51:57.90379+00,2025-11-26 06:51:57.90379+00,2025-12-18,2025-12,CW51,18,P
3402,d1dfbfb9-be80-4387-9354-d7300d33c67f,P,CW51,CW51,2025-12-19,2025-12-19,,LC,,2025-11-26 06:51:57.90379+00,7802c383-1ec0-41ae-9739-8ecc2faf327c,Task.xlsx,2025-11-26 06:51:57.90379+00,2025-11-26 06:51:57.90379+00,2025-12-19,2025-12,CW51,19,P
3403,d1dfbfb9-be80-4387-9354-d7300d33c67f,WS,CW52,CW52,2025-12-23,2025-12-23,MEJ,DC,,2025-11-26 06:51:57.90379+00,7802c383-1ec0-41ae-9739-8ecc2faf327c,Task.xlsx,2025-11-26 06:51:57.90379+00,2025-11-26 06:51:57.90379+00,2025-12-23,2025-12,CW52,23,WS
3404,d1dfbfb9-be80-4387-9354-d7300d33c67f,L,CW52,CW52,2025-12-25,2025-12-25,Leave,,,2025-11-26 06:51:57.90379+00,7802c383-1ec0-41ae-9739-8ecc2faf327c,Task.xlsx,2025-11-26 06:51:57.90379+00,2025-11-26 06:51:57.90379+00,2025-12-25,2025-12,CW52,25,L
3405,d1dfbfb9-be80-4387-9354-d7300d33c67f,L,CW52,CW52,2025-12-26,2025-12-26,,,,2025-11-26 06:51:57.90379+00,7802c383-1ec0-41ae-9739-8ecc2faf327c,Task.xlsx,2025-11-26 06:51:57.90379+00,2025-11-26 06:51:57.90379+00,2025-12-26,2025-12,CW52,26,L
3406,d1dfbfb9-be80-4387-9354-d7300d33c67f,L,CW52,CW52,2025-12-29,2025-12-29,Leave,,,2025-11-26 06:51:57.90379+00,7802c383-1ec0-41ae-9739-8ecc2faf327c,Task.xlsx,2025-11-26 06:51:57.90379+00,2025-11-26 06:51:57.90379+00,2025-12-29,2025-12,CW01,29,L
3407,d1dfbfb9-be80-4387-9354-d7300d33c67f,L,CW52,CW52,2025-12-30,2025-12-30,,,,2025-11-26 06:51:57.90379+00,7802c383-1ec0-41ae-9739-8ecc2faf327c,Task.xlsx,2025-11-26 06:51:57.90379+00,2025-11-26 06:51:57.90379+00,2025-12-30,2025-12,CW01,30,L
3408,d1dfbfb9-be80-4387-9354-d7300d33c67f,L,CW52,CW52,2025-12-31,2025-12-31,,,,2025-11-26 06:51:57.90379+00,7802c383-1ec0-41ae-9739-8ecc2faf327c,Task.xlsx,2025-11-26 06:51:57.90379+00,2025-11-26 06:51:57.90379+00,2025-12-31,2025-12,CW01,31,L
3409,e71fd1a1-e793-4f24-a327-c466f798c23a,P,CW01,CW01,2025-01-02,2025-01-02,,SCh,,2025-11-26 06:51:57.90379+00,7802c383-1ec0-41ae-9739-8ecc2faf327c,Task.xlsx,2025-11-26 06:51:57.90379+00,2025-11-26 06:51:57.90379+00,2025-01-02,2025-01,CW01,2,P
3410,e71fd1a1-e793-4f24-a327-c466f798c23a,P,CW01,CW01,2025-01-03,2025-01-03,,SCh,,2025-11-26 06:51:57.90379+00,7802c383-1ec0-41ae-9739-8ecc2faf327c,Task.xlsx,2025-11-26 06:51:57.90379+00,2025-11-26 06:51:57.90379+00,2025-01-03,2025-01,CW01,3,P
3411,e71fd1a1-e793-4f24-a327-c466f798c23a,P,CW02,CW02,2025-01-06,2025-01-06,,SCh,,2025-11-26 06:51:57.90379+00,7802c383-1ec0-41ae-9739-8ecc2faf327c,Task.xlsx,2025-11-26 06:51:57.90379+00,2025-11-26 06:51:57.90379+00,2025-01-06,2025-01,CW02,6,P
3412,e71fd1a1-e793-4f24-a327-c466f798c23a,P,CW02,CW02,2025-01-08,2025-01-08,,SCh,,2025-11-26 06:51:57.90379+00,7802c383-1ec0-41ae-9739-8ecc2faf327c,Task.xlsx,2025-11-26 06:51:57.90379+00,2025-11-26 06:51:57.90379+00,2025-01-08,2025-01,CW02,8,P
3413,e71fd1a1-e793-4f24-a327-c466f798c23a,M,CW02,CW02,2025-01-09,2025-01-09,,SCh,,2025-11-26 06:51:57.90379+00,7802c383-1ec0-41ae-9739-8ecc2faf327c,Task.xlsx,2025-11-26 06:51:57.90379+00,2025-11-26 06:51:57.90379+00,2025-01-09,2025-01,CW02,9,M
3414,e71fd1a1-e793-4f24-a327-c466f798c23a,P,CW02,CW02,2025-01-10,2025-01-10,,SCh,,2025-11-26 06:51:57.90379+00,7802c383-1ec0-41ae-9739-8ecc2faf327c,Task.xlsx,2025-11-26 06:51:57.90379+00,2025-11-26 06:51:57.90379+00,2025-01-10,2025-01,CW02,10,P
3415,e71fd1a1-e793-4f24-a327-c466f798c23a,P,CW03,CW03,2025-01-13,2025-01-13,,BT,,2025-11-26 06:51:57.90379+00,7802c383-1ec0-41ae-9739-8ecc2faf327c,Task.xlsx,2025-11-26 06:51:57.90379+00,2025-11-26 06:51:57.90379+00,2025-01-13,2025-01,CW03,13,P
3416,e71fd1a1-e793-4f24-a327-c466f798c23a,P,CW03,CW03,2025-01-14,2025-01-14,,BT,,2025-11-26 06:51:57.90379+00,7802c383-1ec0-41ae-9739-8ecc2faf327c,Task.xlsx,2025-11-26 06:51:57.90379+00,2025-11-26 06:51:57.90379+00,2025-01-14,2025-01,CW03,14,P
3417,e71fd1a1-e793-4f24-a327-c466f798c23a,P,CW03,CW03,2025-01-15,2025-01-15,,SCh,,2025-11-26 06:51:57.90379+00,7802c383-1ec0-41ae-9739-8ecc2faf327c,Task.xlsx,2025-11-26 06:51:57.90379+00,2025-11-26 06:51:57.90379+00,2025-01-15,2025-01,CW03,15,P
3418,e71fd1a1-e793-4f24-a327-c466f798c23a,P,CW03,CW03,2025-01-17,2025-01-17,,SNa,,2025-11-26 06:51:57.90379+00,7802c383-1ec0-41ae-9739-8ecc2faf327c,Task.xlsx,2025-11-26 06:51:57.90379+00,2025-11-26 06:51:57.90379+00,2025-01-17,2025-01,CW03,17,P
3419,e71fd1a1-e793-4f24-a327-c466f798c23a,P,CW04,CW04,2025-01-20,2025-01-20,,SNa,,2025-11-26 06:51:57.90379+00,7802c383-1ec0-41ae-9739-8ecc2faf327c,Task.xlsx,2025-11-26 06:51:57.90379+00,2025-11-26 06:51:57.90379+00,2025-01-20,2025-01,CW04,20,P
3420,e71fd1a1-e793-4f24-a327-c466f798c23a,P,CW04,CW04,2025-01-22,2025-01-22,,SCh,,2025-11-26 06:51:57.90379+00,7802c383-1ec0-41ae-9739-8ecc2faf327c,Task.xlsx,2025-11-26 06:51:57.90379+00,2025-11-26 06:51:57.90379+00,2025-01-22,2025-01,CW04,22,P
3421,e71fd1a1-e793-4f24-a327-c466f798c23a,M,CW04,CW04,2025-01-23,2025-01-23,,SCh,,2025-11-26 06:51:57.90379+00,7802c383-1ec0-41ae-9739-8ecc2faf327c,Task.xlsx,2025-11-26 06:51:57.90379+00,2025-11-26 06:51:57.90379+00,2025-01-23,2025-01,CW04,23,M
3422,e71fd1a1-e793-4f24-a327-c466f798c23a,M,CW04,CW04,2025-01-24,2025-01-24,,SCh,,2025-11-26 06:51:57.90379+00,7802c383-1ec0-41ae-9739-8ecc2faf327c,Task.xlsx,2025-11-26 06:51:57.90379+00,2025-11-26 06:51:57.90379+00,2025-01-24,2025-01,CW04,24,M
3423,e71fd1a1-e793-4f24-a327-c466f798c23a,P,CW06,CW06,2025-02-05,2025-02-05,,SNa,,2025-11-26 06:51:57.90379+00,7802c383-1ec0-41ae-9739-8ecc2faf327c,Task.xlsx,2025-11-26 06:51:57.90379+00,2025-11-26 06:51:57.90379+00,2025-02-05,2025-02,CW06,5,P
3424,e71fd1a1-e793-4f24-a327-c466f798c23a,P,CW06,CW06,2025-02-07,2025-02-07,,SCh,,2025-11-26 06:51:57.90379+00,7802c383-1ec0-41ae-9739-8ecc2faf327c,Task.xlsx,2025-11-26 06:51:57.90379+00,2025-11-26 06:51:57.90379+00,2025-02-07,2025-02,CW06,7,P
3425,e71fd1a1-e793-4f24-a327-c466f798c23a,P,CW07,CW07,2025-02-10,2025-02-10,,SCh,,2025-11-26 06:51:57.90379+00,7802c383-1ec0-41ae-9739-8ecc2faf327c,Task.xlsx,2025-11-26 06:51:57.90379+00,2025-11-26 06:51:57.90379+00,2025-02-10,2025-02,CW07,10,P
3426,e71fd1a1-e793-4f24-a327-c466f798c23a,P,CW07,CW07,2025-02-12,2025-02-12,,SCh,,2025-11-26 06:51:57.90379+00,7802c383-1ec0-41ae-9739-8ecc2faf327c,Task.xlsx,2025-11-26 06:51:57.90379+00,2025-11-26 06:51:57.90379+00,2025-02-12,2025-02,CW07,12,P
3427,e71fd1a1-e793-4f24-a327-c466f798c23a,SW,CW08,CW08,2025-02-17,2025-02-17,,SCh,,2025-11-26 06:51:57.90379+00,7802c383-1ec0-41ae-9739-8ecc2faf327c,Task.xlsx,2025-11-26 06:51:57.90379+00,2025-11-26 06:51:57.90379+00,2025-02-17,2025-02,CW08,17,SW
3428,e71fd1a1-e793-4f24-a327-c466f798c23a,SW,CW08,CW08,2025-02-18,2025-02-18,,SCh,,2025-11-26 06:51:57.90379+00,7802c383-1ec0-41ae-9739-8ecc2faf327c,Task.xlsx,2025-11-26 06:51:57.90379+00,2025-11-26 06:51:57.90379+00,2025-02-18,2025-02,CW08,18,SW
3429,e71fd1a1-e793-4f24-a327-c466f798c23a,SW,CW08,CW08,2025-02-19,2025-02-19,,SCh,,2025-11-26 06:51:57.90379+00,7802c383-1ec0-41ae-9739-8ecc2faf327c,Task.xlsx,2025-11-26 06:51:57.90379+00,2025-11-26 06:51:57.90379+00,2025-02-19,2025-02,CW08,19,SW
3430,e71fd1a1-e793-4f24-a327-c466f798c23a,SW,CW08,CW08,2025-02-20,2025-02-20,,SCh,,2025-11-26 06:51:57.90379+00,7802c383-1ec0-41ae-9739-8ecc2faf327c,Task.xlsx,2025-11-26 06:51:57.90379+00,2025-11-26 06:51:57.90379+00,2025-02-20,2025-02,CW08,20,SW
3431,e71fd1a1-e793-4f24-a327-c466f798c23a,SW,CW08,CW08,2025-02-21,2025-02-21,,SCh,,2025-11-26 06:51:57.90379+00,7802c383-1ec0-41ae-9739-8ecc2faf327c,Task.xlsx,2025-11-26 06:51:57.90379+00,2025-11-26 06:51:57.90379+00,2025-02-21,2025-02,CW08,21,SW
3432,e71fd1a1-e793-4f24-a327-c466f798c23a,P,CW09,CW09,2025-02-24,2025-02-24,,SNa,,2025-11-26 06:51:57.90379+00,7802c383-1ec0-41ae-9739-8ecc2faf327c,Task.xlsx,2025-11-26 06:51:57.90379+00,2025-11-26 06:51:57.90379+00,2025-02-24,2025-02,CW09,24,P
3433,e71fd1a1-e793-4f24-a327-c466f798c23a,P,CW09,CW09,2025-02-26,2025-02-26,,SCh,,2025-11-26 06:51:57.90379+00,7802c383-1ec0-41ae-9739-8ecc2faf327c,Task.xlsx,2025-11-26 06:51:57.90379+00,2025-11-26 06:51:57.90379+00,2025-02-26,2025-02,CW09,26,P
3434,e71fd1a1-e793-4f24-a327-c466f798c23a,SW,CW10,CW10,2025-03-03,2025-03-03,FLCNa UAS,SNa,,2025-11-26 06:51:57.90379+00,7802c383-1ec0-41ae-9739-8ecc2faf327c,Task.xlsx,2025-11-26 06:51:57.90379+00,2025-11-26 06:51:57.90379+00,2025-03-03,2025-03,CW10,3,SW
3435,e71fd1a1-e793-4f24-a327-c466f798c23a,SW,CW10,CW10,2025-03-04,2025-03-04,,SNa,,2025-11-26 06:51:57.90379+00,7802c383-1ec0-41ae-9739-8ecc2faf327c,Task.xlsx,2025-11-26 06:51:57.90379+00,2025-11-26 06:51:57.90379+00,2025-03-04,2025-03,CW10,4,SW
3436,e71fd1a1-e793-4f24-a327-c466f798c23a,SW,CW10,CW10,2025-03-05,2025-03-05,,SNa,,2025-11-26 06:51:57.90379+00,7802c383-1ec0-41ae-9739-8ecc2faf327c,Task.xlsx,2025-11-26 06:51:57.90379+00,2025-11-26 06:51:57.90379+00,2025-03-05,2025-03,CW10,5,SW
3437,e71fd1a1-e793-4f24-a327-c466f798c23a,SW,CW10,CW10,2025-03-06,2025-03-06,,SNa,,2025-11-26 06:51:57.90379+00,7802c383-1ec0-41ae-9739-8ecc2faf327c,Task.xlsx,2025-11-26 06:51:57.90379+00,2025-11-26 06:51:57.90379+00,2025-03-06,2025-03,CW10,6,SW
3438,e71fd1a1-e793-4f24-a327-c466f798c23a,SW,CW10,CW10,2025-03-07,2025-03-07,,SNa,,2025-11-26 06:51:57.90379+00,7802c383-1ec0-41ae-9739-8ecc2faf327c,Task.xlsx,2025-11-26 06:51:57.90379+00,2025-11-26 06:51:57.90379+00,2025-03-07,2025-03,CW10,7,SW
3439,e71fd1a1-e793-4f24-a327-c466f798c23a,SW,CW11,CW11,2025-03-10,2025-03-10,FCGNa UAS,SNa,,2025-11-26 06:51:57.90379+00,7802c383-1ec0-41ae-9739-8ecc2faf327c,Task.xlsx,2025-11-26 06:51:57.90379+00,2025-11-26 06:51:57.90379+00,2025-03-10,2025-03,CW11,10,SW
3440,e71fd1a1-e793-4f24-a327-c466f798c23a,SW,CW11,CW11,2025-03-11,2025-03-11,,SNa,,2025-11-26 06:51:57.90379+00,7802c383-1ec0-41ae-9739-8ecc2faf327c,Task.xlsx,2025-11-26 06:51:57.90379+00,2025-11-26 06:51:57.90379+00,2025-03-11,2025-03,CW11,11,SW
3441,e71fd1a1-e793-4f24-a327-c466f798c23a,SW,CW11,CW11,2025-03-12,2025-03-12,,SNa,,2025-11-26 06:51:57.90379+00,7802c383-1ec0-41ae-9739-8ecc2faf327c,Task.xlsx,2025-11-26 06:51:57.90379+00,2025-11-26 06:51:57.90379+00,2025-03-12,2025-03,CW11,12,SW
3442,e71fd1a1-e793-4f24-a327-c466f798c23a,SW,CW11,CW11,2025-03-13,2025-03-13,,SNa,,2025-11-26 06:51:57.90379+00,7802c383-1ec0-41ae-9739-8ecc2faf327c,Task.xlsx,2025-11-26 06:51:57.90379+00,2025-11-26 06:51:57.90379+00,2025-03-13,2025-03,CW11,13,SW
3443,e71fd1a1-e793-4f24-a327-c466f798c23a,SW,CW11,CW11,2025-03-14,2025-03-14,,SNa,,2025-11-26 06:51:57.90379+00,7802c383-1ec0-41ae-9739-8ecc2faf327c,Task.xlsx,2025-11-26 06:51:57.90379+00,2025-11-26 06:51:57.90379+00,2025-03-14,2025-03,CW11,14,SW
3444,e71fd1a1-e793-4f24-a327-c466f798c23a,SW,CW12,CW12,2025-03-17,2025-03-17,FLCCh LOG,SCh,,2025-11-26 06:51:57.90379+00,7802c383-1ec0-41ae-9739-8ecc2faf327c,Task.xlsx,2025-11-26 06:51:57.90379+00,2025-11-26 06:51:57.90379+00,2025-03-17,2025-03,CW12,17,SW
3445,e71fd1a1-e793-4f24-a327-c466f798c23a,SW,CW12,CW12,2025-03-18,2025-03-18,,SCh,,2025-11-26 06:51:57.90379+00,7802c383-1ec0-41ae-9739-8ecc2faf327c,Task.xlsx,2025-11-26 06:51:57.90379+00,2025-11-26 06:51:57.90379+00,2025-03-18,2025-03,CW12,18,SW
3446,e71fd1a1-e793-4f24-a327-c466f798c23a,SW,CW12,CW12,2025-03-19,2025-03-19,,SCh,,2025-11-26 06:51:57.90379+00,7802c383-1ec0-41ae-9739-8ecc2faf327c,Task.xlsx,2025-11-26 06:51:57.90379+00,2025-11-26 06:51:57.90379+00,2025-03-19,2025-03,CW12,19,SW
3447,e71fd1a1-e793-4f24-a327-c466f798c23a,SW,CW12,CW12,2025-03-20,2025-03-20,,SCh,,2025-11-26 06:51:57.90379+00,7802c383-1ec0-41ae-9739-8ecc2faf327c,Task.xlsx,2025-11-26 06:51:57.90379+00,2025-11-26 06:51:57.90379+00,2025-03-20,2025-03,CW12,20,SW
3448,e71fd1a1-e793-4f24-a327-c466f798c23a,SW,CW12,CW12,2025-03-21,2025-03-21,,SCh,,2025-11-26 06:51:57.90379+00,7802c383-1ec0-41ae-9739-8ecc2faf327c,Task.xlsx,2025-11-26 06:51:57.90379+00,2025-11-26 06:51:57.90379+00,2025-03-21,2025-03,CW12,21,SW
3449,e71fd1a1-e793-4f24-a327-c466f798c23a,SW,CW13,CW13,2025-03-24,2025-03-24,FLCNa LOG,SNa,,2025-11-26 06:51:57.90379+00,7802c383-1ec0-41ae-9739-8ecc2faf327c,Task.xlsx,2025-11-26 06:51:57.90379+00,2025-11-26 06:51:57.90379+00,2025-03-24,2025-03,CW13,24,SW
3450,e71fd1a1-e793-4f24-a327-c466f798c23a,SW,CW13,CW13,2025-03-25,2025-03-25,,SNa,,2025-11-26 06:51:57.90379+00,7802c383-1ec0-41ae-9739-8ecc2faf327c,Task.xlsx,2025-11-26 06:51:57.90379+00,2025-11-26 06:51:57.90379+00,2025-03-25,2025-03,CW13,25,SW
3451,e71fd1a1-e793-4f24-a327-c466f798c23a,SW,CW13,CW13,2025-03-26,2025-03-26,,SNa,,2025-11-26 06:51:57.90379+00,7802c383-1ec0-41ae-9739-8ecc2faf327c,Task.xlsx,2025-11-26 06:51:57.90379+00,2025-11-26 06:51:57.90379+00,2025-03-26,2025-03,CW13,26,SW
3452,e71fd1a1-e793-4f24-a327-c466f798c23a,SW,CW13,CW13,2025-03-27,2025-03-27,,SNa,,2025-11-26 06:51:57.90379+00,7802c383-1ec0-41ae-9739-8ecc2faf327c,Task.xlsx,2025-11-26 06:51:57.90379+00,2025-11-26 06:51:57.90379+00,2025-03-27,2025-03,CW13,27,SW
3453,e71fd1a1-e793-4f24-a327-c466f798c23a,SW,CW13,CW13,2025-03-28,2025-03-28,,SNa,,2025-11-26 06:51:57.90379+00,7802c383-1ec0-41ae-9739-8ecc2faf327c,Task.xlsx,2025-11-26 06:51:57.90379+00,2025-11-26 06:51:57.90379+00,2025-03-28,2025-03,CW13,28,SW
3454,e71fd1a1-e793-4f24-a327-c466f798c23a,P,CW14,CW14,2025-03-31,2025-03-31,,SNa,,2025-11-26 06:51:57.90379+00,7802c383-1ec0-41ae-9739-8ecc2faf327c,Task.xlsx,2025-11-26 06:51:57.90379+00,2025-11-26 06:51:57.90379+00,2025-03-31,2025-03,CW14,31,P
3455,e71fd1a1-e793-4f24-a327-c466f798c23a,P,CW14,CW14,2025-04-02,2025-04-02,,SCh,,2025-11-26 06:51:57.90379+00,7802c383-1ec0-41ae-9739-8ecc2faf327c,Task.xlsx,2025-11-26 06:51:57.90379+00,2025-11-26 06:51:57.90379+00,2025-04-02,2025-04,CW14,2,P
3456,e71fd1a1-e793-4f24-a327-c466f798c23a,P,CW15,CW15,2025-04-07,2025-04-07,,SNa,,2025-11-26 06:51:57.90379+00,7802c383-1ec0-41ae-9739-8ecc2faf327c,Task.xlsx,2025-11-26 06:51:57.90379+00,2025-11-26 06:51:57.90379+00,2025-04-07,2025-04,CW15,7,P
3457,e71fd1a1-e793-4f24-a327-c466f798c23a,P,CW15,CW15,2025-04-09,2025-04-09,,SCh,,2025-11-26 06:51:57.90379+00,7802c383-1ec0-41ae-9739-8ecc2faf327c,Task.xlsx,2025-11-26 06:51:57.90379+00,2025-11-26 06:51:57.90379+00,2025-04-09,2025-04,CW15,9,P
3458,e71fd1a1-e793-4f24-a327-c466f798c23a,P,CW15,CW15,2025-04-10,2025-04-10,Changfa,SU,,2025-11-26 06:51:57.90379+00,7802c383-1ec0-41ae-9739-8ecc2faf327c,Task.xlsx,2025-11-26 06:51:57.90379+00,2025-11-26 06:51:57.90379+00,2025-04-10,2025-04,CW15,10,P
3459,e71fd1a1-e793-4f24-a327-c466f798c23a,P,CW15,CW15,2025-04-11,2025-04-11,,SU,,2025-11-26 06:51:57.90379+00,7802c383-1ec0-41ae-9739-8ecc2faf327c,Task.xlsx,2025-11-26 06:51:57.90379+00,2025-11-26 06:51:57.90379+00,2025-04-11,2025-04,CW15,11,P
3460,e71fd1a1-e793-4f24-a327-c466f798c23a,SW,CW16,CW16,2025-04-14,2025-04-14,FDCCh LOG,SCh,,2025-11-26 06:51:57.90379+00,7802c383-1ec0-41ae-9739-8ecc2faf327c,Task.xlsx,2025-11-26 06:51:57.90379+00,2025-11-26 06:51:57.90379+00,2025-04-14,2025-04,CW16,14,SW
3461,e71fd1a1-e793-4f24-a327-c466f798c23a,SW,CW16,CW16,2025-04-15,2025-04-15,,SCh,,2025-11-26 06:51:57.90379+00,7802c383-1ec0-41ae-9739-8ecc2faf327c,Task.xlsx,2025-11-26 06:51:57.90379+00,2025-11-26 06:51:57.90379+00,2025-04-15,2025-04,CW16,15,SW
3462,e71fd1a1-e793-4f24-a327-c466f798c23a,SW,CW16,CW16,2025-04-16,2025-04-16,,SCh,,2025-11-26 06:51:57.90379+00,7802c383-1ec0-41ae-9739-8ecc2faf327c,Task.xlsx,2025-11-26 06:51:57.90379+00,2025-11-26 06:51:57.90379+00,2025-04-16,2025-04,CW16,16,SW
3463,e71fd1a1-e793-4f24-a327-c466f798c23a,SW,CW16,CW16,2025-04-17,2025-04-17,,SCh,,2025-11-26 06:51:57.90379+00,7802c383-1ec0-41ae-9739-8ecc2faf327c,Task.xlsx,2025-11-26 06:51:57.90379+00,2025-11-26 06:51:57.90379+00,2025-04-17,2025-04,CW16,17,SW
3464,e71fd1a1-e793-4f24-a327-c466f798c23a,SW,CW16,CW16,2025-04-18,2025-04-18,,SCh,,2025-11-26 06:51:57.90379+00,7802c383-1ec0-41ae-9739-8ecc2faf327c,Task.xlsx,2025-11-26 06:51:57.90379+00,2025-11-26 06:51:57.90379+00,2025-04-18,2025-04,CW16,18,SW
3465,e71fd1a1-e793-4f24-a327-c466f798c23a,SW,CW17,CW17,2025-04-21,2025-04-21,FDCCh LOG,SCh,,2025-11-26 06:51:57.90379+00,7802c383-1ec0-41ae-9739-8ecc2faf327c,Task.xlsx,2025-11-26 06:51:57.90379+00,2025-11-26 06:51:57.90379+00,2025-04-21,2025-04,CW17,21,SW
3466,e71fd1a1-e793-4f24-a327-c466f798c23a,SW,CW17,CW17,2025-04-22,2025-04-22,,SCh,,2025-11-26 06:51:57.90379+00,7802c383-1ec0-41ae-9739-8ecc2faf327c,Task.xlsx,2025-11-26 06:51:57.90379+00,2025-11-26 06:51:57.90379+00,2025-04-22,2025-04,CW17,22,SW
3467,e71fd1a1-e793-4f24-a327-c466f798c23a,SW,CW17,CW17,2025-04-23,2025-04-23,,SCh,,2025-11-26 06:51:57.90379+00,7802c383-1ec0-41ae-9739-8ecc2faf327c,Task.xlsx,2025-11-26 06:51:57.90379+00,2025-11-26 06:51:57.90379+00,2025-04-23,2025-04,CW17,23,SW
3468,e71fd1a1-e793-4f24-a327-c466f798c23a,SW,CW17,CW17,2025-04-24,2025-04-24,,SCh,,2025-11-26 06:51:57.90379+00,7802c383-1ec0-41ae-9739-8ecc2faf327c,Task.xlsx,2025-11-26 06:51:57.90379+00,2025-11-26 06:51:57.90379+00,2025-04-24,2025-04,CW17,24,SW
3469,e71fd1a1-e793-4f24-a327-c466f798c23a,SW,CW17,CW17,2025-04-25,2025-04-25,,SCh,,2025-11-26 06:51:57.90379+00,7802c383-1ec0-41ae-9739-8ecc2faf327c,Task.xlsx,2025-11-26 06:51:57.90379+00,2025-11-26 06:51:57.90379+00,2025-04-25,2025-04,CW17,25,SW
3470,e71fd1a1-e793-4f24-a327-c466f798c23a,P,CW17,CW17,2025-04-27,2025-04-27,,SNa,,2025-11-26 06:51:57.90379+00,7802c383-1ec0-41ae-9739-8ecc2faf327c,Task.xlsx,2025-11-26 06:51:57.90379+00,2025-11-26 06:51:57.90379+00,2025-04-27,2025-04,CW17,27,P
3471,e71fd1a1-e793-4f24-a327-c466f798c23a,P,CW18,CW18,2025-04-29,2025-04-29,,SCh,,2025-11-26 06:51:57.90379+00,7802c383-1ec0-41ae-9739-8ecc2faf327c,Task.xlsx,2025-11-26 06:51:57.90379+00,2025-11-26 06:51:57.90379+00,2025-04-29,2025-04,CW18,29,P
3472,e71fd1a1-e793-4f24-a327-c466f798c23a,P,CW19,CW19,2025-05-06,2025-05-06,,SNa,,2025-11-26 06:51:57.90379+00,7802c383-1ec0-41ae-9739-8ecc2faf327c,Task.xlsx,2025-11-26 06:51:57.90379+00,2025-11-26 06:51:57.90379+00,2025-05-06,2025-05,CW19,6,P
3473,e71fd1a1-e793-4f24-a327-c466f798c23a,P,CW19,CW19,2025-05-08,2025-05-08,,SCh,,2025-11-26 06:51:57.90379+00,7802c383-1ec0-41ae-9739-8ecc2faf327c,Task.xlsx,2025-11-26 06:51:57.90379+00,2025-11-26 06:51:57.90379+00,2025-05-08,2025-05,CW19,8,P
3474,e71fd1a1-e793-4f24-a327-c466f798c23a,SW,CW20,CW20,2025-05-12,2025-05-12,SC4 LEAN ADMIN,SNa,,2025-11-26 06:51:57.90379+00,7802c383-1ec0-41ae-9739-8ecc2faf327c,Task.xlsx,2025-11-26 06:51:57.90379+00,2025-11-26 06:51:57.90379+00,2025-05-12,2025-05,CW20,12,SW
3475,e71fd1a1-e793-4f24-a327-c466f798c23a,SW,CW20,CW20,2025-05-13,2025-05-13,,SNa,,2025-11-26 06:51:57.90379+00,7802c383-1ec0-41ae-9739-8ecc2faf327c,Task.xlsx,2025-11-26 06:51:57.90379+00,2025-11-26 06:51:57.90379+00,2025-05-13,2025-05,CW20,13,SW
3476,e71fd1a1-e793-4f24-a327-c466f798c23a,SW,CW20,CW20,2025-05-14,2025-05-14,,SNa,,2025-11-26 06:51:57.90379+00,7802c383-1ec0-41ae-9739-8ecc2faf327c,Task.xlsx,2025-11-26 06:51:57.90379+00,2025-11-26 06:51:57.90379+00,2025-05-14,2025-05,CW20,14,SW
3477,e71fd1a1-e793-4f24-a327-c466f798c23a,SW,CW20,CW20,2025-05-15,2025-05-15,,SNa,,2025-11-26 06:51:57.90379+00,7802c383-1ec0-41ae-9739-8ecc2faf327c,Task.xlsx,2025-11-26 06:51:57.90379+00,2025-11-26 06:51:57.90379+00,2025-05-15,2025-05,CW20,15,SW
3478,e71fd1a1-e793-4f24-a327-c466f798c23a,SW,CW20,CW20,2025-05-16,2025-05-16,,SNa,,2025-11-26 06:51:57.90379+00,7802c383-1ec0-41ae-9739-8ecc2faf327c,Task.xlsx,2025-11-26 06:51:57.90379+00,2025-11-26 06:51:57.90379+00,2025-05-16,2025-05,CW20,16,SW
3479,e71fd1a1-e793-4f24-a327-c466f798c23a,SW,CW21,CW21,2025-05-19,2025-05-19,FCGNa LOG,SNa,,2025-11-26 06:51:57.90379+00,7802c383-1ec0-41ae-9739-8ecc2faf327c,Task.xlsx,2025-11-26 06:51:57.90379+00,2025-11-26 06:51:57.90379+00,2025-05-19,2025-05,CW21,19,SW
3480,e71fd1a1-e793-4f24-a327-c466f798c23a,SW,CW21,CW21,2025-05-20,2025-05-20,,SNa,,2025-11-26 06:51:57.90379+00,7802c383-1ec0-41ae-9739-8ecc2faf327c,Task.xlsx,2025-11-26 06:51:57.90379+00,2025-11-26 06:51:57.90379+00,2025-05-20,2025-05,CW21,20,SW
3481,e71fd1a1-e793-4f24-a327-c466f798c23a,SW,CW21,CW21,2025-05-21,2025-05-21,,SNa,,2025-11-26 06:51:57.90379+00,7802c383-1ec0-41ae-9739-8ecc2faf327c,Task.xlsx,2025-11-26 06:51:57.90379+00,2025-11-26 06:51:57.90379+00,2025-05-21,2025-05,CW21,21,SW
3482,e71fd1a1-e793-4f24-a327-c466f798c23a,SW,CW21,CW21,2025-05-22,2025-05-22,,SNa,,2025-11-26 06:51:57.90379+00,7802c383-1ec0-41ae-9739-8ecc2faf327c,Task.xlsx,2025-11-26 06:51:57.90379+00,2025-11-26 06:51:57.90379+00,2025-05-22,2025-05,CW21,22,SW
3483,e71fd1a1-e793-4f24-a327-c466f798c23a,SW,CW21,CW21,2025-05-23,2025-05-23,,SNa,,2025-11-26 06:51:57.90379+00,7802c383-1ec0-41ae-9739-8ecc2faf327c,Task.xlsx,2025-11-26 06:51:57.90379+00,2025-11-26 06:51:57.90379+00,2025-05-23,2025-05,CW21,23,SW
3484,e71fd1a1-e793-4f24-a327-c466f798c23a,SW,CW22,CW22,2025-05-26,2025-05-26,FDCNa UAS,SCh,,2025-11-26 06:51:57.90379+00,7802c383-1ec0-41ae-9739-8ecc2faf327c,Task.xlsx,2025-11-26 06:51:57.90379+00,2025-11-26 06:51:57.90379+00,2025-05-26,2025-05,CW22,26,SW
3485,e71fd1a1-e793-4f24-a327-c466f798c23a,SW,CW22,CW22,2025-05-27,2025-05-27,,SCh,,2025-11-26 06:51:57.90379+00,7802c383-1ec0-41ae-9739-8ecc2faf327c,Task.xlsx,2025-11-26 06:51:57.90379+00,2025-11-26 06:51:57.90379+00,2025-05-27,2025-05,CW22,27,SW
3486,e71fd1a1-e793-4f24-a327-c466f798c23a,SW,CW22,CW22,2025-05-28,2025-05-28,,SCh,,2025-11-26 06:51:57.90379+00,7802c383-1ec0-41ae-9739-8ecc2faf327c,Task.xlsx,2025-11-26 06:51:57.90379+00,2025-11-26 06:51:57.90379+00,2025-05-28,2025-05,CW22,28,SW
3487,e71fd1a1-e793-4f24-a327-c466f798c23a,SW,CW22,CW22,2025-05-29,2025-05-29,,SCh,,2025-11-26 06:51:57.90379+00,7802c383-1ec0-41ae-9739-8ecc2faf327c,Task.xlsx,2025-11-26 06:51:57.90379+00,2025-11-26 06:51:57.90379+00,2025-05-29,2025-05,CW22,29,SW
3488,e71fd1a1-e793-4f24-a327-c466f798c23a,SW,CW22,CW22,2025-05-30,2025-05-30,,SCh,,2025-11-26 06:51:57.90379+00,7802c383-1ec0-41ae-9739-8ecc2faf327c,Task.xlsx,2025-11-26 06:51:57.90379+00,2025-11-26 06:51:57.90379+00,2025-05-30,2025-05,CW22,30,SW
3489,e71fd1a1-e793-4f24-a327-c466f798c23a,P,CW23,CW23,2025-06-03,2025-06-03,,SNa,,2025-11-26 06:51:57.90379+00,7802c383-1ec0-41ae-9739-8ecc2faf327c,Task.xlsx,2025-11-26 06:51:57.90379+00,2025-11-26 06:51:57.90379+00,2025-06-03,2025-06,CW23,3,P
3490,e71fd1a1-e793-4f24-a327-c466f798c23a,P,CW23,CW23,2025-06-05,2025-06-05,,SCh,,2025-11-26 06:51:57.90379+00,7802c383-1ec0-41ae-9739-8ecc2faf327c,Task.xlsx,2025-11-26 06:51:57.90379+00,2025-11-26 06:51:57.90379+00,2025-06-05,2025-06,CW23,5,P
3491,e71fd1a1-e793-4f24-a327-c466f798c23a,SW,CW24,CW24,2025-06-09,2025-06-09,FCLCh LOG,SCh,,2025-11-26 06:51:57.90379+00,7802c383-1ec0-41ae-9739-8ecc2faf327c,Task.xlsx,2025-11-26 06:51:57.90379+00,2025-11-26 06:51:57.90379+00,2025-06-09,2025-06,CW24,9,SW
3492,e71fd1a1-e793-4f24-a327-c466f798c23a,SW,CW24,CW24,2025-06-10,2025-06-10,,SCh,,2025-11-26 06:51:57.90379+00,7802c383-1ec0-41ae-9739-8ecc2faf327c,Task.xlsx,2025-11-26 06:51:57.90379+00,2025-11-26 06:51:57.90379+00,2025-06-10,2025-06,CW24,10,SW
3493,e71fd1a1-e793-4f24-a327-c466f798c23a,SW,CW24,CW24,2025-06-11,2025-06-11,,SCh,,2025-11-26 06:51:57.90379+00,7802c383-1ec0-41ae-9739-8ecc2faf327c,Task.xlsx,2025-11-26 06:51:57.90379+00,2025-11-26 06:51:57.90379+00,2025-06-11,2025-06,CW24,11,SW
3494,e71fd1a1-e793-4f24-a327-c466f798c23a,SW,CW24,CW24,2025-06-12,2025-06-12,,SCh,,2025-11-26 06:51:57.90379+00,7802c383-1ec0-41ae-9739-8ecc2faf327c,Task.xlsx,2025-11-26 06:51:57.90379+00,2025-11-26 06:51:57.90379+00,2025-06-12,2025-06,CW24,12,SW
3495,e71fd1a1-e793-4f24-a327-c466f798c23a,SW,CW24,CW24,2025-06-13,2025-06-13,,SCh,,2025-11-26 06:51:57.90379+00,7802c383-1ec0-41ae-9739-8ecc2faf327c,Task.xlsx,2025-11-26 06:51:57.90379+00,2025-11-26 06:51:57.90379+00,2025-06-13,2025-06,CW24,13,SW
3496,e71fd1a1-e793-4f24-a327-c466f798c23a,SW,CW25,CW25,2025-06-16,2025-06-16,FCLCh LOG,SCH,,2025-11-26 06:51:57.90379+00,7802c383-1ec0-41ae-9739-8ecc2faf327c,Task.xlsx,2025-11-26 06:51:57.90379+00,2025-11-26 06:51:57.90379+00,2025-06-16,2025-06,CW25,16,SW
3497,e71fd1a1-e793-4f24-a327-c466f798c23a,SW,CW25,CW25,2025-06-17,2025-06-17,,SCH,,2025-11-26 06:51:57.90379+00,7802c383-1ec0-41ae-9739-8ecc2faf327c,Task.xlsx,2025-11-26 06:51:57.90379+00,2025-11-26 06:51:57.90379+00,2025-06-17,2025-06,CW25,17,SW
3498,e71fd1a1-e793-4f24-a327-c466f798c23a,SW,CW25,CW25,2025-06-18,2025-06-18,,SCH,,2025-11-26 06:51:57.90379+00,7802c383-1ec0-41ae-9739-8ecc2faf327c,Task.xlsx,2025-11-26 06:51:57.90379+00,2025-11-26 06:51:57.90379+00,2025-06-18,2025-06,CW25,18,SW
3499,e71fd1a1-e793-4f24-a327-c466f798c23a,SW,CW25,CW25,2025-06-19,2025-06-19,,SCH,,2025-11-26 06:51:57.90379+00,7802c383-1ec0-41ae-9739-8ecc2faf327c,Task.xlsx,2025-11-26 06:51:57.90379+00,2025-11-26 06:51:57.90379+00,2025-06-19,2025-06,CW25,19,SW
3500,e71fd1a1-e793-4f24-a327-c466f798c23a,SW,CW25,CW25,2025-06-20,2025-06-20,,SCH,,2025-11-26 06:51:57.90379+00,7802c383-1ec0-41ae-9739-8ecc2faf327c,Task.xlsx,2025-11-26 06:51:57.90379+00,2025-11-26 06:51:57.90379+00,2025-06-20,2025-06,CW25,20,SW
3501,e71fd1a1-e793-4f24-a327-c466f798c23a,P,CW26,CW26,2025-06-23,2025-06-23,FCLCh LOG,SCh,,2025-11-26 06:51:57.90379+00,7802c383-1ec0-41ae-9739-8ecc2faf327c,Task.xlsx,2025-11-26 06:51:57.90379+00,2025-11-26 06:51:57.90379+00,2025-06-23,2025-06,CW26,23,P
3502,e71fd1a1-e793-4f24-a327-c466f798c23a,P,CW26,CW26,2025-06-25,2025-06-25,,SCh,,2025-11-26 06:51:57.90379+00,7802c383-1ec0-41ae-9739-8ecc2faf327c,Task.xlsx,2025-11-26 06:51:57.90379+00,2025-11-26 06:51:57.90379+00,2025-06-25,2025-06,CW26,25,P
3503,e71fd1a1-e793-4f24-a327-c466f798c23a,WS,CW27,CW27,2025-06-30,2025-06-30,Catalyst,SU,,2025-11-26 06:51:57.90379+00,7802c383-1ec0-41ae-9739-8ecc2faf327c,Task.xlsx,2025-11-26 06:51:57.90379+00,2025-11-26 06:51:57.90379+00,2025-06-30,2025-06,CW27,30,WS
3504,e71fd1a1-e793-4f24-a327-c466f798c23a,WS,CW27,CW27,2025-07-01,2025-07-01,,SU,,2025-11-26 06:51:57.90379+00,7802c383-1ec0-41ae-9739-8ecc2faf327c,Task.xlsx,2025-11-26 06:51:57.90379+00,2025-11-26 06:51:57.90379+00,2025-07-01,2025-07,CW27,1,WS
3505,e71fd1a1-e793-4f24-a327-c466f798c23a,WS,CW27,CW27,2025-07-02,2025-07-02,,SU,,2025-11-26 06:51:57.90379+00,7802c383-1ec0-41ae-9739-8ecc2faf327c,Task.xlsx,2025-11-26 06:51:57.90379+00,2025-11-26 06:51:57.90379+00,2025-07-02,2025-07,CW27,2,WS
3506,e71fd1a1-e793-4f24-a327-c466f798c23a,WS,CW27,CW27,2025-07-03,2025-07-03,,SU,,2025-11-26 06:51:57.90379+00,7802c383-1ec0-41ae-9739-8ecc2faf327c,Task.xlsx,2025-11-26 06:51:57.90379+00,2025-11-26 06:51:57.90379+00,2025-07-03,2025-07,CW27,3,WS
3507,e71fd1a1-e793-4f24-a327-c466f798c23a,WS,CW27,CW27,2025-07-04,2025-07-04,,SU,,2025-11-26 06:51:57.90379+00,7802c383-1ec0-41ae-9739-8ecc2faf327c,Task.xlsx,2025-11-26 06:51:57.90379+00,2025-11-26 06:51:57.90379+00,2025-07-04,2025-07,CW27,4,WS
3508,e71fd1a1-e793-4f24-a327-c466f798c23a,SW,CW28,CW28,2025-07-07,2025-07-07,FCLCh LOG,SCH,,2025-11-26 06:51:57.90379+00,7802c383-1ec0-41ae-9739-8ecc2faf327c,Task.xlsx,2025-11-26 06:51:57.90379+00,2025-11-26 06:51:57.90379+00,2025-07-07,2025-07,CW28,7,SW
3509,e71fd1a1-e793-4f24-a327-c466f798c23a,SW,CW28,CW28,2025-07-08,2025-07-08,,SCH,,2025-11-26 06:51:57.90379+00,7802c383-1ec0-41ae-9739-8ecc2faf327c,Task.xlsx,2025-11-26 06:51:57.90379+00,2025-11-26 06:51:57.90379+00,2025-07-08,2025-07,CW28,8,SW
3510,e71fd1a1-e793-4f24-a327-c466f798c23a,SW,CW28,CW28,2025-07-09,2025-07-09,,SCH,,2025-11-26 06:51:57.90379+00,7802c383-1ec0-41ae-9739-8ecc2faf327c,Task.xlsx,2025-11-26 06:51:57.90379+00,2025-11-26 06:51:57.90379+00,2025-07-09,2025-07,CW28,9,SW
3511,e71fd1a1-e793-4f24-a327-c466f798c23a,SW,CW28,CW28,2025-07-10,2025-07-10,,SCH,,2025-11-26 06:51:57.90379+00,7802c383-1ec0-41ae-9739-8ecc2faf327c,Task.xlsx,2025-11-26 06:51:57.90379+00,2025-11-26 06:51:57.90379+00,2025-07-10,2025-07,CW28,10,SW
3512,e71fd1a1-e793-4f24-a327-c466f798c23a,SW,CW28,CW28,2025-07-11,2025-07-11,,SCH,,2025-11-26 06:51:57.90379+00,7802c383-1ec0-41ae-9739-8ecc2faf327c,Task.xlsx,2025-11-26 06:51:57.90379+00,2025-11-26 06:51:57.90379+00,2025-07-11,2025-07,CW28,11,SW
3513,e71fd1a1-e793-4f24-a327-c466f798c23a,SW,CW29,CW29,2025-07-14,2025-07-14,FCLCh LOG,SCH,,2025-11-26 06:51:57.90379+00,7802c383-1ec0-41ae-9739-8ecc2faf327c,Task.xlsx,2025-11-26 06:51:57.90379+00,2025-11-26 06:51:57.90379+00,2025-07-14,2025-07,CW29,14,SW
3514,e71fd1a1-e793-4f24-a327-c466f798c23a,SW,CW29,CW29,2025-07-15,2025-07-15,,SCH,,2025-11-26 06:51:57.90379+00,7802c383-1ec0-41ae-9739-8ecc2faf327c,Task.xlsx,2025-11-26 06:51:57.90379+00,2025-11-26 06:51:57.90379+00,2025-07-15,2025-07,CW29,15,SW
3515,e71fd1a1-e793-4f24-a327-c466f798c23a,SW,CW29,CW29,2025-07-16,2025-07-16,,SCH,,2025-11-26 06:51:57.90379+00,7802c383-1ec0-41ae-9739-8ecc2faf327c,Task.xlsx,2025-11-26 06:51:57.90379+00,2025-11-26 06:51:57.90379+00,2025-07-16,2025-07,CW29,16,SW
3516,e71fd1a1-e793-4f24-a327-c466f798c23a,SW,CW29,CW29,2025-07-17,2025-07-17,,SCH,,2025-11-26 06:51:57.90379+00,7802c383-1ec0-41ae-9739-8ecc2faf327c,Task.xlsx,2025-11-26 06:51:57.90379+00,2025-11-26 06:51:57.90379+00,2025-07-17,2025-07,CW29,17,SW
3517,e71fd1a1-e793-4f24-a327-c466f798c23a,SW,CW29,CW29,2025-07-18,2025-07-18,,SCH,,2025-11-26 06:51:57.90379+00,7802c383-1ec0-41ae-9739-8ecc2faf327c,Task.xlsx,2025-11-26 06:51:57.90379+00,2025-11-26 06:51:57.90379+00,2025-07-18,2025-07,CW29,18,SW
3518,e71fd1a1-e793-4f24-a327-c466f798c23a,SW,CW30,CW30,2025-07-21,2025-07-21,SChLS Leanadmin,SCH,,2025-11-26 06:51:57.90379+00,7802c383-1ec0-41ae-9739-8ecc2faf327c,Task.xlsx,2025-11-26 06:51:57.90379+00,2025-11-26 06:51:57.90379+00,2025-07-21,2025-07,CW30,21,SW
3519,e71fd1a1-e793-4f24-a327-c466f798c23a,SW,CW30,CW30,2025-07-22,2025-07-22,,SCH,,2025-11-26 06:51:57.90379+00,7802c383-1ec0-41ae-9739-8ecc2faf327c,Task.xlsx,2025-11-26 06:51:57.90379+00,2025-11-26 06:51:57.90379+00,2025-07-22,2025-07,CW30,22,SW
3520,e71fd1a1-e793-4f24-a327-c466f798c23a,SW,CW30,CW30,2025-07-23,2025-07-23,,SCH,,2025-11-26 06:51:57.90379+00,7802c383-1ec0-41ae-9739-8ecc2faf327c,Task.xlsx,2025-11-26 06:51:57.90379+00,2025-11-26 06:51:57.90379+00,2025-07-23,2025-07,CW30,23,SW
3521,e71fd1a1-e793-4f24-a327-c466f798c23a,SW,CW30,CW30,2025-07-24,2025-07-24,,SCH,,2025-11-26 06:51:57.90379+00,7802c383-1ec0-41ae-9739-8ecc2faf327c,Task.xlsx,2025-11-26 06:51:57.90379+00,2025-11-26 06:51:57.90379+00,2025-07-24,2025-07,CW30,24,SW
3522,e71fd1a1-e793-4f24-a327-c466f798c23a,SW,CW30,CW30,2025-07-25,2025-07-25,,SCH,,2025-11-26 06:51:57.90379+00,7802c383-1ec0-41ae-9739-8ecc2faf327c,Task.xlsx,2025-11-26 06:51:57.90379+00,2025-11-26 06:51:57.90379+00,2025-07-25,2025-07,CW30,25,SW
3523,e71fd1a1-e793-4f24-a327-c466f798c23a,SW,CW31,CW31,2025-07-28,2025-07-28,SChLS Leanadmin,SCH,,2025-11-26 06:51:57.90379+00,7802c383-1ec0-41ae-9739-8ecc2faf327c,Task.xlsx,2025-11-26 06:51:57.90379+00,2025-11-26 06:51:57.90379+00,2025-07-28,2025-07,CW31,28,SW
3524,e71fd1a1-e793-4f24-a327-c466f798c23a,SW,CW31,CW31,2025-07-29,2025-07-29,,SCH,,2025-11-26 06:51:57.90379+00,7802c383-1ec0-41ae-9739-8ecc2faf327c,Task.xlsx,2025-11-26 06:51:57.90379+00,2025-11-26 06:51:57.90379+00,2025-07-29,2025-07,CW31,29,SW
3525,e71fd1a1-e793-4f24-a327-c466f798c23a,SW,CW31,CW31,2025-07-30,2025-07-30,,SCH,,2025-11-26 06:51:57.90379+00,7802c383-1ec0-41ae-9739-8ecc2faf327c,Task.xlsx,2025-11-26 06:51:57.90379+00,2025-11-26 06:51:57.90379+00,2025-07-30,2025-07,CW31,30,SW
3526,e71fd1a1-e793-4f24-a327-c466f798c23a,SW,CW31,CW31,2025-07-31,2025-07-31,,SCH,,2025-11-26 06:51:57.90379+00,7802c383-1ec0-41ae-9739-8ecc2faf327c,Task.xlsx,2025-11-26 06:51:57.90379+00,2025-11-26 06:51:57.90379+00,2025-07-31,2025-07,CW31,31,SW
3527,e71fd1a1-e793-4f24-a327-c466f798c23a,SW,CW31,CW31,2025-08-01,2025-08-01,,SCH,,2025-11-26 06:51:57.90379+00,7802c383-1ec0-41ae-9739-8ecc2faf327c,Task.xlsx,2025-11-26 06:51:57.90379+00,2025-11-26 06:51:57.90379+00,2025-08-01,2025-08,CW31,1,SW
3528,e71fd1a1-e793-4f24-a327-c466f798c23a,SW,CW32,CW32,2025-08-04,2025-08-04,SChLS Leanadmin,SCH,,2025-11-26 06:51:57.90379+00,7802c383-1ec0-41ae-9739-8ecc2faf327c,Task.xlsx,2025-11-26 06:51:57.90379+00,2025-11-26 06:51:57.90379+00,2025-08-04,2025-08,CW32,4,SW
3529,e71fd1a1-e793-4f24-a327-c466f798c23a,SW,CW32,CW32,2025-08-05,2025-08-05,,SCH,,2025-11-26 06:51:57.90379+00,7802c383-1ec0-41ae-9739-8ecc2faf327c,Task.xlsx,2025-11-26 06:51:57.90379+00,2025-11-26 06:51:57.90379+00,2025-08-05,2025-08,CW32,5,SW
3530,e71fd1a1-e793-4f24-a327-c466f798c23a,SW,CW32,CW32,2025-08-06,2025-08-06,,SCH,,2025-11-26 06:51:57.90379+00,7802c383-1ec0-41ae-9739-8ecc2faf327c,Task.xlsx,2025-11-26 06:51:57.90379+00,2025-11-26 06:51:57.90379+00,2025-08-06,2025-08,CW32,6,SW
3531,e71fd1a1-e793-4f24-a327-c466f798c23a,SW,CW32,CW32,2025-08-07,2025-08-07,,SCH,,2025-11-26 06:51:57.90379+00,7802c383-1ec0-41ae-9739-8ecc2faf327c,Task.xlsx,2025-11-26 06:51:57.90379+00,2025-11-26 06:51:57.90379+00,2025-08-07,2025-08,CW32,7,SW
3532,e71fd1a1-e793-4f24-a327-c466f798c23a,SW,CW32,CW32,2025-08-08,2025-08-08,,SCH,,2025-11-26 06:51:57.90379+00,7802c383-1ec0-41ae-9739-8ecc2faf327c,Task.xlsx,2025-11-26 06:51:57.90379+00,2025-11-26 06:51:57.90379+00,2025-08-08,2025-08,CW32,8,SW
3533,e71fd1a1-e793-4f24-a327-c466f798c23a,P,CW33,CW33,2025-08-11,2025-08-11,MEJ,SCh,,2025-11-26 06:51:57.90379+00,7802c383-1ec0-41ae-9739-8ecc2faf327c,Task.xlsx,2025-11-26 06:51:57.90379+00,2025-11-26 06:51:57.90379+00,2025-08-11,2025-08,CW33,11,P
3534,e71fd1a1-e793-4f24-a327-c466f798c23a,SW,CW34,CW34,2025-08-18,2025-08-18,FCLCh POUP,SCH,,2025-11-26 06:51:57.90379+00,7802c383-1ec0-41ae-9739-8ecc2faf327c,Task.xlsx,2025-11-26 06:51:57.90379+00,2025-11-26 06:51:57.90379+00,2025-08-18,2025-08,CW34,18,SW
3535,e71fd1a1-e793-4f24-a327-c466f798c23a,SW,CW34,CW34,2025-08-19,2025-08-19,,SCH,,2025-11-26 06:51:57.90379+00,7802c383-1ec0-41ae-9739-8ecc2faf327c,Task.xlsx,2025-11-26 06:51:57.90379+00,2025-11-26 06:51:57.90379+00,2025-08-19,2025-08,CW34,19,SW
3536,e71fd1a1-e793-4f24-a327-c466f798c23a,SW,CW34,CW34,2025-08-20,2025-08-20,,SCH,,2025-11-26 06:51:57.90379+00,7802c383-1ec0-41ae-9739-8ecc2faf327c,Task.xlsx,2025-11-26 06:51:57.90379+00,2025-11-26 06:51:57.90379+00,2025-08-20,2025-08,CW34,20,SW
3537,e71fd1a1-e793-4f24-a327-c466f798c23a,SW,CW34,CW34,2025-08-21,2025-08-21,,SCH,,2025-11-26 06:51:57.90379+00,7802c383-1ec0-41ae-9739-8ecc2faf327c,Task.xlsx,2025-11-26 06:51:57.90379+00,2025-11-26 06:51:57.90379+00,2025-08-21,2025-08,CW34,21,SW
3538,e71fd1a1-e793-4f24-a327-c466f798c23a,SW,CW34,CW34,2025-08-22,2025-08-22,,SCH,,2025-11-26 06:51:57.90379+00,7802c383-1ec0-41ae-9739-8ecc2faf327c,Task.xlsx,2025-11-26 06:51:57.90379+00,2025-11-26 06:51:57.90379+00,2025-08-22,2025-08,CW34,22,SW
3539,e71fd1a1-e793-4f24-a327-c466f798c23a,P,CW35,CW35,2025-08-25,2025-08-25,Kyoben Preparation,LC,,2025-11-26 06:51:57.90379+00,7802c383-1ec0-41ae-9739-8ecc2faf327c,Task.xlsx,2025-11-26 06:51:57.90379+00,2025-11-26 06:51:57.90379+00,2025-08-25,2025-08,CW35,25,P
3540,e71fd1a1-e793-4f24-a327-c466f798c23a,P,CW35,CW35,2025-08-26,2025-08-26,,LC,,2025-11-26 06:51:57.90379+00,7802c383-1ec0-41ae-9739-8ecc2faf327c,Task.xlsx,2025-11-26 06:51:57.90379+00,2025-11-26 06:51:57.90379+00,2025-08-26,2025-08,CW35,26,P
3541,e71fd1a1-e793-4f24-a327-c466f798c23a,P,CW35,CW35,2025-08-27,2025-08-27,,LC,,2025-11-26 06:51:57.90379+00,7802c383-1ec0-41ae-9739-8ecc2faf327c,Task.xlsx,2025-11-26 06:51:57.90379+00,2025-11-26 06:51:57.90379+00,2025-08-27,2025-08,CW35,27,P
3542,e71fd1a1-e793-4f24-a327-c466f798c23a,P,CW35,CW35,2025-08-28,2025-08-28,,LC,,2025-11-26 06:51:57.90379+00,7802c383-1ec0-41ae-9739-8ecc2faf327c,Task.xlsx,2025-11-26 06:51:57.90379+00,2025-11-26 06:51:57.90379+00,2025-08-28,2025-08,CW35,28,P
3543,e71fd1a1-e793-4f24-a327-c466f798c23a,P,CW35,CW35,2025-08-29,2025-08-29,,LC,,2025-11-26 06:51:57.90379+00,7802c383-1ec0-41ae-9739-8ecc2faf327c,Task.xlsx,2025-11-26 06:51:57.90379+00,2025-11-26 06:51:57.90379+00,2025-08-29,2025-08,CW35,29,P
3544,e71fd1a1-e793-4f24-a327-c466f798c23a,SW,CW36,CW36,2025-09-01,2025-09-01,FCLCh POUP,SCH,,2025-11-26 06:51:57.90379+00,7802c383-1ec0-41ae-9739-8ecc2faf327c,Task.xlsx,2025-11-26 06:51:57.90379+00,2025-11-26 06:51:57.90379+00,2025-09-01,2025-09,CW36,1,SW
3545,e71fd1a1-e793-4f24-a327-c466f798c23a,SW,CW36,CW36,2025-09-02,2025-09-02,,SCH,,2025-11-26 06:51:57.90379+00,7802c383-1ec0-41ae-9739-8ecc2faf327c,Task.xlsx,2025-11-26 06:51:57.90379+00,2025-11-26 06:51:57.90379+00,2025-09-02,2025-09,CW36,2,SW
3546,e71fd1a1-e793-4f24-a327-c466f798c23a,SW,CW36,CW36,2025-09-03,2025-09-03,,SCH,,2025-11-26 06:51:57.90379+00,7802c383-1ec0-41ae-9739-8ecc2faf327c,Task.xlsx,2025-11-26 06:51:57.90379+00,2025-11-26 06:51:57.90379+00,2025-09-03,2025-09,CW36,3,SW
3547,e71fd1a1-e793-4f24-a327-c466f798c23a,SW,CW36,CW36,2025-09-04,2025-09-04,,SCH,,2025-11-26 06:51:57.90379+00,7802c383-1ec0-41ae-9739-8ecc2faf327c,Task.xlsx,2025-11-26 06:51:57.90379+00,2025-11-26 06:51:57.90379+00,2025-09-04,2025-09,CW36,4,SW
3548,e71fd1a1-e793-4f24-a327-c466f798c23a,SW,CW36,CW36,2025-09-05,2025-09-05,,SCH,,2025-11-26 06:51:57.90379+00,7802c383-1ec0-41ae-9739-8ecc2faf327c,Task.xlsx,2025-11-26 06:51:57.90379+00,2025-11-26 06:51:57.90379+00,2025-09-05,2025-09,CW36,5,SW
3549,e71fd1a1-e793-4f24-a327-c466f798c23a,P,CW37,CW37,2025-09-08,2025-09-08,Kyoben,CL,,2025-11-26 06:51:57.90379+00,7802c383-1ec0-41ae-9739-8ecc2faf327c,Task.xlsx,2025-11-26 06:51:57.90379+00,2025-11-26 06:51:57.90379+00,2025-09-08,2025-09,CW37,8,P
3550,e71fd1a1-e793-4f24-a327-c466f798c23a,P,CW37,CW37,2025-09-09,2025-09-09,,CL,,2025-11-26 06:51:57.90379+00,7802c383-1ec0-41ae-9739-8ecc2faf327c,Task.xlsx,2025-11-26 06:51:57.90379+00,2025-11-26 06:51:57.90379+00,2025-09-09,2025-09,CW37,9,P
3551,e71fd1a1-e793-4f24-a327-c466f798c23a,P,CW37,CW37,2025-09-10,2025-09-10,,CL,,2025-11-26 06:51:57.90379+00,7802c383-1ec0-41ae-9739-8ecc2faf327c,Task.xlsx,2025-11-26 06:51:57.90379+00,2025-11-26 06:51:57.90379+00,2025-09-10,2025-09,CW37,10,P
3552,e71fd1a1-e793-4f24-a327-c466f798c23a,P,CW37,CW37,2025-09-11,2025-09-11,,CL,,2025-11-26 06:51:57.90379+00,7802c383-1ec0-41ae-9739-8ecc2faf327c,Task.xlsx,2025-11-26 06:51:57.90379+00,2025-11-26 06:51:57.90379+00,2025-09-11,2025-09,CW37,11,P
3553,e71fd1a1-e793-4f24-a327-c466f798c23a,P,CW37,CW37,2025-09-12,2025-09-12,,CL,,2025-11-26 06:51:57.90379+00,7802c383-1ec0-41ae-9739-8ecc2faf327c,Task.xlsx,2025-11-26 06:51:57.90379+00,2025-11-26 06:51:57.90379+00,2025-09-12,2025-09,CW37,12,P
3554,e71fd1a1-e793-4f24-a327-c466f798c23a,SW,CW38,CW38,2025-09-15,2025-09-15,FCLCh POUP,SCH,,2025-11-26 06:51:57.90379+00,7802c383-1ec0-41ae-9739-8ecc2faf327c,Task.xlsx,2025-11-26 06:51:57.90379+00,2025-11-26 06:51:57.90379+00,2025-09-15,2025-09,CW38,15,SW
3555,e71fd1a1-e793-4f24-a327-c466f798c23a,SW,CW38,CW38,2025-09-16,2025-09-16,,SCH,,2025-11-26 06:51:57.90379+00,7802c383-1ec0-41ae-9739-8ecc2faf327c,Task.xlsx,2025-11-26 06:51:57.90379+00,2025-11-26 06:51:57.90379+00,2025-09-16,2025-09,CW38,16,SW
3556,e71fd1a1-e793-4f24-a327-c466f798c23a,SW,CW38,CW38,2025-09-17,2025-09-17,,SCH,,2025-11-26 06:51:57.90379+00,7802c383-1ec0-41ae-9739-8ecc2faf327c,Task.xlsx,2025-11-26 06:51:57.90379+00,2025-11-26 06:51:57.90379+00,2025-09-17,2025-09,CW38,17,SW
3557,e71fd1a1-e793-4f24-a327-c466f798c23a,SW,CW38,CW38,2025-09-18,2025-09-18,,SCH,,2025-11-26 06:51:57.90379+00,7802c383-1ec0-41ae-9739-8ecc2faf327c,Task.xlsx,2025-11-26 06:51:57.90379+00,2025-11-26 06:51:57.90379+00,2025-09-18,2025-09,CW38,18,SW
3558,e71fd1a1-e793-4f24-a327-c466f798c23a,SW,CW38,CW38,2025-09-19,2025-09-19,,SCH,,2025-11-26 06:51:57.90379+00,7802c383-1ec0-41ae-9739-8ecc2faf327c,Task.xlsx,2025-11-26 06:51:57.90379+00,2025-11-26 06:51:57.90379+00,2025-09-19,2025-09,CW38,19,SW
3559,e71fd1a1-e793-4f24-a327-c466f798c23a,P,CW39,CW39,2025-09-22,2025-09-22,Kyoben,CL,,2025-11-26 06:51:57.90379+00,7802c383-1ec0-41ae-9739-8ecc2faf327c,Task.xlsx,2025-11-26 06:51:57.90379+00,2025-11-26 06:51:57.90379+00,2025-09-22,2025-09,CW39,22,P
3560,e71fd1a1-e793-4f24-a327-c466f798c23a,P,CW39,CW39,2025-09-23,2025-09-23,,CL,,2025-11-26 06:51:57.90379+00,7802c383-1ec0-41ae-9739-8ecc2faf327c,Task.xlsx,2025-11-26 06:51:57.90379+00,2025-11-26 06:51:57.90379+00,2025-09-23,2025-09,CW39,23,P
3561,e71fd1a1-e793-4f24-a327-c466f798c23a,P,CW39,CW39,2025-09-24,2025-09-24,,CL,,2025-11-26 06:51:57.90379+00,7802c383-1ec0-41ae-9739-8ecc2faf327c,Task.xlsx,2025-11-26 06:51:57.90379+00,2025-11-26 06:51:57.90379+00,2025-09-24,2025-09,CW39,24,P
3562,e71fd1a1-e793-4f24-a327-c466f798c23a,P,CW39,CW39,2025-09-25,2025-09-25,,CL,,2025-11-26 06:51:57.90379+00,7802c383-1ec0-41ae-9739-8ecc2faf327c,Task.xlsx,2025-11-26 06:51:57.90379+00,2025-11-26 06:51:57.90379+00,2025-09-25,2025-09,CW39,25,P
3563,e71fd1a1-e793-4f24-a327-c466f798c23a,P,CW39,CW39,2025-09-26,2025-09-26,,CL,,2025-11-26 06:51:57.90379+00,7802c383-1ec0-41ae-9739-8ecc2faf327c,Task.xlsx,2025-11-26 06:51:57.90379+00,2025-11-26 06:51:57.90379+00,2025-09-26,2025-09,CW39,26,P
3564,e71fd1a1-e793-4f24-a327-c466f798c23a,L,CW39,CW39,2025-09-28,2025-09-28,,,,2025-11-26 06:51:57.90379+00,7802c383-1ec0-41ae-9739-8ecc2faf327c,Task.xlsx,2025-11-26 06:51:57.90379+00,2025-11-26 06:51:57.90379+00,2025-09-28,2025-09,CW39,28,L
3565,e71fd1a1-e793-4f24-a327-c466f798c23a,L,CW40,CW40,2025-09-29,2025-09-29,,,,2025-11-26 06:51:57.90379+00,7802c383-1ec0-41ae-9739-8ecc2faf327c,Task.xlsx,2025-11-26 06:51:57.90379+00,2025-11-26 06:51:57.90379+00,2025-09-29,2025-09,CW40,29,L
3566,e71fd1a1-e793-4f24-a327-c466f798c23a,L,CW40,CW40,2025-09-30,2025-09-30,,,,2025-11-26 06:51:57.90379+00,7802c383-1ec0-41ae-9739-8ecc2faf327c,Task.xlsx,2025-11-26 06:51:57.90379+00,2025-11-26 06:51:57.90379+00,2025-09-30,2025-09,CW40,30,L
3567,e71fd1a1-e793-4f24-a327-c466f798c23a,L,CW41,CW41,2025-10-09,2025-10-09,,,,2025-11-26 06:51:57.90379+00,7802c383-1ec0-41ae-9739-8ecc2faf327c,Task.xlsx,2025-11-26 06:51:57.90379+00,2025-11-26 06:51:57.90379+00,2025-10-09,2025-10,CW41,9,L
3568,e71fd1a1-e793-4f24-a327-c466f798c23a,L,CW41,CW41,2025-10-10,2025-10-10,,,,2025-11-26 06:51:57.90379+00,7802c383-1ec0-41ae-9739-8ecc2faf327c,Task.xlsx,2025-11-26 06:51:57.90379+00,2025-11-26 06:51:57.90379+00,2025-10-10,2025-10,CW41,10,L
3569,e71fd1a1-e793-4f24-a327-c466f798c23a,L,CW41,CW41,2025-10-11,2025-10-11,,,,2025-11-26 06:51:57.90379+00,7802c383-1ec0-41ae-9739-8ecc2faf327c,Task.xlsx,2025-11-26 06:51:57.90379+00,2025-11-26 06:51:57.90379+00,2025-10-11,2025-10,CW41,11,L
3570,e71fd1a1-e793-4f24-a327-c466f798c23a,SW,CW42,CW42,2025-10-13,2025-10-13,FCLCh MTM LOG,SCH,,2025-11-26 06:51:57.90379+00,7802c383-1ec0-41ae-9739-8ecc2faf327c,Task.xlsx,2025-11-26 06:51:57.90379+00,2025-11-26 06:51:57.90379+00,2025-10-13,2025-10,CW42,13,SW
3571,e71fd1a1-e793-4f24-a327-c466f798c23a,SW,CW42,CW42,2025-10-14,2025-10-14,,SCH,,2025-11-26 06:51:57.90379+00,7802c383-1ec0-41ae-9739-8ecc2faf327c,Task.xlsx,2025-11-26 06:51:57.90379+00,2025-11-26 06:51:57.90379+00,2025-10-14,2025-10,CW42,14,SW
3572,e71fd1a1-e793-4f24-a327-c466f798c23a,SW,CW42,CW42,2025-10-15,2025-10-15,,SCH,,2025-11-26 06:51:57.90379+00,7802c383-1ec0-41ae-9739-8ecc2faf327c,Task.xlsx,2025-11-26 06:51:57.90379+00,2025-11-26 06:51:57.90379+00,2025-10-15,2025-10,CW42,15,SW
3573,e71fd1a1-e793-4f24-a327-c466f798c23a,SW,CW42,CW42,2025-10-16,2025-10-16,,SCH,,2025-11-26 06:51:57.90379+00,7802c383-1ec0-41ae-9739-8ecc2faf327c,Task.xlsx,2025-11-26 06:51:57.90379+00,2025-11-26 06:51:57.90379+00,2025-10-16,2025-10,CW42,16,SW
3574,e71fd1a1-e793-4f24-a327-c466f798c23a,SW,CW42,CW42,2025-10-17,2025-10-17,,SCH,,2025-11-26 06:51:57.90379+00,7802c383-1ec0-41ae-9739-8ecc2faf327c,Task.xlsx,2025-11-26 06:51:57.90379+00,2025-11-26 06:51:57.90379+00,2025-10-17,2025-10,CW42,17,SW
3575,e71fd1a1-e793-4f24-a327-c466f798c23a,P,CW43,CW43,2025-10-20,2025-10-20,Kyoben,CL,,2025-11-26 06:51:57.90379+00,7802c383-1ec0-41ae-9739-8ecc2faf327c,Task.xlsx,2025-11-26 06:51:57.90379+00,2025-11-26 06:51:57.90379+00,2025-10-20,2025-10,CW43,20,P
3576,e71fd1a1-e793-4f24-a327-c466f798c23a,P,CW43,CW43,2025-10-21,2025-10-21,,CL,,2025-11-26 06:51:57.90379+00,7802c383-1ec0-41ae-9739-8ecc2faf327c,Task.xlsx,2025-11-26 06:51:57.90379+00,2025-11-26 06:51:57.90379+00,2025-10-21,2025-10,CW43,21,P
3577,e71fd1a1-e793-4f24-a327-c466f798c23a,P,CW43,CW43,2025-10-22,2025-10-22,,CL,,2025-11-26 06:51:57.90379+00,7802c383-1ec0-41ae-9739-8ecc2faf327c,Task.xlsx,2025-11-26 06:51:57.90379+00,2025-11-26 06:51:57.90379+00,2025-10-22,2025-10,CW43,22,P
3578,e71fd1a1-e793-4f24-a327-c466f798c23a,P,CW43,CW43,2025-10-23,2025-10-23,,CL,,2025-11-26 06:51:57.90379+00,7802c383-1ec0-41ae-9739-8ecc2faf327c,Task.xlsx,2025-11-26 06:51:57.90379+00,2025-11-26 06:51:57.90379+00,2025-10-23,2025-10,CW43,23,P
3579,e71fd1a1-e793-4f24-a327-c466f798c23a,P,CW43,CW43,2025-10-24,2025-10-24,,CL,,2025-11-26 06:51:57.90379+00,7802c383-1ec0-41ae-9739-8ecc2faf327c,Task.xlsx,2025-11-26 06:51:57.90379+00,2025-11-26 06:51:57.90379+00,2025-10-24,2025-10,CW43,24,P
3580,e71fd1a1-e793-4f24-a327-c466f798c23a,SW,CW44,CW44,2025-10-27,2025-10-27,FCLCh MTM LOG,SCH,,2025-11-26 06:51:57.90379+00,7802c383-1ec0-41ae-9739-8ecc2faf327c,Task.xlsx,2025-11-26 06:51:57.90379+00,2025-11-26 06:51:57.90379+00,2025-10-27,2025-10,CW44,27,SW
3581,e71fd1a1-e793-4f24-a327-c466f798c23a,T,CW44,CW44,2025-10-28,2025-10-28,System-CIP approach,SCh,,2025-11-26 06:51:57.90379+00,7802c383-1ec0-41ae-9739-8ecc2faf327c,Task.xlsx,2025-11-26 06:51:57.90379+00,2025-11-26 06:51:57.90379+00,2025-10-28,2025-10,CW44,28,T
3582,e71fd1a1-e793-4f24-a327-c466f798c23a,T,CW44,CW44,2025-10-29,2025-10-29,,SCh,,2025-11-26 06:51:57.90379+00,7802c383-1ec0-41ae-9739-8ecc2faf327c,Task.xlsx,2025-11-26 06:51:57.90379+00,2025-11-26 06:51:57.90379+00,2025-10-29,2025-10,CW44,29,T
3583,e71fd1a1-e793-4f24-a327-c466f798c23a,SW,CW44,CW44,2025-10-30,2025-10-30,,SCH,,2025-11-26 06:51:57.90379+00,7802c383-1ec0-41ae-9739-8ecc2faf327c,Task.xlsx,2025-11-26 06:51:57.90379+00,2025-11-26 06:51:57.90379+00,2025-10-30,2025-10,CW44,30,SW
3584,e71fd1a1-e793-4f24-a327-c466f798c23a,SW,CW44,CW44,2025-10-31,2025-10-31,,SCH,,2025-11-26 06:51:57.90379+00,7802c383-1ec0-41ae-9739-8ecc2faf327c,Task.xlsx,2025-11-26 06:51:57.90379+00,2025-11-26 06:51:57.90379+00,2025-10-31,2025-10,CW44,31,SW
3585,e71fd1a1-e793-4f24-a327-c466f798c23a,P,CW45,CW45,2025-11-03,2025-11-03,Kyoben,LC,,2025-11-26 06:51:57.90379+00,7802c383-1ec0-41ae-9739-8ecc2faf327c,Task.xlsx,2025-11-26 06:51:57.90379+00,2025-11-26 06:51:57.90379+00,2025-11-03,2025-11,CW45,3,P
3586,e71fd1a1-e793-4f24-a327-c466f798c23a,P,CW45,CW45,2025-11-04,2025-11-04,,LC,,2025-11-26 06:51:57.90379+00,7802c383-1ec0-41ae-9739-8ecc2faf327c,Task.xlsx,2025-11-26 06:51:57.90379+00,2025-11-26 06:51:57.90379+00,2025-11-04,2025-11,CW45,4,P
3587,e71fd1a1-e793-4f24-a327-c466f798c23a,P,CW45,CW45,2025-11-05,2025-11-05,,LC,,2025-11-26 06:51:57.90379+00,7802c383-1ec0-41ae-9739-8ecc2faf327c,Task.xlsx,2025-11-26 06:51:57.90379+00,2025-11-26 06:51:57.90379+00,2025-11-05,2025-11,CW45,5,P
3588,e71fd1a1-e793-4f24-a327-c466f798c23a,P,CW45,CW45,2025-11-06,2025-11-06,,LC,,2025-11-26 06:51:57.90379+00,7802c383-1ec0-41ae-9739-8ecc2faf327c,Task.xlsx,2025-11-26 06:51:57.90379+00,2025-11-26 06:51:57.90379+00,2025-11-06,2025-11,CW45,6,P
3589,e71fd1a1-e793-4f24-a327-c466f798c23a,P,CW45,CW45,2025-11-07,2025-11-07,,LC,,2025-11-26 06:51:57.90379+00,7802c383-1ec0-41ae-9739-8ecc2faf327c,Task.xlsx,2025-11-26 06:51:57.90379+00,2025-11-26 06:51:57.90379+00,2025-11-07,2025-11,CW45,7,P
3590,e71fd1a1-e793-4f24-a327-c466f798c23a,L,CW46,CW46,2025-11-10,2025-11-10,KARAKURI Exhibition in Nagoya,,,2025-11-26 06:51:57.90379+00,7802c383-1ec0-41ae-9739-8ecc2faf327c,Task.xlsx,2025-11-26 06:51:57.90379+00,2025-11-26 06:51:57.90379+00,2025-11-10,2025-11,CW46,10,L
3591,e71fd1a1-e793-4f24-a327-c466f798c23a,L,CW46,CW46,2025-11-11,2025-11-11,,,,2025-11-26 06:51:57.90379+00,7802c383-1ec0-41ae-9739-8ecc2faf327c,Task.xlsx,2025-11-26 06:51:57.90379+00,2025-11-26 06:51:57.90379+00,2025-11-11,2025-11,CW46,11,L
3592,e71fd1a1-e793-4f24-a327-c466f798c23a,L,CW46,CW46,2025-11-12,2025-11-12,,,,2025-11-26 06:51:57.90379+00,7802c383-1ec0-41ae-9739-8ecc2faf327c,Task.xlsx,2025-11-26 06:51:57.90379+00,2025-11-26 06:51:57.90379+00,2025-11-12,2025-11,CW46,12,L
3593,e71fd1a1-e793-4f24-a327-c466f798c23a,L,CW46,CW46,2025-11-13,2025-11-13,,,,2025-11-26 06:51:57.90379+00,7802c383-1ec0-41ae-9739-8ecc2faf327c,Task.xlsx,2025-11-26 06:51:57.90379+00,2025-11-26 06:51:57.90379+00,2025-11-13,2025-11,CW46,13,L
3594,e71fd1a1-e793-4f24-a327-c466f798c23a,L,CW46,CW46,2025-11-14,2025-11-14,,,,2025-11-26 06:51:57.90379+00,7802c383-1ec0-41ae-9739-8ecc2faf327c,Task.xlsx,2025-11-26 06:51:57.90379+00,2025-11-26 06:51:57.90379+00,2025-11-14,2025-11,CW46,14,L
3595,e71fd1a1-e793-4f24-a327-c466f798c23a,P,CW47,CW47,2025-11-17,2025-11-17,Kyoben,LC,,2025-11-26 06:51:57.90379+00,7802c383-1ec0-41ae-9739-8ecc2faf327c,Task.xlsx,2025-11-26 06:51:57.90379+00,2025-11-26 06:51:57.90379+00,2025-11-17,2025-11,CW47,17,P
3596,e71fd1a1-e793-4f24-a327-c466f798c23a,P,CW47,CW47,2025-11-18,2025-11-18,,LC,,2025-11-26 06:51:57.90379+00,7802c383-1ec0-41ae-9739-8ecc2faf327c,Task.xlsx,2025-11-26 06:51:57.90379+00,2025-11-26 06:51:57.90379+00,2025-11-18,2025-11,CW47,18,P
3597,e71fd1a1-e793-4f24-a327-c466f798c23a,P,CW47,CW47,2025-11-19,2025-11-19,,LC,,2025-11-26 06:51:57.90379+00,7802c383-1ec0-41ae-9739-8ecc2faf327c,Task.xlsx,2025-11-26 06:51:57.90379+00,2025-11-26 06:51:57.90379+00,2025-11-19,2025-11,CW47,19,P
3598,e71fd1a1-e793-4f24-a327-c466f798c23a,P,CW47,CW47,2025-11-20,2025-11-20,,LC,,2025-11-26 06:51:57.90379+00,7802c383-1ec0-41ae-9739-8ecc2faf327c,Task.xlsx,2025-11-26 06:51:57.90379+00,2025-11-26 06:51:57.90379+00,2025-11-20,2025-11,CW47,20,P
3599,e71fd1a1-e793-4f24-a327-c466f798c23a,P,CW47,CW47,2025-11-21,2025-11-21,,LC,,2025-11-26 06:51:57.90379+00,7802c383-1ec0-41ae-9739-8ecc2faf327c,Task.xlsx,2025-11-26 06:51:57.90379+00,2025-11-26 06:51:57.90379+00,2025-11-21,2025-11,CW47,21,P
3600,e71fd1a1-e793-4f24-a327-c466f798c23a,SW,CW48,CW48,2025-11-24,2025-11-24,FCLCh MTM LOG,SCH,,2025-11-26 06:51:57.90379+00,7802c383-1ec0-41ae-9739-8ecc2faf327c,Task.xlsx,2025-11-26 06:51:57.90379+00,2025-11-26 06:51:57.90379+00,2025-11-24,2025-11,CW48,24,SW
3601,e71fd1a1-e793-4f24-a327-c466f798c23a,SW,CW48,CW48,2025-11-25,2025-11-25,,SCH,,2025-11-26 06:51:57.90379+00,7802c383-1ec0-41ae-9739-8ecc2faf327c,Task.xlsx,2025-11-26 06:51:57.90379+00,2025-11-26 06:51:57.90379+00,2025-11-25,2025-11,CW48,25,SW
3602,e71fd1a1-e793-4f24-a327-c466f798c23a,SW,CW48,CW48,2025-11-26,2025-11-26,,SCH,,2025-11-26 06:51:57.90379+00,7802c383-1ec0-41ae-9739-8ecc2faf327c,Task.xlsx,2025-11-26 06:51:57.90379+00,2025-11-26 06:51:57.90379+00,2025-11-26,2025-11,CW48,26,SW
3603,e71fd1a1-e793-4f24-a327-c466f798c23a,SW,CW48,CW48,2025-11-27,2025-11-27,,SCH,,2025-11-26 06:51:57.90379+00,7802c383-1ec0-41ae-9739-8ecc2faf327c,Task.xlsx,2025-11-26 06:51:57.90379+00,2025-11-26 06:51:57.90379+00,2025-11-27,2025-11,CW48,27,SW
3604,e71fd1a1-e793-4f24-a327-c466f798c23a,SW,CW48,CW48,2025-11-28,2025-11-28,,SCH,,2025-11-26 06:51:57.90379+00,7802c383-1ec0-41ae-9739-8ecc2faf327c,Task.xlsx,2025-11-26 06:51:57.90379+00,2025-11-26 06:51:57.90379+00,2025-11-28,2025-11,CW48,28,SW
3605,e71fd1a1-e793-4f24-a327-c466f798c23a,P,CW49,CW49,2025-12-01,2025-12-01,Kyoben,LC,,2025-11-26 06:51:57.90379+00,7802c383-1ec0-41ae-9739-8ecc2faf327c,Task.xlsx,2025-11-26 06:51:57.90379+00,2025-11-26 06:51:57.90379+00,2025-12-01,2025-12,CW49,1,P
3606,e71fd1a1-e793-4f24-a327-c466f798c23a,P,CW49,CW49,2025-12-02,2025-12-02,,LC,,2025-11-26 06:51:57.90379+00,7802c383-1ec0-41ae-9739-8ecc2faf327c,Task.xlsx,2025-11-26 06:51:57.90379+00,2025-11-26 06:51:57.90379+00,2025-12-02,2025-12,CW49,2,P
3607,e71fd1a1-e793-4f24-a327-c466f798c23a,P,CW49,CW49,2025-12-03,2025-12-03,,LC,,2025-11-26 06:51:57.90379+00,7802c383-1ec0-41ae-9739-8ecc2faf327c,Task.xlsx,2025-11-26 06:51:57.90379+00,2025-11-26 06:51:57.90379+00,2025-12-03,2025-12,CW49,3,P
3608,e71fd1a1-e793-4f24-a327-c466f798c23a,P,CW49,CW49,2025-12-04,2025-12-04,,LC,,2025-11-26 06:51:57.90379+00,7802c383-1ec0-41ae-9739-8ecc2faf327c,Task.xlsx,2025-11-26 06:51:57.90379+00,2025-11-26 06:51:57.90379+00,2025-12-04,2025-12,CW49,4,P
3609,e71fd1a1-e793-4f24-a327-c466f798c23a,P,CW49,CW49,2025-12-05,2025-12-05,,LC,,2025-11-26 06:51:57.90379+00,7802c383-1ec0-41ae-9739-8ecc2faf327c,Task.xlsx,2025-11-26 06:51:57.90379+00,2025-11-26 06:51:57.90379+00,2025-12-05,2025-12,CW49,5,P
3610,e71fd1a1-e793-4f24-a327-c466f798c23a,SW,CW50,CW50,2025-12-08,2025-12-08,FCLCh MTM LOG,SCH,,2025-11-26 06:51:57.90379+00,7802c383-1ec0-41ae-9739-8ecc2faf327c,Task.xlsx,2025-11-26 06:51:57.90379+00,2025-11-26 06:51:57.90379+00,2025-12-08,2025-12,CW50,8,SW
3611,e71fd1a1-e793-4f24-a327-c466f798c23a,SW,CW50,CW50,2025-12-09,2025-12-09,,SCH,,2025-11-26 06:51:57.90379+00,7802c383-1ec0-41ae-9739-8ecc2faf327c,Task.xlsx,2025-11-26 06:51:57.90379+00,2025-11-26 06:51:57.90379+00,2025-12-09,2025-12,CW50,9,SW
3612,e71fd1a1-e793-4f24-a327-c466f798c23a,SW,CW50,CW50,2025-12-10,2025-12-10,,SCH,,2025-11-26 06:51:57.90379+00,7802c383-1ec0-41ae-9739-8ecc2faf327c,Task.xlsx,2025-11-26 06:51:57.90379+00,2025-11-26 06:51:57.90379+00,2025-12-10,2025-12,CW50,10,SW
3613,e71fd1a1-e793-4f24-a327-c466f798c23a,SW,CW50,CW50,2025-12-11,2025-12-11,,SCH,,2025-11-26 06:51:57.90379+00,7802c383-1ec0-41ae-9739-8ecc2faf327c,Task.xlsx,2025-11-26 06:51:57.90379+00,2025-11-26 06:51:57.90379+00,2025-12-11,2025-12,CW50,11,SW
3614,e71fd1a1-e793-4f24-a327-c466f798c23a,SW,CW50,CW50,2025-12-12,2025-12-12,,SCH,,2025-11-26 06:51:57.90379+00,7802c383-1ec0-41ae-9739-8ecc2faf327c,Task.xlsx,2025-11-26 06:51:57.90379+00,2025-11-26 06:51:57.90379+00,2025-12-12,2025-12,CW50,12,SW
3615,e71fd1a1-e793-4f24-a327-c466f798c23a,P,CW51,CW51,2025-12-15,2025-12-15,Kyoben,LC,,2025-11-26 06:51:57.90379+00,7802c383-1ec0-41ae-9739-8ecc2faf327c,Task.xlsx,2025-11-26 06:51:57.90379+00,2025-11-26 06:51:57.90379+00,2025-12-15,2025-12,CW51,15,P
3616,e71fd1a1-e793-4f24-a327-c466f798c23a,P,CW51,CW51,2025-12-16,2025-12-16,,LC,,2025-11-26 06:51:57.90379+00,7802c383-1ec0-41ae-9739-8ecc2faf327c,Task.xlsx,2025-11-26 06:51:57.90379+00,2025-11-26 06:51:57.90379+00,2025-12-16,2025-12,CW51,16,P
3617,e71fd1a1-e793-4f24-a327-c466f798c23a,P,CW51,CW51,2025-12-17,2025-12-17,,LC,,2025-11-26 06:51:57.90379+00,7802c383-1ec0-41ae-9739-8ecc2faf327c,Task.xlsx,2025-11-26 06:51:57.90379+00,2025-11-26 06:51:57.90379+00,2025-12-17,2025-12,CW51,17,P
3618,e71fd1a1-e793-4f24-a327-c466f798c23a,P,CW51,CW51,2025-12-18,2025-12-18,,LC,,2025-11-26 06:51:57.90379+00,7802c383-1ec0-41ae-9739-8ecc2faf327c,Task.xlsx,2025-11-26 06:51:57.90379+00,2025-11-26 06:51:57.90379+00,2025-12-18,2025-12,CW51,18,P
3619,e71fd1a1-e793-4f24-a327-c466f798c23a,P,CW51,CW51,2025-12-19,2025-12-19,,LC,,2025-11-26 06:51:57.90379+00,7802c383-1ec0-41ae-9739-8ecc2faf327c,Task.xlsx,2025-11-26 06:51:57.90379+00,2025-11-26 06:51:57.90379+00,2025-12-19,2025-12,CW51,19,P
3620,8203ff1b-04b8-4455-ac42-e55928c99b96,T,CW01,CW01,2025-01-02,2025-01-02,,LN,,2025-11-26 06:51:57.90379+00,7802c383-1ec0-41ae-9739-8ecc2faf327c,Task.xlsx,2025-11-26 06:51:57.90379+00,2025-11-26 06:51:57.90379+00,2025-01-02,2025-01,CW01,2,T
3621,8203ff1b-04b8-4455-ac42-e55928c99b96,M,CW01,CW01,2025-01-03,2025-01-03,,LN,,2025-11-26 06:51:57.90379+00,7802c383-1ec0-41ae-9739-8ecc2faf327c,Task.xlsx,2025-11-26 06:51:57.90379+00,2025-11-26 06:51:57.90379+00,2025-01-03,2025-01,CW01,3,M
3622,8203ff1b-04b8-4455-ac42-e55928c99b96,M,CW02,CW02,2025-01-06,2025-01-06,,LN,,2025-11-26 06:51:57.90379+00,7802c383-1ec0-41ae-9739-8ecc2faf327c,Task.xlsx,2025-11-26 06:51:57.90379+00,2025-11-26 06:51:57.90379+00,2025-01-06,2025-01,CW02,6,M
3623,8203ff1b-04b8-4455-ac42-e55928c99b96,P,CW02,CW02,2025-01-08,2025-01-08,,LN,,2025-11-26 06:51:57.90379+00,7802c383-1ec0-41ae-9739-8ecc2faf327c,Task.xlsx,2025-11-26 06:51:57.90379+00,2025-11-26 06:51:57.90379+00,2025-01-08,2025-01,CW02,8,P
3624,8203ff1b-04b8-4455-ac42-e55928c99b96,WS,CW02,CW02,2025-01-09,2025-01-09,,LN,,2025-11-26 06:51:57.90379+00,7802c383-1ec0-41ae-9739-8ecc2faf327c,Task.xlsx,2025-11-26 06:51:57.90379+00,2025-11-26 06:51:57.90379+00,2025-01-09,2025-01,CW02,9,WS
3625,8203ff1b-04b8-4455-ac42-e55928c99b96,T,CW02,CW02,2025-01-10,2025-01-10,,HA,,2025-11-26 06:51:57.90379+00,7802c383-1ec0-41ae-9739-8ecc2faf327c,Task.xlsx,2025-11-26 06:51:57.90379+00,2025-11-26 06:51:57.90379+00,2025-01-10,2025-01,CW02,10,T
3626,8203ff1b-04b8-4455-ac42-e55928c99b96,WS,CW03,CW03,2025-01-13,2025-01-13,,LN,,2025-11-26 06:51:57.90379+00,7802c383-1ec0-41ae-9739-8ecc2faf327c,Task.xlsx,2025-11-26 06:51:57.90379+00,2025-11-26 06:51:57.90379+00,2025-01-13,2025-01,CW03,13,WS
3627,8203ff1b-04b8-4455-ac42-e55928c99b96,M,CW03,CW03,2025-01-14,2025-01-14,,LN,,2025-11-26 06:51:57.90379+00,7802c383-1ec0-41ae-9739-8ecc2faf327c,Task.xlsx,2025-11-26 06:51:57.90379+00,2025-11-26 06:51:57.90379+00,2025-01-14,2025-01,CW03,14,M
3628,8203ff1b-04b8-4455-ac42-e55928c99b96,WS,CW03,CW03,2025-01-15,2025-01-15,,LN,,2025-11-26 06:51:57.90379+00,7802c383-1ec0-41ae-9739-8ecc2faf327c,Task.xlsx,2025-11-26 06:51:57.90379+00,2025-11-26 06:51:57.90379+00,2025-01-15,2025-01,CW03,15,WS
3629,8203ff1b-04b8-4455-ac42-e55928c99b96,WS,CW03,CW03,2025-01-16,2025-01-16,,LN,,2025-11-26 06:51:57.90379+00,7802c383-1ec0-41ae-9739-8ecc2faf327c,Task.xlsx,2025-11-26 06:51:57.90379+00,2025-11-26 06:51:57.90379+00,2025-01-16,2025-01,CW03,16,WS
3630,8203ff1b-04b8-4455-ac42-e55928c99b96,M,CW03,CW03,2025-01-17,2025-01-17,,LN,,2025-11-26 06:51:57.90379+00,7802c383-1ec0-41ae-9739-8ecc2faf327c,Task.xlsx,2025-11-26 06:51:57.90379+00,2025-11-26 06:51:57.90379+00,2025-01-17,2025-01,CW03,17,M
3631,8203ff1b-04b8-4455-ac42-e55928c99b96,WS,CW04,CW04,2025-01-20,2025-01-20,,LN,,2025-11-26 06:51:57.90379+00,7802c383-1ec0-41ae-9739-8ecc2faf327c,Task.xlsx,2025-11-26 06:51:57.90379+00,2025-11-26 06:51:57.90379+00,2025-01-20,2025-01,CW04,20,WS
3632,8203ff1b-04b8-4455-ac42-e55928c99b96,M,CW04,CW04,2025-01-21,2025-01-21,,LN,,2025-11-26 06:51:57.90379+00,7802c383-1ec0-41ae-9739-8ecc2faf327c,Task.xlsx,2025-11-26 06:51:57.90379+00,2025-11-26 06:51:57.90379+00,2025-01-21,2025-01,CW04,21,M
3633,8203ff1b-04b8-4455-ac42-e55928c99b96,WS,CW04,CW04,2025-01-22,2025-01-22,,LN,,2025-11-26 06:51:57.90379+00,7802c383-1ec0-41ae-9739-8ecc2faf327c,Task.xlsx,2025-11-26 06:51:57.90379+00,2025-11-26 06:51:57.90379+00,2025-01-22,2025-01,CW04,22,WS
3634,8203ff1b-04b8-4455-ac42-e55928c99b96,M,CW04,CW04,2025-01-23,2025-01-23,,LN,,2025-11-26 06:51:57.90379+00,7802c383-1ec0-41ae-9739-8ecc2faf327c,Task.xlsx,2025-11-26 06:51:57.90379+00,2025-11-26 06:51:57.90379+00,2025-01-23,2025-01,CW04,23,M
3635,8203ff1b-04b8-4455-ac42-e55928c99b96,M,CW04,CW04,2025-01-24,2025-01-24,,LN,,2025-11-26 06:51:57.90379+00,7802c383-1ec0-41ae-9739-8ecc2faf327c,Task.xlsx,2025-11-26 06:51:57.90379+00,2025-11-26 06:51:57.90379+00,2025-01-24,2025-01,CW04,24,M
3636,8203ff1b-04b8-4455-ac42-e55928c99b96,P,CW06,CW06,2025-02-05,2025-02-05,,LN,,2025-11-26 06:51:57.90379+00,7802c383-1ec0-41ae-9739-8ecc2faf327c,Task.xlsx,2025-11-26 06:51:57.90379+00,2025-11-26 06:51:57.90379+00,2025-02-05,2025-02,CW06,5,P
3637,8203ff1b-04b8-4455-ac42-e55928c99b96,M,CW06,CW06,2025-02-06,2025-02-06,,LN,,2025-11-26 06:51:57.90379+00,7802c383-1ec0-41ae-9739-8ecc2faf327c,Task.xlsx,2025-11-26 06:51:57.90379+00,2025-11-26 06:51:57.90379+00,2025-02-06,2025-02,CW06,6,M
3638,8203ff1b-04b8-4455-ac42-e55928c99b96,P,CW06,CW06,2025-02-08,2025-02-08,,LN,,2025-11-26 06:51:57.90379+00,7802c383-1ec0-41ae-9739-8ecc2faf327c,Task.xlsx,2025-11-26 06:51:57.90379+00,2025-11-26 06:51:57.90379+00,2025-02-08,2025-02,CW06,8,P
3639,8203ff1b-04b8-4455-ac42-e55928c99b96,P,CW07,CW07,2025-02-11,2025-02-11,,LN,,2025-11-26 06:51:57.90379+00,7802c383-1ec0-41ae-9739-8ecc2faf327c,Task.xlsx,2025-11-26 06:51:57.90379+00,2025-11-26 06:51:57.90379+00,2025-02-11,2025-02,CW07,11,P
3640,8203ff1b-04b8-4455-ac42-e55928c99b96,P,CW07,CW07,2025-02-12,2025-02-12,,LN,,2025-11-26 06:51:57.90379+00,7802c383-1ec0-41ae-9739-8ecc2faf327c,Task.xlsx,2025-11-26 06:51:57.90379+00,2025-11-26 06:51:57.90379+00,2025-02-12,2025-02,CW07,12,P
3641,8203ff1b-04b8-4455-ac42-e55928c99b96,P,CW07,CW07,2025-02-13,2025-02-13,,LN,,2025-11-26 06:51:57.90379+00,7802c383-1ec0-41ae-9739-8ecc2faf327c,Task.xlsx,2025-11-26 06:51:57.90379+00,2025-11-26 06:51:57.90379+00,2025-02-13,2025-02,CW07,13,P
3642,8203ff1b-04b8-4455-ac42-e55928c99b96,P,CW07,CW07,2025-02-14,2025-02-14,,LN,,2025-11-26 06:51:57.90379+00,7802c383-1ec0-41ae-9739-8ecc2faf327c,Task.xlsx,2025-11-26 06:51:57.90379+00,2025-11-26 06:51:57.90379+00,2025-02-14,2025-02,CW07,14,P
3643,8203ff1b-04b8-4455-ac42-e55928c99b96,P,CW08,CW08,2025-02-18,2025-02-18,,LN,,2025-11-26 06:51:57.90379+00,7802c383-1ec0-41ae-9739-8ecc2faf327c,Task.xlsx,2025-11-26 06:51:57.90379+00,2025-11-26 06:51:57.90379+00,2025-02-18,2025-02,CW08,18,P
3644,8203ff1b-04b8-4455-ac42-e55928c99b96,P,CW08,CW08,2025-02-19,2025-02-19,,LN,,2025-11-26 06:51:57.90379+00,7802c383-1ec0-41ae-9739-8ecc2faf327c,Task.xlsx,2025-11-26 06:51:57.90379+00,2025-11-26 06:51:57.90379+00,2025-02-19,2025-02,CW08,19,P
3645,8203ff1b-04b8-4455-ac42-e55928c99b96,P,CW08,CW08,2025-02-20,2025-02-20,,LN,,2025-11-26 06:51:57.90379+00,7802c383-1ec0-41ae-9739-8ecc2faf327c,Task.xlsx,2025-11-26 06:51:57.90379+00,2025-11-26 06:51:57.90379+00,2025-02-20,2025-02,CW08,20,P
3646,8203ff1b-04b8-4455-ac42-e55928c99b96,P,CW08,CW08,2025-02-21,2025-02-21,,LN,,2025-11-26 06:51:57.90379+00,7802c383-1ec0-41ae-9739-8ecc2faf327c,Task.xlsx,2025-11-26 06:51:57.90379+00,2025-11-26 06:51:57.90379+00,2025-02-21,2025-02,CW08,21,P
3647,8203ff1b-04b8-4455-ac42-e55928c99b96,P,CW09,CW09,2025-02-25,2025-02-25,,LN,,2025-11-26 06:51:57.90379+00,7802c383-1ec0-41ae-9739-8ecc2faf327c,Task.xlsx,2025-11-26 06:51:57.90379+00,2025-11-26 06:51:57.90379+00,2025-02-25,2025-02,CW09,25,P
3648,8203ff1b-04b8-4455-ac42-e55928c99b96,P,CW09,CW09,2025-02-26,2025-02-26,,LN,,2025-11-26 06:51:57.90379+00,7802c383-1ec0-41ae-9739-8ecc2faf327c,Task.xlsx,2025-11-26 06:51:57.90379+00,2025-11-26 06:51:57.90379+00,2025-02-26,2025-02,CW09,26,P
3649,8203ff1b-04b8-4455-ac42-e55928c99b96,P,CW09,CW09,2025-02-27,2025-02-27,,LN,,2025-11-26 06:51:57.90379+00,7802c383-1ec0-41ae-9739-8ecc2faf327c,Task.xlsx,2025-11-26 06:51:57.90379+00,2025-11-26 06:51:57.90379+00,2025-02-27,2025-02,CW09,27,P
3650,8203ff1b-04b8-4455-ac42-e55928c99b96,P,CW09,CW09,2025-02-28,2025-02-28,,LN,,2025-11-26 06:51:57.90379+00,7802c383-1ec0-41ae-9739-8ecc2faf327c,Task.xlsx,2025-11-26 06:51:57.90379+00,2025-11-26 06:51:57.90379+00,2025-02-28,2025-02,CW09,28,P
3651,8203ff1b-04b8-4455-ac42-e55928c99b96,P,CW10,CW10,2025-03-04,2025-03-04,,LN,,2025-11-26 06:51:57.90379+00,7802c383-1ec0-41ae-9739-8ecc2faf327c,Task.xlsx,2025-11-26 06:51:57.90379+00,2025-11-26 06:51:57.90379+00,2025-03-04,2025-03,CW10,4,P
3652,8203ff1b-04b8-4455-ac42-e55928c99b96,P,CW10,CW10,2025-03-05,2025-03-05,,LN,,2025-11-26 06:51:57.90379+00,7802c383-1ec0-41ae-9739-8ecc2faf327c,Task.xlsx,2025-11-26 06:51:57.90379+00,2025-11-26 06:51:57.90379+00,2025-03-05,2025-03,CW10,5,P
3653,8203ff1b-04b8-4455-ac42-e55928c99b96,P,CW10,CW10,2025-03-06,2025-03-06,,LN,,2025-11-26 06:51:57.90379+00,7802c383-1ec0-41ae-9739-8ecc2faf327c,Task.xlsx,2025-11-26 06:51:57.90379+00,2025-11-26 06:51:57.90379+00,2025-03-06,2025-03,CW10,6,P
3654,8203ff1b-04b8-4455-ac42-e55928c99b96,P,CW10,CW10,2025-03-07,2025-03-07,,LN,,2025-11-26 06:51:57.90379+00,7802c383-1ec0-41ae-9739-8ecc2faf327c,Task.xlsx,2025-11-26 06:51:57.90379+00,2025-11-26 06:51:57.90379+00,2025-03-07,2025-03,CW10,7,P
3655,8203ff1b-04b8-4455-ac42-e55928c99b96,P,CW11,CW11,2025-03-11,2025-03-11,,LN,,2025-11-26 06:51:57.90379+00,7802c383-1ec0-41ae-9739-8ecc2faf327c,Task.xlsx,2025-11-26 06:51:57.90379+00,2025-11-26 06:51:57.90379+00,2025-03-11,2025-03,CW11,11,P
3656,8203ff1b-04b8-4455-ac42-e55928c99b96,P,CW11,CW11,2025-03-12,2025-03-12,,LN,,2025-11-26 06:51:57.90379+00,7802c383-1ec0-41ae-9739-8ecc2faf327c,Task.xlsx,2025-11-26 06:51:57.90379+00,2025-11-26 06:51:57.90379+00,2025-03-12,2025-03,CW11,12,P
3657,8203ff1b-04b8-4455-ac42-e55928c99b96,P,CW11,CW11,2025-03-13,2025-03-13,,LN,,2025-11-26 06:51:57.90379+00,7802c383-1ec0-41ae-9739-8ecc2faf327c,Task.xlsx,2025-11-26 06:51:57.90379+00,2025-11-26 06:51:57.90379+00,2025-03-13,2025-03,CW11,13,P
3658,8203ff1b-04b8-4455-ac42-e55928c99b96,P,CW11,CW11,2025-03-14,2025-03-14,,LN,,2025-11-26 06:51:57.90379+00,7802c383-1ec0-41ae-9739-8ecc2faf327c,Task.xlsx,2025-11-26 06:51:57.90379+00,2025-11-26 06:51:57.90379+00,2025-03-14,2025-03,CW11,14,P
3659,8203ff1b-04b8-4455-ac42-e55928c99b96,P,CW12,CW12,2025-03-18,2025-03-18,,LN,,2025-11-26 06:51:57.90379+00,7802c383-1ec0-41ae-9739-8ecc2faf327c,Task.xlsx,2025-11-26 06:51:57.90379+00,2025-11-26 06:51:57.90379+00,2025-03-18,2025-03,CW12,18,P
3660,8203ff1b-04b8-4455-ac42-e55928c99b96,P,CW12,CW12,2025-03-19,2025-03-19,,LN,,2025-11-26 06:51:57.90379+00,7802c383-1ec0-41ae-9739-8ecc2faf327c,Task.xlsx,2025-11-26 06:51:57.90379+00,2025-11-26 06:51:57.90379+00,2025-03-19,2025-03,CW12,19,P
3661,8203ff1b-04b8-4455-ac42-e55928c99b96,P,CW12,CW12,2025-03-20,2025-03-20,,LN,,2025-11-26 06:51:57.90379+00,7802c383-1ec0-41ae-9739-8ecc2faf327c,Task.xlsx,2025-11-26 06:51:57.90379+00,2025-11-26 06:51:57.90379+00,2025-03-20,2025-03,CW12,20,P
3662,8203ff1b-04b8-4455-ac42-e55928c99b96,P,CW12,CW12,2025-03-21,2025-03-21,,LN,,2025-11-26 06:51:57.90379+00,7802c383-1ec0-41ae-9739-8ecc2faf327c,Task.xlsx,2025-11-26 06:51:57.90379+00,2025-11-26 06:51:57.90379+00,2025-03-21,2025-03,CW12,21,P
3663,8203ff1b-04b8-4455-ac42-e55928c99b96,P,CW13,CW13,2025-03-25,2025-03-25,,LN,,2025-11-26 06:51:57.90379+00,7802c383-1ec0-41ae-9739-8ecc2faf327c,Task.xlsx,2025-11-26 06:51:57.90379+00,2025-11-26 06:51:57.90379+00,2025-03-25,2025-03,CW13,25,P
3664,8203ff1b-04b8-4455-ac42-e55928c99b96,P,CW13,CW13,2025-03-26,2025-03-26,,LN,,2025-11-26 06:51:57.90379+00,7802c383-1ec0-41ae-9739-8ecc2faf327c,Task.xlsx,2025-11-26 06:51:57.90379+00,2025-11-26 06:51:57.90379+00,2025-03-26,2025-03,CW13,26,P
3665,8203ff1b-04b8-4455-ac42-e55928c99b96,P,CW13,CW13,2025-03-27,2025-03-27,,LN,,2025-11-26 06:51:57.90379+00,7802c383-1ec0-41ae-9739-8ecc2faf327c,Task.xlsx,2025-11-26 06:51:57.90379+00,2025-11-26 06:51:57.90379+00,2025-03-27,2025-03,CW13,27,P
3666,8203ff1b-04b8-4455-ac42-e55928c99b96,P,CW13,CW13,2025-03-28,2025-03-28,,LN,,2025-11-26 06:51:57.90379+00,7802c383-1ec0-41ae-9739-8ecc2faf327c,Task.xlsx,2025-11-26 06:51:57.90379+00,2025-11-26 06:51:57.90379+00,2025-03-28,2025-03,CW13,28,P
3667,8203ff1b-04b8-4455-ac42-e55928c99b96,P,CW14,CW14,2025-03-31,2025-03-31,,LN,,2025-11-26 06:51:57.90379+00,7802c383-1ec0-41ae-9739-8ecc2faf327c,Task.xlsx,2025-11-26 06:51:57.90379+00,2025-11-26 06:51:57.90379+00,2025-03-31,2025-03,CW14,31,P
3668,8203ff1b-04b8-4455-ac42-e55928c99b96,P,CW14,CW14,2025-04-01,2025-04-01,,LN,,2025-11-26 06:51:57.90379+00,7802c383-1ec0-41ae-9739-8ecc2faf327c,Task.xlsx,2025-11-26 06:51:57.90379+00,2025-11-26 06:51:57.90379+00,2025-04-01,2025-04,CW14,1,P
3669,8203ff1b-04b8-4455-ac42-e55928c99b96,P,CW14,CW14,2025-04-02,2025-04-02,,LN,,2025-11-26 06:51:57.90379+00,7802c383-1ec0-41ae-9739-8ecc2faf327c,Task.xlsx,2025-11-26 06:51:57.90379+00,2025-11-26 06:51:57.90379+00,2025-04-02,2025-04,CW14,2,P
3670,8203ff1b-04b8-4455-ac42-e55928c99b96,P,CW14,CW14,2025-04-03,2025-04-03,,LN,,2025-11-26 06:51:57.90379+00,7802c383-1ec0-41ae-9739-8ecc2faf327c,Task.xlsx,2025-11-26 06:51:57.90379+00,2025-11-26 06:51:57.90379+00,2025-04-03,2025-04,CW14,3,P
3671,8203ff1b-04b8-4455-ac42-e55928c99b96,P,CW15,CW15,2025-04-07,2025-04-07,,LN,,2025-11-26 06:51:57.90379+00,7802c383-1ec0-41ae-9739-8ecc2faf327c,Task.xlsx,2025-11-26 06:51:57.90379+00,2025-11-26 06:51:57.90379+00,2025-04-07,2025-04,CW15,7,P
3672,8203ff1b-04b8-4455-ac42-e55928c99b96,P,CW15,CW15,2025-04-08,2025-04-08,,LN,,2025-11-26 06:51:57.90379+00,7802c383-1ec0-41ae-9739-8ecc2faf327c,Task.xlsx,2025-11-26 06:51:57.90379+00,2025-11-26 06:51:57.90379+00,2025-04-08,2025-04,CW15,8,P
3673,8203ff1b-04b8-4455-ac42-e55928c99b96,P,CW15,CW15,2025-04-09,2025-04-09,,LN,,2025-11-26 06:51:57.90379+00,7802c383-1ec0-41ae-9739-8ecc2faf327c,Task.xlsx,2025-11-26 06:51:57.90379+00,2025-11-26 06:51:57.90379+00,2025-04-09,2025-04,CW15,9,P
3674,8203ff1b-04b8-4455-ac42-e55928c99b96,P,CW15,CW15,2025-04-10,2025-04-10,,LN,,2025-11-26 06:51:57.90379+00,7802c383-1ec0-41ae-9739-8ecc2faf327c,Task.xlsx,2025-11-26 06:51:57.90379+00,2025-11-26 06:51:57.90379+00,2025-04-10,2025-04,CW15,10,P
3675,8203ff1b-04b8-4455-ac42-e55928c99b96,P,CW15,CW15,2025-04-11,2025-04-11,,LN,,2025-11-26 06:51:57.90379+00,7802c383-1ec0-41ae-9739-8ecc2faf327c,Task.xlsx,2025-11-26 06:51:57.90379+00,2025-11-26 06:51:57.90379+00,2025-04-11,2025-04,CW15,11,P
3676,8203ff1b-04b8-4455-ac42-e55928c99b96,P,CW16,CW16,2025-04-14,2025-04-14,,LN,,2025-11-26 06:51:57.90379+00,7802c383-1ec0-41ae-9739-8ecc2faf327c,Task.xlsx,2025-11-26 06:51:57.90379+00,2025-11-26 06:51:57.90379+00,2025-04-14,2025-04,CW16,14,P
3677,8203ff1b-04b8-4455-ac42-e55928c99b96,P,CW16,CW16,2025-04-15,2025-04-15,,LN,,2025-11-26 06:51:57.90379+00,7802c383-1ec0-41ae-9739-8ecc2faf327c,Task.xlsx,2025-11-26 06:51:57.90379+00,2025-11-26 06:51:57.90379+00,2025-04-15,2025-04,CW16,15,P
3678,8203ff1b-04b8-4455-ac42-e55928c99b96,P,CW16,CW16,2025-04-16,2025-04-16,,LN,,2025-11-26 06:51:57.90379+00,7802c383-1ec0-41ae-9739-8ecc2faf327c,Task.xlsx,2025-11-26 06:51:57.90379+00,2025-11-26 06:51:57.90379+00,2025-04-16,2025-04,CW16,16,P
3679,8203ff1b-04b8-4455-ac42-e55928c99b96,P,CW16,CW16,2025-04-17,2025-04-17,,LN,,2025-11-26 06:51:57.90379+00,7802c383-1ec0-41ae-9739-8ecc2faf327c,Task.xlsx,2025-11-26 06:51:57.90379+00,2025-11-26 06:51:57.90379+00,2025-04-17,2025-04,CW16,17,P
3680,8203ff1b-04b8-4455-ac42-e55928c99b96,P,CW16,CW16,2025-04-18,2025-04-18,,LN,,2025-11-26 06:51:57.90379+00,7802c383-1ec0-41ae-9739-8ecc2faf327c,Task.xlsx,2025-11-26 06:51:57.90379+00,2025-11-26 06:51:57.90379+00,2025-04-18,2025-04,CW16,18,P
3681,8203ff1b-04b8-4455-ac42-e55928c99b96,P,CW17,CW17,2025-04-21,2025-04-21,,LN,,2025-11-26 06:51:57.90379+00,7802c383-1ec0-41ae-9739-8ecc2faf327c,Task.xlsx,2025-11-26 06:51:57.90379+00,2025-11-26 06:51:57.90379+00,2025-04-21,2025-04,CW17,21,P
3682,8203ff1b-04b8-4455-ac42-e55928c99b96,P,CW17,CW17,2025-04-22,2025-04-22,,LN,,2025-11-26 06:51:57.90379+00,7802c383-1ec0-41ae-9739-8ecc2faf327c,Task.xlsx,2025-11-26 06:51:57.90379+00,2025-11-26 06:51:57.90379+00,2025-04-22,2025-04,CW17,22,P
3683,8203ff1b-04b8-4455-ac42-e55928c99b96,P,CW17,CW17,2025-04-23,2025-04-23,,LN,,2025-11-26 06:51:57.90379+00,7802c383-1ec0-41ae-9739-8ecc2faf327c,Task.xlsx,2025-11-26 06:51:57.90379+00,2025-11-26 06:51:57.90379+00,2025-04-23,2025-04,CW17,23,P
3684,8203ff1b-04b8-4455-ac42-e55928c99b96,P,CW17,CW17,2025-04-24,2025-04-24,,LN,,2025-11-26 06:51:57.90379+00,7802c383-1ec0-41ae-9739-8ecc2faf327c,Task.xlsx,2025-11-26 06:51:57.90379+00,2025-11-26 06:51:57.90379+00,2025-04-24,2025-04,CW17,24,P
3685,8203ff1b-04b8-4455-ac42-e55928c99b96,P,CW17,CW17,2025-04-25,2025-04-25,,LN,,2025-11-26 06:51:57.90379+00,7802c383-1ec0-41ae-9739-8ecc2faf327c,Task.xlsx,2025-11-26 06:51:57.90379+00,2025-11-26 06:51:57.90379+00,2025-04-25,2025-04,CW17,25,P
3686,8203ff1b-04b8-4455-ac42-e55928c99b96,T,CW17,CW17,2025-04-27,2025-04-27,,LN,,2025-11-26 06:51:57.90379+00,7802c383-1ec0-41ae-9739-8ecc2faf327c,Task.xlsx,2025-11-26 06:51:57.90379+00,2025-11-26 06:51:57.90379+00,2025-04-27,2025-04,CW17,27,T
3687,8203ff1b-04b8-4455-ac42-e55928c99b96,P,CW18,CW18,2025-04-28,2025-04-28,,LN,,2025-11-26 06:51:57.90379+00,7802c383-1ec0-41ae-9739-8ecc2faf327c,Task.xlsx,2025-11-26 06:51:57.90379+00,2025-11-26 06:51:57.90379+00,2025-04-28,2025-04,CW18,28,P
3688,8203ff1b-04b8-4455-ac42-e55928c99b96,P,CW18,CW18,2025-04-29,2025-04-29,,LN,,2025-11-26 06:51:57.90379+00,7802c383-1ec0-41ae-9739-8ecc2faf327c,Task.xlsx,2025-11-26 06:51:57.90379+00,2025-11-26 06:51:57.90379+00,2025-04-29,2025-04,CW18,29,P
3689,8203ff1b-04b8-4455-ac42-e55928c99b96,P,CW18,CW18,2025-04-30,2025-04-30,,LN,,2025-11-26 06:51:57.90379+00,7802c383-1ec0-41ae-9739-8ecc2faf327c,Task.xlsx,2025-11-26 06:51:57.90379+00,2025-11-26 06:51:57.90379+00,2025-04-30,2025-04,CW18,30,P
3690,8203ff1b-04b8-4455-ac42-e55928c99b96,P,CW19,CW19,2025-05-06,2025-05-06,,LN,,2025-11-26 06:51:57.90379+00,7802c383-1ec0-41ae-9739-8ecc2faf327c,Task.xlsx,2025-11-26 06:51:57.90379+00,2025-11-26 06:51:57.90379+00,2025-05-06,2025-05,CW19,6,P
3691,8203ff1b-04b8-4455-ac42-e55928c99b96,P,CW19,CW19,2025-05-07,2025-05-07,,LN,,2025-11-26 06:51:57.90379+00,7802c383-1ec0-41ae-9739-8ecc2faf327c,Task.xlsx,2025-11-26 06:51:57.90379+00,2025-11-26 06:51:57.90379+00,2025-05-07,2025-05,CW19,7,P
3692,8203ff1b-04b8-4455-ac42-e55928c99b96,P,CW19,CW19,2025-05-08,2025-05-08,,LN,,2025-11-26 06:51:57.90379+00,7802c383-1ec0-41ae-9739-8ecc2faf327c,Task.xlsx,2025-11-26 06:51:57.90379+00,2025-11-26 06:51:57.90379+00,2025-05-08,2025-05,CW19,8,P
3693,8203ff1b-04b8-4455-ac42-e55928c99b96,P,CW19,CW19,2025-05-09,2025-05-09,,LN,,2025-11-26 06:51:57.90379+00,7802c383-1ec0-41ae-9739-8ecc2faf327c,Task.xlsx,2025-11-26 06:51:57.90379+00,2025-11-26 06:51:57.90379+00,2025-05-09,2025-05,CW19,9,P
3694,8203ff1b-04b8-4455-ac42-e55928c99b96,SW,CW20,CW20,2025-05-12,2025-05-12,,LN,,2025-11-26 06:51:57.90379+00,7802c383-1ec0-41ae-9739-8ecc2faf327c,Task.xlsx,2025-11-26 06:51:57.90379+00,2025-11-26 06:51:57.90379+00,2025-05-12,2025-05,CW20,12,SW
3695,8203ff1b-04b8-4455-ac42-e55928c99b96,SW,CW20,CW20,2025-05-13,2025-05-13,,LN,,2025-11-26 06:51:57.90379+00,7802c383-1ec0-41ae-9739-8ecc2faf327c,Task.xlsx,2025-11-26 06:51:57.90379+00,2025-11-26 06:51:57.90379+00,2025-05-13,2025-05,CW20,13,SW
3696,8203ff1b-04b8-4455-ac42-e55928c99b96,SW,CW20,CW20,2025-05-14,2025-05-14,,LN,,2025-11-26 06:51:57.90379+00,7802c383-1ec0-41ae-9739-8ecc2faf327c,Task.xlsx,2025-11-26 06:51:57.90379+00,2025-11-26 06:51:57.90379+00,2025-05-14,2025-05,CW20,14,SW
3697,8203ff1b-04b8-4455-ac42-e55928c99b96,SW,CW20,CW20,2025-05-15,2025-05-15,,LN,,2025-11-26 06:51:57.90379+00,7802c383-1ec0-41ae-9739-8ecc2faf327c,Task.xlsx,2025-11-26 06:51:57.90379+00,2025-11-26 06:51:57.90379+00,2025-05-15,2025-05,CW20,15,SW
3698,8203ff1b-04b8-4455-ac42-e55928c99b96,SW,CW20,CW20,2025-05-16,2025-05-16,,LN,,2025-11-26 06:51:57.90379+00,7802c383-1ec0-41ae-9739-8ecc2faf327c,Task.xlsx,2025-11-26 06:51:57.90379+00,2025-11-26 06:51:57.90379+00,2025-05-16,2025-05,CW20,16,SW
3699,8203ff1b-04b8-4455-ac42-e55928c99b96,P,CW21,CW21,2025-05-19,2025-05-19,,LN,,2025-11-26 06:51:57.90379+00,7802c383-1ec0-41ae-9739-8ecc2faf327c,Task.xlsx,2025-11-26 06:51:57.90379+00,2025-11-26 06:51:57.90379+00,2025-05-19,2025-05,CW21,19,P
3700,8203ff1b-04b8-4455-ac42-e55928c99b96,P,CW21,CW21,2025-05-20,2025-05-20,,LN,,2025-11-26 06:51:57.90379+00,7802c383-1ec0-41ae-9739-8ecc2faf327c,Task.xlsx,2025-11-26 06:51:57.90379+00,2025-11-26 06:51:57.90379+00,2025-05-20,2025-05,CW21,20,P
3701,8203ff1b-04b8-4455-ac42-e55928c99b96,P,CW21,CW21,2025-05-21,2025-05-21,,LN,,2025-11-26 06:51:57.90379+00,7802c383-1ec0-41ae-9739-8ecc2faf327c,Task.xlsx,2025-11-26 06:51:57.90379+00,2025-11-26 06:51:57.90379+00,2025-05-21,2025-05,CW21,21,P
3702,8203ff1b-04b8-4455-ac42-e55928c99b96,P,CW21,CW21,2025-05-22,2025-05-22,,LN,,2025-11-26 06:51:57.90379+00,7802c383-1ec0-41ae-9739-8ecc2faf327c,Task.xlsx,2025-11-26 06:51:57.90379+00,2025-11-26 06:51:57.90379+00,2025-05-22,2025-05,CW21,22,P
3703,8203ff1b-04b8-4455-ac42-e55928c99b96,P,CW21,CW21,2025-05-23,2025-05-23,,LN,,2025-11-26 06:51:57.90379+00,7802c383-1ec0-41ae-9739-8ecc2faf327c,Task.xlsx,2025-11-26 06:51:57.90379+00,2025-11-26 06:51:57.90379+00,2025-05-23,2025-05,CW21,23,P
3704,8203ff1b-04b8-4455-ac42-e55928c99b96,P,CW22,CW22,2025-05-26,2025-05-26,,LN,,2025-11-26 06:51:57.90379+00,7802c383-1ec0-41ae-9739-8ecc2faf327c,Task.xlsx,2025-11-26 06:51:57.90379+00,2025-11-26 06:51:57.90379+00,2025-05-26,2025-05,CW22,26,P
3705,8203ff1b-04b8-4455-ac42-e55928c99b96,P,CW22,CW22,2025-05-27,2025-05-27,,LN,,2025-11-26 06:51:57.90379+00,7802c383-1ec0-41ae-9739-8ecc2faf327c,Task.xlsx,2025-11-26 06:51:57.90379+00,2025-11-26 06:51:57.90379+00,2025-05-27,2025-05,CW22,27,P
3706,8203ff1b-04b8-4455-ac42-e55928c99b96,P,CW22,CW22,2025-05-28,2025-05-28,,LN,,2025-11-26 06:51:57.90379+00,7802c383-1ec0-41ae-9739-8ecc2faf327c,Task.xlsx,2025-11-26 06:51:57.90379+00,2025-11-26 06:51:57.90379+00,2025-05-28,2025-05,CW22,28,P
3707,8203ff1b-04b8-4455-ac42-e55928c99b96,P,CW22,CW22,2025-05-29,2025-05-29,,LN,,2025-11-26 06:51:57.90379+00,7802c383-1ec0-41ae-9739-8ecc2faf327c,Task.xlsx,2025-11-26 06:51:57.90379+00,2025-11-26 06:51:57.90379+00,2025-05-29,2025-05,CW22,29,P
3708,8203ff1b-04b8-4455-ac42-e55928c99b96,P,CW22,CW22,2025-05-30,2025-05-30,,LN,,2025-11-26 06:51:57.90379+00,7802c383-1ec0-41ae-9739-8ecc2faf327c,Task.xlsx,2025-11-26 06:51:57.90379+00,2025-11-26 06:51:57.90379+00,2025-05-30,2025-05,CW22,30,P
3709,8203ff1b-04b8-4455-ac42-e55928c99b96,P,CW23,CW23,2025-06-03,2025-06-03,,LN,,2025-11-26 06:51:57.90379+00,7802c383-1ec0-41ae-9739-8ecc2faf327c,Task.xlsx,2025-11-26 06:51:57.90379+00,2025-11-26 06:51:57.90379+00,2025-06-03,2025-06,CW23,3,P
3710,8203ff1b-04b8-4455-ac42-e55928c99b96,P,CW23,CW23,2025-06-04,2025-06-04,,LN,,2025-11-26 06:51:57.90379+00,7802c383-1ec0-41ae-9739-8ecc2faf327c,Task.xlsx,2025-11-26 06:51:57.90379+00,2025-11-26 06:51:57.90379+00,2025-06-04,2025-06,CW23,4,P
3711,8203ff1b-04b8-4455-ac42-e55928c99b96,P,CW23,CW23,2025-06-05,2025-06-05,,LN,,2025-11-26 06:51:57.90379+00,7802c383-1ec0-41ae-9739-8ecc2faf327c,Task.xlsx,2025-11-26 06:51:57.90379+00,2025-11-26 06:51:57.90379+00,2025-06-05,2025-06,CW23,5,P
3712,8203ff1b-04b8-4455-ac42-e55928c99b96,P,CW23,CW23,2025-06-06,2025-06-06,,LN,,2025-11-26 06:51:57.90379+00,7802c383-1ec0-41ae-9739-8ecc2faf327c,Task.xlsx,2025-11-26 06:51:57.90379+00,2025-11-26 06:51:57.90379+00,2025-06-06,2025-06,CW23,6,P
3713,8203ff1b-04b8-4455-ac42-e55928c99b96,WS,CW24,CW24,2025-06-09,2025-06-09,Boot Camp,EA,,2025-11-26 06:51:57.90379+00,7802c383-1ec0-41ae-9739-8ecc2faf327c,Task.xlsx,2025-11-26 06:51:57.90379+00,2025-11-26 06:51:57.90379+00,2025-06-09,2025-06,CW24,9,WS
3714,8203ff1b-04b8-4455-ac42-e55928c99b96,WS,CW24,CW24,2025-06-10,2025-06-10,,HA,,2025-11-26 06:51:57.90379+00,7802c383-1ec0-41ae-9739-8ecc2faf327c,Task.xlsx,2025-11-26 06:51:57.90379+00,2025-11-26 06:51:57.90379+00,2025-06-10,2025-06,CW24,10,WS
3715,8203ff1b-04b8-4455-ac42-e55928c99b96,P,CW24,CW24,2025-06-11,2025-06-11,,LN,,2025-11-26 06:51:57.90379+00,7802c383-1ec0-41ae-9739-8ecc2faf327c,Task.xlsx,2025-11-26 06:51:57.90379+00,2025-11-26 06:51:57.90379+00,2025-06-11,2025-06,CW24,11,P
3716,8203ff1b-04b8-4455-ac42-e55928c99b96,WS,CW24,CW24,2025-06-12,2025-06-12,,LC,,2025-11-26 06:51:57.90379+00,7802c383-1ec0-41ae-9739-8ecc2faf327c,Task.xlsx,2025-11-26 06:51:57.90379+00,2025-11-26 06:51:57.90379+00,2025-06-12,2025-06,CW24,12,WS
3717,8203ff1b-04b8-4455-ac42-e55928c99b96,P,CW24,CW24,2025-06-13,2025-06-13,,LN,,2025-11-26 06:51:57.90379+00,7802c383-1ec0-41ae-9739-8ecc2faf327c,Task.xlsx,2025-11-26 06:51:57.90379+00,2025-11-26 06:51:57.90379+00,2025-06-13,2025-06,CW24,13,P
3718,8203ff1b-04b8-4455-ac42-e55928c99b96,CL,CW25,CW25,2025-06-20,2025-06-20,,LC,,2025-11-26 06:51:57.90379+00,7802c383-1ec0-41ae-9739-8ecc2faf327c,Task.xlsx,2025-11-26 06:51:57.90379+00,2025-11-26 06:51:57.90379+00,2025-06-20,2025-06,CW25,20,CL
3719,8203ff1b-04b8-4455-ac42-e55928c99b96,WS,CW26,CW26,2025-06-23,2025-06-23,,LN,,2025-11-26 06:51:57.90379+00,7802c383-1ec0-41ae-9739-8ecc2faf327c,Task.xlsx,2025-11-26 06:51:57.90379+00,2025-11-26 06:51:57.90379+00,2025-06-23,2025-06,CW26,23,WS
3720,8203ff1b-04b8-4455-ac42-e55928c99b96,P,CW28,CW28,2025-07-07,2025-07-07,,LN,,2025-11-26 06:51:57.90379+00,7802c383-1ec0-41ae-9739-8ecc2faf327c,Task.xlsx,2025-11-26 06:51:57.90379+00,2025-11-26 06:51:57.90379+00,2025-07-07,2025-07,CW28,7,P
3721,8203ff1b-04b8-4455-ac42-e55928c99b96,P,CW28,CW28,2025-07-08,2025-07-08,,LN,,2025-11-26 06:51:57.90379+00,7802c383-1ec0-41ae-9739-8ecc2faf327c,Task.xlsx,2025-11-26 06:51:57.90379+00,2025-11-26 06:51:57.90379+00,2025-07-08,2025-07,CW28,8,P
3722,8203ff1b-04b8-4455-ac42-e55928c99b96,P,CW28,CW28,2025-07-09,2025-07-09,,LN,,2025-11-26 06:51:57.90379+00,7802c383-1ec0-41ae-9739-8ecc2faf327c,Task.xlsx,2025-11-26 06:51:57.90379+00,2025-11-26 06:51:57.90379+00,2025-07-09,2025-07,CW28,9,P
3723,8203ff1b-04b8-4455-ac42-e55928c99b96,WS,CW29,CW29,2025-07-14,2025-07-14,S-CIP,LN,,2025-11-26 06:51:57.90379+00,7802c383-1ec0-41ae-9739-8ecc2faf327c,Task.xlsx,2025-11-26 06:51:57.90379+00,2025-11-26 06:51:57.90379+00,2025-07-14,2025-07,CW29,14,WS
3724,8203ff1b-04b8-4455-ac42-e55928c99b96,WS,CW29,CW29,2025-07-18,2025-07-18,S-CIP,LN,,2025-11-26 06:51:57.90379+00,7802c383-1ec0-41ae-9739-8ecc2faf327c,Task.xlsx,2025-11-26 06:51:57.90379+00,2025-11-26 06:51:57.90379+00,2025-07-18,2025-07,CW29,18,WS
3725,8203ff1b-04b8-4455-ac42-e55928c99b96,P,CW30,CW30,2025-07-21,2025-07-21,,LN,,2025-11-26 06:51:57.90379+00,7802c383-1ec0-41ae-9739-8ecc2faf327c,Task.xlsx,2025-11-26 06:51:57.90379+00,2025-11-26 06:51:57.90379+00,2025-07-21,2025-07,CW30,21,P
3726,8203ff1b-04b8-4455-ac42-e55928c99b96,C,CW30,CW30,2025-07-23,2025-07-23,,Chuzhou,,2025-11-26 06:51:57.90379+00,7802c383-1ec0-41ae-9739-8ecc2faf327c,Task.xlsx,2025-11-26 06:51:57.90379+00,2025-11-26 06:51:57.90379+00,2025-07-23,2025-07,CW30,23,C
3727,8203ff1b-04b8-4455-ac42-e55928c99b96,P,CW30,CW30,2025-07-25,2025-07-25,,LN,,2025-11-26 06:51:57.90379+00,7802c383-1ec0-41ae-9739-8ecc2faf327c,Task.xlsx,2025-11-26 06:51:57.90379+00,2025-11-26 06:51:57.90379+00,2025-07-25,2025-07,CW30,25,P
3728,8203ff1b-04b8-4455-ac42-e55928c99b96,P,CW31,CW31,2025-07-28,2025-07-28,,LN,,2025-11-26 06:51:57.90379+00,7802c383-1ec0-41ae-9739-8ecc2faf327c,Task.xlsx,2025-11-26 06:51:57.90379+00,2025-11-26 06:51:57.90379+00,2025-07-28,2025-07,CW31,28,P
3729,8203ff1b-04b8-4455-ac42-e55928c99b96,P,CW31,CW31,2025-07-30,2025-07-30,,LN,,2025-11-26 06:51:57.90379+00,7802c383-1ec0-41ae-9739-8ecc2faf327c,Task.xlsx,2025-11-26 06:51:57.90379+00,2025-11-26 06:51:57.90379+00,2025-07-30,2025-07,CW31,30,P
3730,8203ff1b-04b8-4455-ac42-e55928c99b96,C,CW32,CW32,2025-08-06,2025-08-06,,CG,,2025-11-26 06:51:57.90379+00,7802c383-1ec0-41ae-9739-8ecc2faf327c,Task.xlsx,2025-11-26 06:51:57.90379+00,2025-11-26 06:51:57.90379+00,2025-08-06,2025-08,CW32,6,C
3731,8203ff1b-04b8-4455-ac42-e55928c99b96,P,CW32,CW32,2025-08-08,2025-08-08,,LN,,2025-11-26 06:51:57.90379+00,7802c383-1ec0-41ae-9739-8ecc2faf327c,Task.xlsx,2025-11-26 06:51:57.90379+00,2025-11-26 06:51:57.90379+00,2025-08-08,2025-08,CW32,8,P
3732,8203ff1b-04b8-4455-ac42-e55928c99b96,C,CW33,CW33,2025-08-12,2025-08-12,,ED,,2025-11-26 06:51:57.90379+00,7802c383-1ec0-41ae-9739-8ecc2faf327c,Task.xlsx,2025-11-26 06:51:57.90379+00,2025-11-26 06:51:57.90379+00,2025-08-12,2025-08,CW33,12,C
3733,8203ff1b-04b8-4455-ac42-e55928c99b96,P,CW33,CW33,2025-08-14,2025-08-14,,LN,,2025-11-26 06:51:57.90379+00,7802c383-1ec0-41ae-9739-8ecc2faf327c,Task.xlsx,2025-11-26 06:51:57.90379+00,2025-11-26 06:51:57.90379+00,2025-08-14,2025-08,CW33,14,P
3734,8203ff1b-04b8-4455-ac42-e55928c99b96,P,CW34,CW34,2025-08-19,2025-08-19,,LN,,2025-11-26 06:51:57.90379+00,7802c383-1ec0-41ae-9739-8ecc2faf327c,Task.xlsx,2025-11-26 06:51:57.90379+00,2025-11-26 06:51:57.90379+00,2025-08-19,2025-08,CW34,19,P
3735,8203ff1b-04b8-4455-ac42-e55928c99b96,M,CW34,CW34,2025-08-21,2025-08-21,,LN,,2025-11-26 06:51:57.90379+00,7802c383-1ec0-41ae-9739-8ecc2faf327c,Task.xlsx,2025-11-26 06:51:57.90379+00,2025-11-26 06:51:57.90379+00,2025-08-21,2025-08,CW34,21,M
3736,8203ff1b-04b8-4455-ac42-e55928c99b96,P,CW35,CW35,2025-08-25,2025-08-25,,LN,,2025-11-26 06:51:57.90379+00,7802c383-1ec0-41ae-9739-8ecc2faf327c,Task.xlsx,2025-11-26 06:51:57.90379+00,2025-11-26 06:51:57.90379+00,2025-08-25,2025-08,CW35,25,P
3737,8203ff1b-04b8-4455-ac42-e55928c99b96,M,CW35,CW35,2025-08-27,2025-08-27,,LN,,2025-11-26 06:51:57.90379+00,7802c383-1ec0-41ae-9739-8ecc2faf327c,Task.xlsx,2025-11-26 06:51:57.90379+00,2025-11-26 06:51:57.90379+00,2025-08-27,2025-08,CW35,27,M
3738,8203ff1b-04b8-4455-ac42-e55928c99b96,M,CW35,CW35,2025-08-28,2025-08-28,,LN,,2025-11-26 06:51:57.90379+00,7802c383-1ec0-41ae-9739-8ecc2faf327c,Task.xlsx,2025-11-26 06:51:57.90379+00,2025-11-26 06:51:57.90379+00,2025-08-28,2025-08,CW35,28,M
3739,8203ff1b-04b8-4455-ac42-e55928c99b96,C,CW35,CW35,2025-08-29,2025-08-29,,EA,,2025-11-26 06:51:57.90379+00,7802c383-1ec0-41ae-9739-8ecc2faf327c,Task.xlsx,2025-11-26 06:51:57.90379+00,2025-11-26 06:51:57.90379+00,2025-08-29,2025-08,CW35,29,C
3740,8203ff1b-04b8-4455-ac42-e55928c99b96,C,CW36,CW36,2025-09-01,2025-09-01,,EA,,2025-11-26 06:51:57.90379+00,7802c383-1ec0-41ae-9739-8ecc2faf327c,Task.xlsx,2025-11-26 06:51:57.90379+00,2025-11-26 06:51:57.90379+00,2025-09-01,2025-09,CW36,1,C
3741,8203ff1b-04b8-4455-ac42-e55928c99b96,WS,CW36,CW36,2025-09-02,2025-09-02,,EA,,2025-11-26 06:51:57.90379+00,7802c383-1ec0-41ae-9739-8ecc2faf327c,Task.xlsx,2025-11-26 06:51:57.90379+00,2025-11-26 06:51:57.90379+00,2025-09-02,2025-09,CW36,2,WS
3742,8203ff1b-04b8-4455-ac42-e55928c99b96,P,CW36,CW36,2025-09-04,2025-09-04,,LN,,2025-11-26 06:51:57.90379+00,7802c383-1ec0-41ae-9739-8ecc2faf327c,Task.xlsx,2025-11-26 06:51:57.90379+00,2025-11-26 06:51:57.90379+00,2025-09-04,2025-09,CW36,4,P
3743,8203ff1b-04b8-4455-ac42-e55928c99b96,M,CW37,CW37,2025-09-09,2025-09-09,,DC,,2025-11-26 06:51:57.90379+00,7802c383-1ec0-41ae-9739-8ecc2faf327c,Task.xlsx,2025-11-26 06:51:57.90379+00,2025-11-26 06:51:57.90379+00,2025-09-09,2025-09,CW37,9,M
3744,8203ff1b-04b8-4455-ac42-e55928c99b96,M,CW37,CW37,2025-09-10,2025-09-10,,LN,,2025-11-26 06:51:57.90379+00,7802c383-1ec0-41ae-9739-8ecc2faf327c,Task.xlsx,2025-11-26 06:51:57.90379+00,2025-11-26 06:51:57.90379+00,2025-09-10,2025-09,CW37,10,M
3745,8203ff1b-04b8-4455-ac42-e55928c99b96,P,CW37,CW37,2025-09-11,2025-09-11,,LN,,2025-11-26 06:51:57.90379+00,7802c383-1ec0-41ae-9739-8ecc2faf327c,Task.xlsx,2025-11-26 06:51:57.90379+00,2025-11-26 06:51:57.90379+00,2025-09-11,2025-09,CW37,11,P
3746,8203ff1b-04b8-4455-ac42-e55928c99b96,P,CW37,CW37,2025-09-12,2025-09-12,,LN,,2025-11-26 06:51:57.90379+00,7802c383-1ec0-41ae-9739-8ecc2faf327c,Task.xlsx,2025-11-26 06:51:57.90379+00,2025-11-26 06:51:57.90379+00,2025-09-12,2025-09,CW37,12,P
3747,8203ff1b-04b8-4455-ac42-e55928c99b96,P,CW38,CW38,2025-09-15,2025-09-15,,LN,,2025-11-26 06:51:57.90379+00,7802c383-1ec0-41ae-9739-8ecc2faf327c,Task.xlsx,2025-11-26 06:51:57.90379+00,2025-11-26 06:51:57.90379+00,2025-09-15,2025-09,CW38,15,P
3748,8203ff1b-04b8-4455-ac42-e55928c99b96,P,CW38,CW38,2025-09-16,2025-09-16,,LN,,2025-11-26 06:51:57.90379+00,7802c383-1ec0-41ae-9739-8ecc2faf327c,Task.xlsx,2025-11-26 06:51:57.90379+00,2025-11-26 06:51:57.90379+00,2025-09-16,2025-09,CW38,16,P
3749,8203ff1b-04b8-4455-ac42-e55928c99b96,P,CW38,CW38,2025-09-17,2025-09-17,,LN,,2025-11-26 06:51:57.90379+00,7802c383-1ec0-41ae-9739-8ecc2faf327c,Task.xlsx,2025-11-26 06:51:57.90379+00,2025-11-26 06:51:57.90379+00,2025-09-17,2025-09,CW38,17,P
3750,8203ff1b-04b8-4455-ac42-e55928c99b96,P,CW38,CW38,2025-09-19,2025-09-19,,LN,,2025-11-26 06:51:57.90379+00,7802c383-1ec0-41ae-9739-8ecc2faf327c,Task.xlsx,2025-11-26 06:51:57.90379+00,2025-11-26 06:51:57.90379+00,2025-09-19,2025-09,CW38,19,P
3751,8203ff1b-04b8-4455-ac42-e55928c99b96,P,CW39,CW39,2025-09-22,2025-09-22,,LN,,2025-11-26 06:51:57.90379+00,7802c383-1ec0-41ae-9739-8ecc2faf327c,Task.xlsx,2025-11-26 06:51:57.90379+00,2025-11-26 06:51:57.90379+00,2025-09-22,2025-09,CW39,22,P
3752,8203ff1b-04b8-4455-ac42-e55928c99b96,P,CW39,CW39,2025-09-23,2025-09-23,,LN,,2025-11-26 06:51:57.90379+00,7802c383-1ec0-41ae-9739-8ecc2faf327c,Task.xlsx,2025-11-26 06:51:57.90379+00,2025-11-26 06:51:57.90379+00,2025-09-23,2025-09,CW39,23,P
3753,8203ff1b-04b8-4455-ac42-e55928c99b96,P,CW39,CW39,2025-09-24,2025-09-24,,LN,,2025-11-26 06:51:57.90379+00,7802c383-1ec0-41ae-9739-8ecc2faf327c,Task.xlsx,2025-11-26 06:51:57.90379+00,2025-11-26 06:51:57.90379+00,2025-09-24,2025-09,CW39,24,P
3754,8203ff1b-04b8-4455-ac42-e55928c99b96,P,CW39,CW39,2025-09-26,2025-09-26,,LN,,2025-11-26 06:51:57.90379+00,7802c383-1ec0-41ae-9739-8ecc2faf327c,Task.xlsx,2025-11-26 06:51:57.90379+00,2025-11-26 06:51:57.90379+00,2025-09-26,2025-09,CW39,26,P
3755,8203ff1b-04b8-4455-ac42-e55928c99b96,M,CW40,CW40,2025-09-29,2025-09-29,,LN,,2025-11-26 06:51:57.90379+00,7802c383-1ec0-41ae-9739-8ecc2faf327c,Task.xlsx,2025-11-26 06:51:57.90379+00,2025-11-26 06:51:57.90379+00,2025-09-29,2025-09,CW40,29,M
3756,8203ff1b-04b8-4455-ac42-e55928c99b96,P,CW41,CW41,2025-10-09,2025-10-09,,LN,,2025-11-26 06:51:57.90379+00,7802c383-1ec0-41ae-9739-8ecc2faf327c,Task.xlsx,2025-11-26 06:51:57.90379+00,2025-11-26 06:51:57.90379+00,2025-10-09,2025-10,CW41,9,P
3757,8203ff1b-04b8-4455-ac42-e55928c99b96,P,CW41,CW41,2025-10-10,2025-10-10,,LN,,2025-11-26 06:51:57.90379+00,7802c383-1ec0-41ae-9739-8ecc2faf327c,Task.xlsx,2025-11-26 06:51:57.90379+00,2025-11-26 06:51:57.90379+00,2025-10-10,2025-10,CW41,10,P
3758,8203ff1b-04b8-4455-ac42-e55928c99b96,P,CW41,CW41,2025-10-11,2025-10-11,,LN,,2025-11-26 06:51:57.90379+00,7802c383-1ec0-41ae-9739-8ecc2faf327c,Task.xlsx,2025-11-26 06:51:57.90379+00,2025-11-26 06:51:57.90379+00,2025-10-11,2025-10,CW41,11,P
3759,8203ff1b-04b8-4455-ac42-e55928c99b96,M,CW42,CW42,2025-10-13,2025-10-13,,ED,,2025-11-26 06:51:57.90379+00,7802c383-1ec0-41ae-9739-8ecc2faf327c,Task.xlsx,2025-11-26 06:51:57.90379+00,2025-11-26 06:51:57.90379+00,2025-10-13,2025-10,CW42,13,M
3760,8203ff1b-04b8-4455-ac42-e55928c99b96,T,CW42,CW42,2025-10-15,2025-10-15,,EA,,2025-11-26 06:51:57.90379+00,7802c383-1ec0-41ae-9739-8ecc2faf327c,Task.xlsx,2025-11-26 06:51:57.90379+00,2025-11-26 06:51:57.90379+00,2025-10-15,2025-10,CW42,15,T
3761,8203ff1b-04b8-4455-ac42-e55928c99b96,T,CW42,CW42,2025-10-16,2025-10-16,,EA,,2025-11-26 06:51:57.90379+00,7802c383-1ec0-41ae-9739-8ecc2faf327c,Task.xlsx,2025-11-26 06:51:57.90379+00,2025-11-26 06:51:57.90379+00,2025-10-16,2025-10,CW42,16,T
3762,8203ff1b-04b8-4455-ac42-e55928c99b96,P,CW42,CW42,2025-10-17,2025-10-17,,LN,,2025-11-26 06:51:57.90379+00,7802c383-1ec0-41ae-9739-8ecc2faf327c,Task.xlsx,2025-11-26 06:51:57.90379+00,2025-11-26 06:51:57.90379+00,2025-10-17,2025-10,CW42,17,P
3763,8203ff1b-04b8-4455-ac42-e55928c99b96,P,CW43,CW43,2025-10-20,2025-10-20,,LN,,2025-11-26 06:51:57.90379+00,7802c383-1ec0-41ae-9739-8ecc2faf327c,Task.xlsx,2025-11-26 06:51:57.90379+00,2025-11-26 06:51:57.90379+00,2025-10-20,2025-10,CW43,20,P
3764,8203ff1b-04b8-4455-ac42-e55928c99b96,P,CW43,CW43,2025-10-21,2025-10-21,,LN,,2025-11-26 06:51:57.90379+00,7802c383-1ec0-41ae-9739-8ecc2faf327c,Task.xlsx,2025-11-26 06:51:57.90379+00,2025-11-26 06:51:57.90379+00,2025-10-21,2025-10,CW43,21,P
3765,8203ff1b-04b8-4455-ac42-e55928c99b96,WS,CW43,CW43,2025-10-22,2025-10-22,,LN,,2025-11-26 06:51:57.90379+00,7802c383-1ec0-41ae-9739-8ecc2faf327c,Task.xlsx,2025-11-26 06:51:57.90379+00,2025-11-26 06:51:57.90379+00,2025-10-22,2025-10,CW43,22,WS
3766,8203ff1b-04b8-4455-ac42-e55928c99b96,P,CW43,CW43,2025-10-23,2025-10-23,,LN,,2025-11-26 06:51:57.90379+00,7802c383-1ec0-41ae-9739-8ecc2faf327c,Task.xlsx,2025-11-26 06:51:57.90379+00,2025-11-26 06:51:57.90379+00,2025-10-23,2025-10,CW43,23,P
3767,8203ff1b-04b8-4455-ac42-e55928c99b96,P,CW43,CW43,2025-10-24,2025-10-24,,LN,,2025-11-26 06:51:57.90379+00,7802c383-1ec0-41ae-9739-8ecc2faf327c,Task.xlsx,2025-11-26 06:51:57.90379+00,2025-11-26 06:51:57.90379+00,2025-10-24,2025-10,CW43,24,P
3768,8203ff1b-04b8-4455-ac42-e55928c99b96,P,CW44,CW44,2025-10-27,2025-10-27,,LN,,2025-11-26 06:51:57.90379+00,7802c383-1ec0-41ae-9739-8ecc2faf327c,Task.xlsx,2025-11-26 06:51:57.90379+00,2025-11-26 06:51:57.90379+00,2025-10-27,2025-10,CW44,27,P
3769,8203ff1b-04b8-4455-ac42-e55928c99b96,P,CW44,CW44,2025-10-28,2025-10-28,,LN,,2025-11-26 06:51:57.90379+00,7802c383-1ec0-41ae-9739-8ecc2faf327c,Task.xlsx,2025-11-26 06:51:57.90379+00,2025-11-26 06:51:57.90379+00,2025-10-28,2025-10,CW44,28,P
3770,8203ff1b-04b8-4455-ac42-e55928c99b96,P,CW44,CW44,2025-10-29,2025-10-29,,LN,,2025-11-26 06:51:57.90379+00,7802c383-1ec0-41ae-9739-8ecc2faf327c,Task.xlsx,2025-11-26 06:51:57.90379+00,2025-11-26 06:51:57.90379+00,2025-10-29,2025-10,CW44,29,P
3771,8203ff1b-04b8-4455-ac42-e55928c99b96,P,CW44,CW44,2025-10-30,2025-10-30,,LN,,2025-11-26 06:51:57.90379+00,7802c383-1ec0-41ae-9739-8ecc2faf327c,Task.xlsx,2025-11-26 06:51:57.90379+00,2025-11-26 06:51:57.90379+00,2025-10-30,2025-10,CW44,30,P
3772,8203ff1b-04b8-4455-ac42-e55928c99b96,P,CW44,CW44,2025-10-31,2025-10-31,,LN,,2025-11-26 06:51:57.90379+00,7802c383-1ec0-41ae-9739-8ecc2faf327c,Task.xlsx,2025-11-26 06:51:57.90379+00,2025-11-26 06:51:57.90379+00,2025-10-31,2025-10,CW44,31,P
3773,8203ff1b-04b8-4455-ac42-e55928c99b96,P,CW45,CW45,2025-11-03,2025-11-03,,LN,,2025-11-26 06:51:57.90379+00,7802c383-1ec0-41ae-9739-8ecc2faf327c,Task.xlsx,2025-11-26 06:51:57.90379+00,2025-11-26 06:51:57.90379+00,2025-11-03,2025-11,CW45,3,P
3774,8203ff1b-04b8-4455-ac42-e55928c99b96,P,CW45,CW45,2025-11-04,2025-11-04,,LN,,2025-11-26 06:51:57.90379+00,7802c383-1ec0-41ae-9739-8ecc2faf327c,Task.xlsx,2025-11-26 06:51:57.90379+00,2025-11-26 06:51:57.90379+00,2025-11-04,2025-11,CW45,4,P
3775,8203ff1b-04b8-4455-ac42-e55928c99b96,P,CW45,CW45,2025-11-05,2025-11-05,,LN,,2025-11-26 06:51:57.90379+00,7802c383-1ec0-41ae-9739-8ecc2faf327c,Task.xlsx,2025-11-26 06:51:57.90379+00,2025-11-26 06:51:57.90379+00,2025-11-05,2025-11,CW45,5,P
3776,8203ff1b-04b8-4455-ac42-e55928c99b96,P,CW45,CW45,2025-11-06,2025-11-06,,LN,,2025-11-26 06:51:57.90379+00,7802c383-1ec0-41ae-9739-8ecc2faf327c,Task.xlsx,2025-11-26 06:51:57.90379+00,2025-11-26 06:51:57.90379+00,2025-11-06,2025-11,CW45,6,P
3777,8203ff1b-04b8-4455-ac42-e55928c99b96,P,CW45,CW45,2025-11-07,2025-11-07,,LN,,2025-11-26 06:51:57.90379+00,7802c383-1ec0-41ae-9739-8ecc2faf327c,Task.xlsx,2025-11-26 06:51:57.90379+00,2025-11-26 06:51:57.90379+00,2025-11-07,2025-11,CW45,7,P
3778,8203ff1b-04b8-4455-ac42-e55928c99b96,P,CW46,CW46,2025-11-10,2025-11-10,,LN,,2025-11-26 06:51:57.90379+00,7802c383-1ec0-41ae-9739-8ecc2faf327c,Task.xlsx,2025-11-26 06:51:57.90379+00,2025-11-26 06:51:57.90379+00,2025-11-10,2025-11,CW46,10,P
3779,8203ff1b-04b8-4455-ac42-e55928c99b96,P,CW46,CW46,2025-11-11,2025-11-11,,LN,,2025-11-26 06:51:57.90379+00,7802c383-1ec0-41ae-9739-8ecc2faf327c,Task.xlsx,2025-11-26 06:51:57.90379+00,2025-11-26 06:51:57.90379+00,2025-11-11,2025-11,CW46,11,P
3780,8203ff1b-04b8-4455-ac42-e55928c99b96,P,CW46,CW46,2025-11-12,2025-11-12,,LN,,2025-11-26 06:51:57.90379+00,7802c383-1ec0-41ae-9739-8ecc2faf327c,Task.xlsx,2025-11-26 06:51:57.90379+00,2025-11-26 06:51:57.90379+00,2025-11-12,2025-11,CW46,12,P
3781,8203ff1b-04b8-4455-ac42-e55928c99b96,P,CW46,CW46,2025-11-13,2025-11-13,,LN,,2025-11-26 06:51:57.90379+00,7802c383-1ec0-41ae-9739-8ecc2faf327c,Task.xlsx,2025-11-26 06:51:57.90379+00,2025-11-26 06:51:57.90379+00,2025-11-13,2025-11,CW46,13,P
3782,8203ff1b-04b8-4455-ac42-e55928c99b96,P,CW46,CW46,2025-11-14,2025-11-14,,LN,,2025-11-26 06:51:57.90379+00,7802c383-1ec0-41ae-9739-8ecc2faf327c,Task.xlsx,2025-11-26 06:51:57.90379+00,2025-11-26 06:51:57.90379+00,2025-11-14,2025-11,CW46,14,P
3783,58dc9e12-c4c5-47dc-b3a2-84da54a8c420,P,CW01,CW01,2025-01-02,2025-01-02,,LC,,2025-11-26 06:51:57.90379+00,7802c383-1ec0-41ae-9739-8ecc2faf327c,Task.xlsx,2025-11-26 06:51:57.90379+00,2025-11-26 06:51:57.90379+00,2025-01-02,2025-01,CW01,2,P
3784,58dc9e12-c4c5-47dc-b3a2-84da54a8c420,P,CW01,CW01,2025-01-03,2025-01-03,,LC,,2025-11-26 06:51:57.90379+00,7802c383-1ec0-41ae-9739-8ecc2faf327c,Task.xlsx,2025-11-26 06:51:57.90379+00,2025-11-26 06:51:57.90379+00,2025-01-03,2025-01,CW01,3,P
3785,58dc9e12-c4c5-47dc-b3a2-84da54a8c420,SW,CW02,CW02,2025-01-06,2025-01-06,,LC,,2025-11-26 06:51:57.90379+00,7802c383-1ec0-41ae-9739-8ecc2faf327c,Task.xlsx,2025-11-26 06:51:57.90379+00,2025-11-26 06:51:57.90379+00,2025-01-06,2025-01,CW02,6,SW
3786,58dc9e12-c4c5-47dc-b3a2-84da54a8c420,SW,CW02,CW02,2025-01-07,2025-01-07,,LC,,2025-11-26 06:51:57.90379+00,7802c383-1ec0-41ae-9739-8ecc2faf327c,Task.xlsx,2025-11-26 06:51:57.90379+00,2025-11-26 06:51:57.90379+00,2025-01-07,2025-01,CW02,7,SW
3787,58dc9e12-c4c5-47dc-b3a2-84da54a8c420,SW,CW02,CW02,2025-01-08,2025-01-08,,LC,,2025-11-26 06:51:57.90379+00,7802c383-1ec0-41ae-9739-8ecc2faf327c,Task.xlsx,2025-11-26 06:51:57.90379+00,2025-11-26 06:51:57.90379+00,2025-01-08,2025-01,CW02,8,SW
3788,58dc9e12-c4c5-47dc-b3a2-84da54a8c420,SW,CW02,CW02,2025-01-09,2025-01-09,,LC,,2025-11-26 06:51:57.90379+00,7802c383-1ec0-41ae-9739-8ecc2faf327c,Task.xlsx,2025-11-26 06:51:57.90379+00,2025-11-26 06:51:57.90379+00,2025-01-09,2025-01,CW02,9,SW
3789,58dc9e12-c4c5-47dc-b3a2-84da54a8c420,SW,CW02,CW02,2025-01-10,2025-01-10,,LC,,2025-11-26 06:51:57.90379+00,7802c383-1ec0-41ae-9739-8ecc2faf327c,Task.xlsx,2025-11-26 06:51:57.90379+00,2025-11-26 06:51:57.90379+00,2025-01-10,2025-01,CW02,10,SW
3790,58dc9e12-c4c5-47dc-b3a2-84da54a8c420,M,CW03,CW03,2025-01-14,2025-01-14,,LC,,2025-11-26 06:51:57.90379+00,7802c383-1ec0-41ae-9739-8ecc2faf327c,Task.xlsx,2025-11-26 06:51:57.90379+00,2025-11-26 06:51:57.90379+00,2025-01-14,2025-01,CW03,14,M
3791,58dc9e12-c4c5-47dc-b3a2-84da54a8c420,P,CW03,CW03,2025-01-15,2025-01-15,,LC,,2025-11-26 06:51:57.90379+00,7802c383-1ec0-41ae-9739-8ecc2faf327c,Task.xlsx,2025-11-26 06:51:57.90379+00,2025-11-26 06:51:57.90379+00,2025-01-15,2025-01,CW03,15,P
3792,58dc9e12-c4c5-47dc-b3a2-84da54a8c420,C,CW03,CW03,2025-01-17,2025-01-17,,LC,,2025-11-26 06:51:57.90379+00,7802c383-1ec0-41ae-9739-8ecc2faf327c,Task.xlsx,2025-11-26 06:51:57.90379+00,2025-11-26 06:51:57.90379+00,2025-01-17,2025-01,CW03,17,C
3793,58dc9e12-c4c5-47dc-b3a2-84da54a8c420,SW,CW04,CW04,2025-01-20,2025-01-20,,LC,,2025-11-26 06:51:57.90379+00,7802c383-1ec0-41ae-9739-8ecc2faf327c,Task.xlsx,2025-11-26 06:51:57.90379+00,2025-11-26 06:51:57.90379+00,2025-01-20,2025-01,CW04,20,SW
3794,58dc9e12-c4c5-47dc-b3a2-84da54a8c420,SW,CW04,CW04,2025-01-21,2025-01-21,,LC,,2025-11-26 06:51:57.90379+00,7802c383-1ec0-41ae-9739-8ecc2faf327c,Task.xlsx,2025-11-26 06:51:57.90379+00,2025-11-26 06:51:57.90379+00,2025-01-21,2025-01,CW04,21,SW
3795,58dc9e12-c4c5-47dc-b3a2-84da54a8c420,SW,CW04,CW04,2025-01-22,2025-01-22,,LC,,2025-11-26 06:51:57.90379+00,7802c383-1ec0-41ae-9739-8ecc2faf327c,Task.xlsx,2025-11-26 06:51:57.90379+00,2025-11-26 06:51:57.90379+00,2025-01-22,2025-01,CW04,22,SW
3796,58dc9e12-c4c5-47dc-b3a2-84da54a8c420,C,CW04,CW04,2025-01-23,2025-01-23,,RC,,2025-11-26 06:51:57.90379+00,7802c383-1ec0-41ae-9739-8ecc2faf327c,Task.xlsx,2025-11-26 06:51:57.90379+00,2025-11-26 06:51:57.90379+00,2025-01-23,2025-01,CW04,23,C
3797,58dc9e12-c4c5-47dc-b3a2-84da54a8c420,SW,CW07,CW07,2025-02-10,2025-02-10,,LC,,2025-11-26 06:51:57.90379+00,7802c383-1ec0-41ae-9739-8ecc2faf327c,Task.xlsx,2025-11-26 06:51:57.90379+00,2025-11-26 06:51:57.90379+00,2025-02-10,2025-02,CW07,10,SW
3798,58dc9e12-c4c5-47dc-b3a2-84da54a8c420,SW,CW07,CW07,2025-02-11,2025-02-11,,LC,,2025-11-26 06:51:57.90379+00,7802c383-1ec0-41ae-9739-8ecc2faf327c,Task.xlsx,2025-11-26 06:51:57.90379+00,2025-11-26 06:51:57.90379+00,2025-02-11,2025-02,CW07,11,SW
3799,58dc9e12-c4c5-47dc-b3a2-84da54a8c420,SW,CW07,CW07,2025-02-12,2025-02-12,,LC,,2025-11-26 06:51:57.90379+00,7802c383-1ec0-41ae-9739-8ecc2faf327c,Task.xlsx,2025-11-26 06:51:57.90379+00,2025-11-26 06:51:57.90379+00,2025-02-12,2025-02,CW07,12,SW
3800,58dc9e12-c4c5-47dc-b3a2-84da54a8c420,SW,CW07,CW07,2025-02-13,2025-02-13,,LC,,2025-11-26 06:51:57.90379+00,7802c383-1ec0-41ae-9739-8ecc2faf327c,Task.xlsx,2025-11-26 06:51:57.90379+00,2025-11-26 06:51:57.90379+00,2025-02-13,2025-02,CW07,13,SW
3801,58dc9e12-c4c5-47dc-b3a2-84da54a8c420,SW,CW07,CW07,2025-02-14,2025-02-14,,LC,,2025-11-26 06:51:57.90379+00,7802c383-1ec0-41ae-9739-8ecc2faf327c,Task.xlsx,2025-11-26 06:51:57.90379+00,2025-11-26 06:51:57.90379+00,2025-02-14,2025-02,CW07,14,SW
3802,58dc9e12-c4c5-47dc-b3a2-84da54a8c420,SW,CW08,CW08,2025-02-17,2025-02-17,,LC,,2025-11-26 06:51:57.90379+00,7802c383-1ec0-41ae-9739-8ecc2faf327c,Task.xlsx,2025-11-26 06:51:57.90379+00,2025-11-26 06:51:57.90379+00,2025-02-17,2025-02,CW08,17,SW
3803,58dc9e12-c4c5-47dc-b3a2-84da54a8c420,SW,CW08,CW08,2025-02-18,2025-02-18,,LC,,2025-11-26 06:51:57.90379+00,7802c383-1ec0-41ae-9739-8ecc2faf327c,Task.xlsx,2025-11-26 06:51:57.90379+00,2025-11-26 06:51:57.90379+00,2025-02-18,2025-02,CW08,18,SW
3804,58dc9e12-c4c5-47dc-b3a2-84da54a8c420,SW,CW08,CW08,2025-02-19,2025-02-19,,LC,,2025-11-26 06:51:57.90379+00,7802c383-1ec0-41ae-9739-8ecc2faf327c,Task.xlsx,2025-11-26 06:51:57.90379+00,2025-11-26 06:51:57.90379+00,2025-02-19,2025-02,CW08,19,SW
3805,58dc9e12-c4c5-47dc-b3a2-84da54a8c420,SW,CW08,CW08,2025-02-20,2025-02-20,,LC,,2025-11-26 06:51:57.90379+00,7802c383-1ec0-41ae-9739-8ecc2faf327c,Task.xlsx,2025-11-26 06:51:57.90379+00,2025-11-26 06:51:57.90379+00,2025-02-20,2025-02,CW08,20,SW
3806,58dc9e12-c4c5-47dc-b3a2-84da54a8c420,SW,CW08,CW08,2025-02-21,2025-02-21,,LC,,2025-11-26 06:51:57.90379+00,7802c383-1ec0-41ae-9739-8ecc2faf327c,Task.xlsx,2025-11-26 06:51:57.90379+00,2025-11-26 06:51:57.90379+00,2025-02-21,2025-02,CW08,21,SW
3807,58dc9e12-c4c5-47dc-b3a2-84da54a8c420,M,CW09,CW09,2025-02-25,2025-02-25,,LC,,2025-11-26 06:51:57.90379+00,7802c383-1ec0-41ae-9739-8ecc2faf327c,Task.xlsx,2025-11-26 06:51:57.90379+00,2025-11-26 06:51:57.90379+00,2025-02-25,2025-02,CW09,25,M
3808,58dc9e12-c4c5-47dc-b3a2-84da54a8c420,M,CW09,CW09,2025-02-26,2025-02-26,,LC,,2025-11-26 06:51:57.90379+00,7802c383-1ec0-41ae-9739-8ecc2faf327c,Task.xlsx,2025-11-26 06:51:57.90379+00,2025-11-26 06:51:57.90379+00,2025-02-26,2025-02,CW09,26,M
3809,58dc9e12-c4c5-47dc-b3a2-84da54a8c420,T,CW10,CW10,2025-03-05,2025-03-05,,LC,,2025-11-26 06:51:57.90379+00,7802c383-1ec0-41ae-9739-8ecc2faf327c,Task.xlsx,2025-11-26 06:51:57.90379+00,2025-11-26 06:51:57.90379+00,2025-03-05,2025-03,CW10,5,T
3810,58dc9e12-c4c5-47dc-b3a2-84da54a8c420,T,CW10,CW10,2025-03-06,2025-03-06,,LC,,2025-11-26 06:51:57.90379+00,7802c383-1ec0-41ae-9739-8ecc2faf327c,Task.xlsx,2025-11-26 06:51:57.90379+00,2025-11-26 06:51:57.90379+00,2025-03-06,2025-03,CW10,6,T
3811,58dc9e12-c4c5-47dc-b3a2-84da54a8c420,T,CW10,CW10,2025-03-07,2025-03-07,,LC,,2025-11-26 06:51:57.90379+00,7802c383-1ec0-41ae-9739-8ecc2faf327c,Task.xlsx,2025-11-26 06:51:57.90379+00,2025-11-26 06:51:57.90379+00,2025-03-07,2025-03,CW10,7,T
3812,58dc9e12-c4c5-47dc-b3a2-84da54a8c420,T,CW11,CW11,2025-03-12,2025-03-12,,LC,,2025-11-26 06:51:57.90379+00,7802c383-1ec0-41ae-9739-8ecc2faf327c,Task.xlsx,2025-11-26 06:51:57.90379+00,2025-11-26 06:51:57.90379+00,2025-03-12,2025-03,CW11,12,T
3813,58dc9e12-c4c5-47dc-b3a2-84da54a8c420,C,CW13,CW13,2025-03-24,2025-03-24,,CG,,2025-11-26 06:51:57.90379+00,7802c383-1ec0-41ae-9739-8ecc2faf327c,Task.xlsx,2025-11-26 06:51:57.90379+00,2025-11-26 06:51:57.90379+00,2025-03-24,2025-03,CW13,24,C
3814,58dc9e12-c4c5-47dc-b3a2-84da54a8c420,C,CW13,CW13,2025-03-25,2025-03-25,,CG,,2025-11-26 06:51:57.90379+00,7802c383-1ec0-41ae-9739-8ecc2faf327c,Task.xlsx,2025-11-26 06:51:57.90379+00,2025-11-26 06:51:57.90379+00,2025-03-25,2025-03,CW13,25,C
3815,58dc9e12-c4c5-47dc-b3a2-84da54a8c420,C,CW13,CW13,2025-03-26,2025-03-26,,CG,,2025-11-26 06:51:57.90379+00,7802c383-1ec0-41ae-9739-8ecc2faf327c,Task.xlsx,2025-11-26 06:51:57.90379+00,2025-11-26 06:51:57.90379+00,2025-03-26,2025-03,CW13,26,C
3816,58dc9e12-c4c5-47dc-b3a2-84da54a8c420,C,CW13,CW13,2025-03-28,2025-03-28,,CG,,2025-11-26 06:51:57.90379+00,7802c383-1ec0-41ae-9739-8ecc2faf327c,Task.xlsx,2025-11-26 06:51:57.90379+00,2025-11-26 06:51:57.90379+00,2025-03-28,2025-03,CW13,28,C
3817,58dc9e12-c4c5-47dc-b3a2-84da54a8c420,WS,CW14,CW14,2025-04-01,2025-04-01,,LC,,2025-11-26 06:51:57.90379+00,7802c383-1ec0-41ae-9739-8ecc2faf327c,Task.xlsx,2025-11-26 06:51:57.90379+00,2025-11-26 06:51:57.90379+00,2025-04-01,2025-04,CW14,1,WS
3818,58dc9e12-c4c5-47dc-b3a2-84da54a8c420,T,CW15,CW15,2025-04-10,2025-04-10,,CL,,2025-11-26 06:51:57.90379+00,7802c383-1ec0-41ae-9739-8ecc2faf327c,Task.xlsx,2025-11-26 06:51:57.90379+00,2025-11-26 06:51:57.90379+00,2025-04-10,2025-04,CW15,10,T
3819,58dc9e12-c4c5-47dc-b3a2-84da54a8c420,WS,CW16,CW16,2025-04-14,2025-04-14,LLD,LC,,2025-11-26 06:51:57.90379+00,7802c383-1ec0-41ae-9739-8ecc2faf327c,Task.xlsx,2025-11-26 06:51:57.90379+00,2025-11-26 06:51:57.90379+00,2025-04-14,2025-04,CW16,14,WS
3820,58dc9e12-c4c5-47dc-b3a2-84da54a8c420,WS,CW16,CW16,2025-04-15,2025-04-15,,LC,,2025-11-26 06:51:57.90379+00,7802c383-1ec0-41ae-9739-8ecc2faf327c,Task.xlsx,2025-11-26 06:51:57.90379+00,2025-11-26 06:51:57.90379+00,2025-04-15,2025-04,CW16,15,WS
3821,58dc9e12-c4c5-47dc-b3a2-84da54a8c420,WS,CW16,CW16,2025-04-16,2025-04-16,,LC,,2025-11-26 06:51:57.90379+00,7802c383-1ec0-41ae-9739-8ecc2faf327c,Task.xlsx,2025-11-26 06:51:57.90379+00,2025-11-26 06:51:57.90379+00,2025-04-16,2025-04,CW16,16,WS
3822,58dc9e12-c4c5-47dc-b3a2-84da54a8c420,WS,CW16,CW16,2025-04-17,2025-04-17,,LC,,2025-11-26 06:51:57.90379+00,7802c383-1ec0-41ae-9739-8ecc2faf327c,Task.xlsx,2025-11-26 06:51:57.90379+00,2025-11-26 06:51:57.90379+00,2025-04-17,2025-04,CW16,17,WS
3823,58dc9e12-c4c5-47dc-b3a2-84da54a8c420,WS,CW16,CW16,2025-04-18,2025-04-18,,LC,,2025-11-26 06:51:57.90379+00,7802c383-1ec0-41ae-9739-8ecc2faf327c,Task.xlsx,2025-11-26 06:51:57.90379+00,2025-11-26 06:51:57.90379+00,2025-04-18,2025-04,CW16,18,WS
3824,58dc9e12-c4c5-47dc-b3a2-84da54a8c420,WS,CW17,CW17,2025-04-21,2025-04-21,,LC,,2025-11-26 06:51:57.90379+00,7802c383-1ec0-41ae-9739-8ecc2faf327c,Task.xlsx,2025-11-26 06:51:57.90379+00,2025-11-26 06:51:57.90379+00,2025-04-21,2025-04,CW17,21,WS
3825,58dc9e12-c4c5-47dc-b3a2-84da54a8c420,T,CW17,CW17,2025-04-23,2025-04-23,WAS,LC,,2025-11-26 06:51:57.90379+00,7802c383-1ec0-41ae-9739-8ecc2faf327c,Task.xlsx,2025-11-26 06:51:57.90379+00,2025-11-26 06:51:57.90379+00,2025-04-23,2025-04,CW17,23,T
3826,58dc9e12-c4c5-47dc-b3a2-84da54a8c420,T,CW17,CW17,2025-04-24,2025-04-24,,LC,,2025-11-26 06:51:57.90379+00,7802c383-1ec0-41ae-9739-8ecc2faf327c,Task.xlsx,2025-11-26 06:51:57.90379+00,2025-11-26 06:51:57.90379+00,2025-04-24,2025-04,CW17,24,T
3827,58dc9e12-c4c5-47dc-b3a2-84da54a8c420,T,CW17,CW17,2025-04-25,2025-04-25,,LC,,2025-11-26 06:51:57.90379+00,7802c383-1ec0-41ae-9739-8ecc2faf327c,Task.xlsx,2025-11-26 06:51:57.90379+00,2025-11-26 06:51:57.90379+00,2025-04-25,2025-04,CW17,25,T
3828,58dc9e12-c4c5-47dc-b3a2-84da54a8c420,P,CW17,CW17,2025-04-27,2025-04-27,,LC,,2025-11-26 06:51:57.90379+00,7802c383-1ec0-41ae-9739-8ecc2faf327c,Task.xlsx,2025-11-26 06:51:57.90379+00,2025-11-26 06:51:57.90379+00,2025-04-27,2025-04,CW17,27,P
3829,58dc9e12-c4c5-47dc-b3a2-84da54a8c420,P,CW18,CW18,2025-04-28,2025-04-28,,LC,,2025-11-26 06:51:57.90379+00,7802c383-1ec0-41ae-9739-8ecc2faf327c,Task.xlsx,2025-11-26 06:51:57.90379+00,2025-11-26 06:51:57.90379+00,2025-04-28,2025-04,CW18,28,P
3830,58dc9e12-c4c5-47dc-b3a2-84da54a8c420,P,CW18,CW18,2025-04-29,2025-04-29,,LC,,2025-11-26 06:51:57.90379+00,7802c383-1ec0-41ae-9739-8ecc2faf327c,Task.xlsx,2025-11-26 06:51:57.90379+00,2025-11-26 06:51:57.90379+00,2025-04-29,2025-04,CW18,29,P
3831,58dc9e12-c4c5-47dc-b3a2-84da54a8c420,P,CW18,CW18,2025-04-30,2025-04-30,,LC,,2025-11-26 06:51:57.90379+00,7802c383-1ec0-41ae-9739-8ecc2faf327c,Task.xlsx,2025-11-26 06:51:57.90379+00,2025-11-26 06:51:57.90379+00,2025-04-30,2025-04,CW18,30,P
3832,58dc9e12-c4c5-47dc-b3a2-84da54a8c420,T,CW20,CW20,2025-05-12,2025-05-12,WAS,LC,,2025-11-26 06:51:57.90379+00,7802c383-1ec0-41ae-9739-8ecc2faf327c,Task.xlsx,2025-11-26 06:51:57.90379+00,2025-11-26 06:51:57.90379+00,2025-05-12,2025-05,CW20,12,T
3833,58dc9e12-c4c5-47dc-b3a2-84da54a8c420,T,CW20,CW20,2025-05-13,2025-05-13,,LC,,2025-11-26 06:51:57.90379+00,7802c383-1ec0-41ae-9739-8ecc2faf327c,Task.xlsx,2025-11-26 06:51:57.90379+00,2025-11-26 06:51:57.90379+00,2025-05-13,2025-05,CW20,13,T
3834,58dc9e12-c4c5-47dc-b3a2-84da54a8c420,T,CW20,CW20,2025-05-14,2025-05-14,,LC,,2025-11-26 06:51:57.90379+00,7802c383-1ec0-41ae-9739-8ecc2faf327c,Task.xlsx,2025-11-26 06:51:57.90379+00,2025-11-26 06:51:57.90379+00,2025-05-14,2025-05,CW20,14,T
3835,58dc9e12-c4c5-47dc-b3a2-84da54a8c420,SW,CW21,CW21,2025-05-19,2025-05-19,SCh_LS,SCh,,2025-11-26 06:51:57.90379+00,7802c383-1ec0-41ae-9739-8ecc2faf327c,Task.xlsx,2025-11-26 06:51:57.90379+00,2025-11-26 06:51:57.90379+00,2025-05-19,2025-05,CW21,19,SW
3836,58dc9e12-c4c5-47dc-b3a2-84da54a8c420,SW,CW21,CW21,2025-05-20,2025-05-20,,SCh,,2025-11-26 06:51:57.90379+00,7802c383-1ec0-41ae-9739-8ecc2faf327c,Task.xlsx,2025-11-26 06:51:57.90379+00,2025-11-26 06:51:57.90379+00,2025-05-20,2025-05,CW21,20,SW
3837,58dc9e12-c4c5-47dc-b3a2-84da54a8c420,SW,CW21,CW21,2025-05-21,2025-05-21,,SCh,,2025-11-26 06:51:57.90379+00,7802c383-1ec0-41ae-9739-8ecc2faf327c,Task.xlsx,2025-11-26 06:51:57.90379+00,2025-11-26 06:51:57.90379+00,2025-05-21,2025-05,CW21,21,SW
3838,58dc9e12-c4c5-47dc-b3a2-84da54a8c420,SW,CW21,CW21,2025-05-22,2025-05-22,,SCh,,2025-11-26 06:51:57.90379+00,7802c383-1ec0-41ae-9739-8ecc2faf327c,Task.xlsx,2025-11-26 06:51:57.90379+00,2025-11-26 06:51:57.90379+00,2025-05-22,2025-05,CW21,22,SW
3839,58dc9e12-c4c5-47dc-b3a2-84da54a8c420,SW,CW21,CW21,2025-05-23,2025-05-23,,SCh,,2025-11-26 06:51:57.90379+00,7802c383-1ec0-41ae-9739-8ecc2faf327c,Task.xlsx,2025-11-26 06:51:57.90379+00,2025-11-26 06:51:57.90379+00,2025-05-23,2025-05,CW21,23,SW
3840,58dc9e12-c4c5-47dc-b3a2-84da54a8c420,WS,CW24,CW24,2025-06-09,2025-06-09,Boot Camp,EA,,2025-11-26 06:51:57.90379+00,7802c383-1ec0-41ae-9739-8ecc2faf327c,Task.xlsx,2025-11-26 06:51:57.90379+00,2025-11-26 06:51:57.90379+00,2025-06-09,2025-06,CW24,9,WS
3841,58dc9e12-c4c5-47dc-b3a2-84da54a8c420,WS,CW24,CW24,2025-06-10,2025-06-10,,HA,,2025-11-26 06:51:57.90379+00,7802c383-1ec0-41ae-9739-8ecc2faf327c,Task.xlsx,2025-11-26 06:51:57.90379+00,2025-11-26 06:51:57.90379+00,2025-06-10,2025-06,CW24,10,WS
3842,58dc9e12-c4c5-47dc-b3a2-84da54a8c420,T,CW25,CW25,2025-06-20,2025-06-20,AM,LC,,2025-11-26 06:51:57.90379+00,7802c383-1ec0-41ae-9739-8ecc2faf327c,Task.xlsx,2025-11-26 06:51:57.90379+00,2025-11-26 06:51:57.90379+00,2025-06-20,2025-06,CW25,20,T
3843,58dc9e12-c4c5-47dc-b3a2-84da54a8c420,M,CW26,CW26,2025-06-25,2025-06-25,CIP focuse topic,LC,,2025-11-26 06:51:57.90379+00,7802c383-1ec0-41ae-9739-8ecc2faf327c,Task.xlsx,2025-11-26 06:51:57.90379+00,2025-11-26 06:51:57.90379+00,2025-06-25,2025-06,CW26,25,M
3844,58dc9e12-c4c5-47dc-b3a2-84da54a8c420,M,CW26,CW26,2025-06-26,2025-06-26,,LN,,2025-11-26 06:51:57.90379+00,7802c383-1ec0-41ae-9739-8ecc2faf327c,Task.xlsx,2025-11-26 06:51:57.90379+00,2025-11-26 06:51:57.90379+00,2025-06-26,2025-06,CW26,26,M
3845,58dc9e12-c4c5-47dc-b3a2-84da54a8c420,WS,CW26,CW26,2025-06-27,2025-06-27,CIP,LC,,2025-11-26 06:51:57.90379+00,7802c383-1ec0-41ae-9739-8ecc2faf327c,Task.xlsx,2025-11-26 06:51:57.90379+00,2025-11-26 06:51:57.90379+00,2025-06-27,2025-06,CW26,27,WS
3846,58dc9e12-c4c5-47dc-b3a2-84da54a8c420,WS,CW27,CW27,2025-06-30,2025-06-30,CP Line PGL,LC,,2025-11-26 06:51:57.90379+00,7802c383-1ec0-41ae-9739-8ecc2faf327c,Task.xlsx,2025-11-26 06:51:57.90379+00,2025-11-26 06:51:57.90379+00,2025-06-30,2025-06,CW27,30,WS
3847,58dc9e12-c4c5-47dc-b3a2-84da54a8c420,WS,CW27,CW27,2025-07-01,2025-07-01,,LC,,2025-11-26 06:51:57.90379+00,7802c383-1ec0-41ae-9739-8ecc2faf327c,Task.xlsx,2025-11-26 06:51:57.90379+00,2025-11-26 06:51:57.90379+00,2025-07-01,2025-07,CW27,1,WS
3848,58dc9e12-c4c5-47dc-b3a2-84da54a8c420,WS,CW27,CW27,2025-07-02,2025-07-02,,LC,,2025-11-26 06:51:57.90379+00,7802c383-1ec0-41ae-9739-8ecc2faf327c,Task.xlsx,2025-11-26 06:51:57.90379+00,2025-11-26 06:51:57.90379+00,2025-07-02,2025-07,CW27,2,WS
3849,58dc9e12-c4c5-47dc-b3a2-84da54a8c420,T,CW27,CW27,2025-07-03,2025-07-03,WAS,SCh,,2025-11-26 06:51:57.90379+00,7802c383-1ec0-41ae-9739-8ecc2faf327c,Task.xlsx,2025-11-26 06:51:57.90379+00,2025-11-26 06:51:57.90379+00,2025-07-03,2025-07,CW27,3,T
3850,58dc9e12-c4c5-47dc-b3a2-84da54a8c420,T,CW27,CW27,2025-07-04,2025-07-04,,SCh,,2025-11-26 06:51:57.90379+00,7802c383-1ec0-41ae-9739-8ecc2faf327c,Task.xlsx,2025-11-26 06:51:57.90379+00,2025-11-26 06:51:57.90379+00,2025-07-04,2025-07,CW27,4,T
3851,58dc9e12-c4c5-47dc-b3a2-84da54a8c420,M,CW28,CW28,2025-07-07,2025-07-07,Essentials,LC,,2025-11-26 06:51:57.90379+00,7802c383-1ec0-41ae-9739-8ecc2faf327c,Task.xlsx,2025-11-26 06:51:57.90379+00,2025-11-26 06:51:57.90379+00,2025-07-07,2025-07,CW28,7,M
3852,58dc9e12-c4c5-47dc-b3a2-84da54a8c420,M,CW28,CW28,2025-07-08,2025-07-08,,LC,,2025-11-26 06:51:57.90379+00,7802c383-1ec0-41ae-9739-8ecc2faf327c,Task.xlsx,2025-11-26 06:51:57.90379+00,2025-11-26 06:51:57.90379+00,2025-07-08,2025-07,CW28,8,M
3853,58dc9e12-c4c5-47dc-b3a2-84da54a8c420,WS,CW29,CW29,2025-07-15,2025-07-15,,LC,,2025-11-26 06:51:57.90379+00,7802c383-1ec0-41ae-9739-8ecc2faf327c,Task.xlsx,2025-11-26 06:51:57.90379+00,2025-11-26 06:51:57.90379+00,2025-07-15,2025-07,CW29,15,WS
3854,58dc9e12-c4c5-47dc-b3a2-84da54a8c420,P,CW30,CW30,2025-07-22,2025-07-22,,LC,,2025-11-26 06:51:57.90379+00,7802c383-1ec0-41ae-9739-8ecc2faf327c,Task.xlsx,2025-11-26 06:51:57.90379+00,2025-11-26 06:51:57.90379+00,2025-07-22,2025-07,CW30,22,P
3855,58dc9e12-c4c5-47dc-b3a2-84da54a8c420,M,CW30,CW30,2025-07-24,2025-07-24,FI,LN,,2025-11-26 06:51:57.90379+00,7802c383-1ec0-41ae-9739-8ecc2faf327c,Task.xlsx,2025-11-26 06:51:57.90379+00,2025-11-26 06:51:57.90379+00,2025-07-24,2025-07,CW30,24,M
3856,58dc9e12-c4c5-47dc-b3a2-84da54a8c420,T,CW30,CW30,2025-07-25,2025-07-25,AM,DC,,2025-11-26 06:51:57.90379+00,7802c383-1ec0-41ae-9739-8ecc2faf327c,Task.xlsx,2025-11-26 06:51:57.90379+00,2025-11-26 06:51:57.90379+00,2025-07-25,2025-07,CW30,25,T
3857,58dc9e12-c4c5-47dc-b3a2-84da54a8c420,T,CW31,CW31,2025-07-29,2025-07-29,WAS,DC,,2025-11-26 06:51:57.90379+00,7802c383-1ec0-41ae-9739-8ecc2faf327c,Task.xlsx,2025-11-26 06:51:57.90379+00,2025-11-26 06:51:57.90379+00,2025-07-29,2025-07,CW31,29,T
3858,58dc9e12-c4c5-47dc-b3a2-84da54a8c420,T,CW31,CW31,2025-07-30,2025-07-30,,DC,,2025-11-26 06:51:57.90379+00,7802c383-1ec0-41ae-9739-8ecc2faf327c,Task.xlsx,2025-11-26 06:51:57.90379+00,2025-11-26 06:51:57.90379+00,2025-07-30,2025-07,CW31,30,T
3859,58dc9e12-c4c5-47dc-b3a2-84da54a8c420,T,CW31,CW31,2025-07-31,2025-07-31,,DC,,2025-11-26 06:51:57.90379+00,7802c383-1ec0-41ae-9739-8ecc2faf327c,Task.xlsx,2025-11-26 06:51:57.90379+00,2025-11-26 06:51:57.90379+00,2025-07-31,2025-07,CW31,31,T
3860,58dc9e12-c4c5-47dc-b3a2-84da54a8c420,T,CW31,CW31,2025-08-01,2025-08-01,,DC,,2025-11-26 06:51:57.90379+00,7802c383-1ec0-41ae-9739-8ecc2faf327c,Task.xlsx,2025-11-26 06:51:57.90379+00,2025-11-26 06:51:57.90379+00,2025-08-01,2025-08,CW31,1,T
3861,58dc9e12-c4c5-47dc-b3a2-84da54a8c420,M,CW32,CW32,2025-08-04,2025-08-04,MET,SCH,,2025-11-26 06:51:57.90379+00,7802c383-1ec0-41ae-9739-8ecc2faf327c,Task.xlsx,2025-11-26 06:51:57.90379+00,2025-11-26 06:51:57.90379+00,2025-08-04,2025-08,CW32,4,M
3862,58dc9e12-c4c5-47dc-b3a2-84da54a8c420,SW,CW32,CW32,2025-08-05,2025-08-05,,LC,,2025-11-26 06:51:57.90379+00,7802c383-1ec0-41ae-9739-8ecc2faf327c,Task.xlsx,2025-11-26 06:51:57.90379+00,2025-11-26 06:51:57.90379+00,2025-08-05,2025-08,CW32,5,SW
3863,58dc9e12-c4c5-47dc-b3a2-84da54a8c420,SW,CW32,CW32,2025-08-06,2025-08-06,,LC,,2025-11-26 06:51:57.90379+00,7802c383-1ec0-41ae-9739-8ecc2faf327c,Task.xlsx,2025-11-26 06:51:57.90379+00,2025-11-26 06:51:57.90379+00,2025-08-06,2025-08,CW32,6,SW
3864,58dc9e12-c4c5-47dc-b3a2-84da54a8c420,SW,CW32,CW32,2025-08-07,2025-08-07,,LC,,2025-11-26 06:51:57.90379+00,7802c383-1ec0-41ae-9739-8ecc2faf327c,Task.xlsx,2025-11-26 06:51:57.90379+00,2025-11-26 06:51:57.90379+00,2025-08-07,2025-08,CW32,7,SW
3865,58dc9e12-c4c5-47dc-b3a2-84da54a8c420,SW,CW32,CW32,2025-08-08,2025-08-08,,LC,,2025-11-26 06:51:57.90379+00,7802c383-1ec0-41ae-9739-8ecc2faf327c,Task.xlsx,2025-11-26 06:51:57.90379+00,2025-11-26 06:51:57.90379+00,2025-08-08,2025-08,CW32,8,SW
3866,58dc9e12-c4c5-47dc-b3a2-84da54a8c420,M,CW33,CW33,2025-08-11,2025-08-11,MET 2nd round,,,2025-11-26 06:51:57.90379+00,7802c383-1ec0-41ae-9739-8ecc2faf327c,Task.xlsx,2025-11-26 06:51:57.90379+00,2025-11-26 06:51:57.90379+00,2025-08-11,2025-08,CW33,11,M
3867,58dc9e12-c4c5-47dc-b3a2-84da54a8c420,M,CW33,CW33,2025-08-12,2025-08-12,,,,2025-11-26 06:51:57.90379+00,7802c383-1ec0-41ae-9739-8ecc2faf327c,Task.xlsx,2025-11-26 06:51:57.90379+00,2025-11-26 06:51:57.90379+00,2025-08-12,2025-08,CW33,12,M
3868,58dc9e12-c4c5-47dc-b3a2-84da54a8c420,M,CW33,CW33,2025-08-13,2025-08-13,,,,2025-11-26 06:51:57.90379+00,7802c383-1ec0-41ae-9739-8ecc2faf327c,Task.xlsx,2025-11-26 06:51:57.90379+00,2025-11-26 06:51:57.90379+00,2025-08-13,2025-08,CW33,13,M
3869,58dc9e12-c4c5-47dc-b3a2-84da54a8c420,M,CW33,CW33,2025-08-14,2025-08-14,,,,2025-11-26 06:51:57.90379+00,7802c383-1ec0-41ae-9739-8ecc2faf327c,Task.xlsx,2025-11-26 06:51:57.90379+00,2025-11-26 06:51:57.90379+00,2025-08-14,2025-08,CW33,14,M
3870,58dc9e12-c4c5-47dc-b3a2-84da54a8c420,M,CW33,CW33,2025-08-15,2025-08-15,,,,2025-11-26 06:51:57.90379+00,7802c383-1ec0-41ae-9739-8ecc2faf327c,Task.xlsx,2025-11-26 06:51:57.90379+00,2025-11-26 06:51:57.90379+00,2025-08-15,2025-08,CW33,15,M
3871,58dc9e12-c4c5-47dc-b3a2-84da54a8c420,SW,CW35,CW35,2025-08-25,2025-08-25,,LC,,2025-11-26 06:51:57.90379+00,7802c383-1ec0-41ae-9739-8ecc2faf327c,Task.xlsx,2025-11-26 06:51:57.90379+00,2025-11-26 06:51:57.90379+00,2025-08-25,2025-08,CW35,25,SW
3872,58dc9e12-c4c5-47dc-b3a2-84da54a8c420,SW,CW35,CW35,2025-08-26,2025-08-26,,LC,,2025-11-26 06:51:57.90379+00,7802c383-1ec0-41ae-9739-8ecc2faf327c,Task.xlsx,2025-11-26 06:51:57.90379+00,2025-11-26 06:51:57.90379+00,2025-08-26,2025-08,CW35,26,SW
3873,58dc9e12-c4c5-47dc-b3a2-84da54a8c420,SW,CW35,CW35,2025-08-27,2025-08-27,,LC,,2025-11-26 06:51:57.90379+00,7802c383-1ec0-41ae-9739-8ecc2faf327c,Task.xlsx,2025-11-26 06:51:57.90379+00,2025-11-26 06:51:57.90379+00,2025-08-27,2025-08,CW35,27,SW
3874,58dc9e12-c4c5-47dc-b3a2-84da54a8c420,SW,CW35,CW35,2025-08-28,2025-08-28,,LC,,2025-11-26 06:51:57.90379+00,7802c383-1ec0-41ae-9739-8ecc2faf327c,Task.xlsx,2025-11-26 06:51:57.90379+00,2025-11-26 06:51:57.90379+00,2025-08-28,2025-08,CW35,28,SW
3875,58dc9e12-c4c5-47dc-b3a2-84da54a8c420,T,CW36,CW36,2025-09-01,2025-09-01,TPM,EA,,2025-11-26 06:51:57.90379+00,7802c383-1ec0-41ae-9739-8ecc2faf327c,Task.xlsx,2025-11-26 06:51:57.90379+00,2025-11-26 06:51:57.90379+00,2025-09-01,2025-09,CW36,1,T
3876,58dc9e12-c4c5-47dc-b3a2-84da54a8c420,WS,CW36,CW36,2025-09-02,2025-09-02,Bootcamp,LN,,2025-11-26 06:51:57.90379+00,7802c383-1ec0-41ae-9739-8ecc2faf327c,Task.xlsx,2025-11-26 06:51:57.90379+00,2025-11-26 06:51:57.90379+00,2025-09-02,2025-09,CW36,2,WS
3877,58dc9e12-c4c5-47dc-b3a2-84da54a8c420,P,CW37,CW37,2025-09-08,2025-09-08,Kyoben,LC,,2025-11-26 06:51:57.90379+00,7802c383-1ec0-41ae-9739-8ecc2faf327c,Task.xlsx,2025-11-26 06:51:57.90379+00,2025-11-26 06:51:57.90379+00,2025-09-08,2025-09,CW37,8,P
3878,58dc9e12-c4c5-47dc-b3a2-84da54a8c420,P,CW37,CW37,2025-09-09,2025-09-09,,LC,,2025-11-26 06:51:57.90379+00,7802c383-1ec0-41ae-9739-8ecc2faf327c,Task.xlsx,2025-11-26 06:51:57.90379+00,2025-11-26 06:51:57.90379+00,2025-09-09,2025-09,CW37,9,P
3879,58dc9e12-c4c5-47dc-b3a2-84da54a8c420,P,CW37,CW37,2025-09-10,2025-09-10,,LC,,2025-11-26 06:51:57.90379+00,7802c383-1ec0-41ae-9739-8ecc2faf327c,Task.xlsx,2025-11-26 06:51:57.90379+00,2025-11-26 06:51:57.90379+00,2025-09-10,2025-09,CW37,10,P
3880,58dc9e12-c4c5-47dc-b3a2-84da54a8c420,P,CW37,CW37,2025-09-11,2025-09-11,,LC,,2025-11-26 06:51:57.90379+00,7802c383-1ec0-41ae-9739-8ecc2faf327c,Task.xlsx,2025-11-26 06:51:57.90379+00,2025-11-26 06:51:57.90379+00,2025-09-11,2025-09,CW37,11,P
3881,58dc9e12-c4c5-47dc-b3a2-84da54a8c420,P,CW37,CW37,2025-09-12,2025-09-12,,LC,,2025-11-26 06:51:57.90379+00,7802c383-1ec0-41ae-9739-8ecc2faf327c,Task.xlsx,2025-11-26 06:51:57.90379+00,2025-11-26 06:51:57.90379+00,2025-09-12,2025-09,CW37,12,P
3882,58dc9e12-c4c5-47dc-b3a2-84da54a8c420,P,CW38,CW38,2025-09-15,2025-09-15,Press inventory,LC,,2025-11-26 06:51:57.90379+00,7802c383-1ec0-41ae-9739-8ecc2faf327c,Task.xlsx,2025-11-26 06:51:57.90379+00,2025-11-26 06:51:57.90379+00,2025-09-15,2025-09,CW38,15,P
3883,58dc9e12-c4c5-47dc-b3a2-84da54a8c420,WS,CW38,CW38,2025-09-17,2025-09-17,CIP,LC,,2025-11-26 06:51:57.90379+00,7802c383-1ec0-41ae-9739-8ecc2faf327c,Task.xlsx,2025-11-26 06:51:57.90379+00,2025-11-26 06:51:57.90379+00,2025-09-17,2025-09,CW38,17,WS
3884,58dc9e12-c4c5-47dc-b3a2-84da54a8c420,T,CW38,CW38,2025-09-19,2025-09-19,,HA,,2025-11-26 06:51:57.90379+00,7802c383-1ec0-41ae-9739-8ecc2faf327c,Task.xlsx,2025-11-26 06:51:57.90379+00,2025-11-26 06:51:57.90379+00,2025-09-19,2025-09,CW38,19,T
3885,58dc9e12-c4c5-47dc-b3a2-84da54a8c420,P,CW39,CW39,2025-09-22,2025-09-22,Kyoben,LC,,2025-11-26 06:51:57.90379+00,7802c383-1ec0-41ae-9739-8ecc2faf327c,Task.xlsx,2025-11-26 06:51:57.90379+00,2025-11-26 06:51:57.90379+00,2025-09-22,2025-09,CW39,22,P
3886,58dc9e12-c4c5-47dc-b3a2-84da54a8c420,P,CW39,CW39,2025-09-23,2025-09-23,,LC,,2025-11-26 06:51:57.90379+00,7802c383-1ec0-41ae-9739-8ecc2faf327c,Task.xlsx,2025-11-26 06:51:57.90379+00,2025-11-26 06:51:57.90379+00,2025-09-23,2025-09,CW39,23,P
3887,58dc9e12-c4c5-47dc-b3a2-84da54a8c420,P,CW39,CW39,2025-09-24,2025-09-24,,LC,,2025-11-26 06:51:57.90379+00,7802c383-1ec0-41ae-9739-8ecc2faf327c,Task.xlsx,2025-11-26 06:51:57.90379+00,2025-11-26 06:51:57.90379+00,2025-09-24,2025-09,CW39,24,P
3888,58dc9e12-c4c5-47dc-b3a2-84da54a8c420,P,CW39,CW39,2025-09-25,2025-09-25,,LC,,2025-11-26 06:51:57.90379+00,7802c383-1ec0-41ae-9739-8ecc2faf327c,Task.xlsx,2025-11-26 06:51:57.90379+00,2025-11-26 06:51:57.90379+00,2025-09-25,2025-09,CW39,25,P
3889,58dc9e12-c4c5-47dc-b3a2-84da54a8c420,P,CW39,CW39,2025-09-26,2025-09-26,,LC,,2025-11-26 06:51:57.90379+00,7802c383-1ec0-41ae-9739-8ecc2faf327c,Task.xlsx,2025-11-26 06:51:57.90379+00,2025-11-26 06:51:57.90379+00,2025-09-26,2025-09,CW39,26,P
3890,58dc9e12-c4c5-47dc-b3a2-84da54a8c420,M,CW40,CW40,2025-09-29,2025-09-29,,CG,,2025-11-26 06:51:57.90379+00,7802c383-1ec0-41ae-9739-8ecc2faf327c,Task.xlsx,2025-11-26 06:51:57.90379+00,2025-11-26 06:51:57.90379+00,2025-09-29,2025-09,CW40,29,M
3891,58dc9e12-c4c5-47dc-b3a2-84da54a8c420,WS,CW41,CW41,2025-10-10,2025-10-10,DT,DC,,2025-11-26 06:51:57.90379+00,7802c383-1ec0-41ae-9739-8ecc2faf327c,Task.xlsx,2025-11-26 06:51:57.90379+00,2025-11-26 06:51:57.90379+00,2025-10-10,2025-10,CW41,10,WS
3892,58dc9e12-c4c5-47dc-b3a2-84da54a8c420,T,CW42,CW42,2025-10-14,2025-10-14,,,,2025-11-26 06:51:57.90379+00,7802c383-1ec0-41ae-9739-8ecc2faf327c,Task.xlsx,2025-11-26 06:51:57.90379+00,2025-11-26 06:51:57.90379+00,2025-10-14,2025-10,CW42,14,T
3893,58dc9e12-c4c5-47dc-b3a2-84da54a8c420,T,CW42,CW42,2025-10-15,2025-10-15,WAS,,,2025-11-26 06:51:57.90379+00,7802c383-1ec0-41ae-9739-8ecc2faf327c,Task.xlsx,2025-11-26 06:51:57.90379+00,2025-11-26 06:51:57.90379+00,2025-10-15,2025-10,CW42,15,T
3894,58dc9e12-c4c5-47dc-b3a2-84da54a8c420,T,CW42,CW42,2025-10-16,2025-10-16,,,,2025-11-26 06:51:57.90379+00,7802c383-1ec0-41ae-9739-8ecc2faf327c,Task.xlsx,2025-11-26 06:51:57.90379+00,2025-11-26 06:51:57.90379+00,2025-10-16,2025-10,CW42,16,T
3895,58dc9e12-c4c5-47dc-b3a2-84da54a8c420,T,CW42,CW42,2025-10-17,2025-10-17,,,,2025-11-26 06:51:57.90379+00,7802c383-1ec0-41ae-9739-8ecc2faf327c,Task.xlsx,2025-11-26 06:51:57.90379+00,2025-11-26 06:51:57.90379+00,2025-10-17,2025-10,CW42,17,T
3896,58dc9e12-c4c5-47dc-b3a2-84da54a8c420,P,CW43,CW43,2025-10-20,2025-10-20,Kyoben,CL,,2025-11-26 06:51:57.90379+00,7802c383-1ec0-41ae-9739-8ecc2faf327c,Task.xlsx,2025-11-26 06:51:57.90379+00,2025-11-26 06:51:57.90379+00,2025-10-20,2025-10,CW43,20,P
3897,58dc9e12-c4c5-47dc-b3a2-84da54a8c420,P,CW43,CW43,2025-10-21,2025-10-21,,CL,,2025-11-26 06:51:57.90379+00,7802c383-1ec0-41ae-9739-8ecc2faf327c,Task.xlsx,2025-11-26 06:51:57.90379+00,2025-11-26 06:51:57.90379+00,2025-10-21,2025-10,CW43,21,P
3898,58dc9e12-c4c5-47dc-b3a2-84da54a8c420,P,CW43,CW43,2025-10-22,2025-10-22,,CL,,2025-11-26 06:51:57.90379+00,7802c383-1ec0-41ae-9739-8ecc2faf327c,Task.xlsx,2025-11-26 06:51:57.90379+00,2025-11-26 06:51:57.90379+00,2025-10-22,2025-10,CW43,22,P
3899,58dc9e12-c4c5-47dc-b3a2-84da54a8c420,P,CW43,CW43,2025-10-23,2025-10-23,,CL,,2025-11-26 06:51:57.90379+00,7802c383-1ec0-41ae-9739-8ecc2faf327c,Task.xlsx,2025-11-26 06:51:57.90379+00,2025-11-26 06:51:57.90379+00,2025-10-23,2025-10,CW43,23,P
3900,58dc9e12-c4c5-47dc-b3a2-84da54a8c420,P,CW43,CW43,2025-10-24,2025-10-24,,CL,,2025-11-26 06:51:57.90379+00,7802c383-1ec0-41ae-9739-8ecc2faf327c,Task.xlsx,2025-11-26 06:51:57.90379+00,2025-11-26 06:51:57.90379+00,2025-10-24,2025-10,CW43,24,P
3901,58dc9e12-c4c5-47dc-b3a2-84da54a8c420,P,CW44,CW44,2025-10-27,2025-10-27,Prepration Kyoben,LC,,2025-11-26 06:51:57.90379+00,7802c383-1ec0-41ae-9739-8ecc2faf327c,Task.xlsx,2025-11-26 06:51:57.90379+00,2025-11-26 06:51:57.90379+00,2025-10-27,2025-10,CW44,27,P
3902,58dc9e12-c4c5-47dc-b3a2-84da54a8c420,P,CW44,CW44,2025-10-28,2025-10-28,,LC,,2025-11-26 06:51:57.90379+00,7802c383-1ec0-41ae-9739-8ecc2faf327c,Task.xlsx,2025-11-26 06:51:57.90379+00,2025-11-26 06:51:57.90379+00,2025-10-28,2025-10,CW44,28,P
3903,58dc9e12-c4c5-47dc-b3a2-84da54a8c420,WS,CW44,CW44,2025-10-29,2025-10-29,PGL,LC,,2025-11-26 06:51:57.90379+00,7802c383-1ec0-41ae-9739-8ecc2faf327c,Task.xlsx,2025-11-26 06:51:57.90379+00,2025-11-26 06:51:57.90379+00,2025-10-29,2025-10,CW44,29,WS
3904,58dc9e12-c4c5-47dc-b3a2-84da54a8c420,P,CW44,CW44,2025-10-30,2025-10-30,Prepration Kyoben,LC,,2025-11-26 06:51:57.90379+00,7802c383-1ec0-41ae-9739-8ecc2faf327c,Task.xlsx,2025-11-26 06:51:57.90379+00,2025-11-26 06:51:57.90379+00,2025-10-30,2025-10,CW44,30,P
3905,58dc9e12-c4c5-47dc-b3a2-84da54a8c420,P,CW44,CW44,2025-10-31,2025-10-31,,LC,,2025-11-26 06:51:57.90379+00,7802c383-1ec0-41ae-9739-8ecc2faf327c,Task.xlsx,2025-11-26 06:51:57.90379+00,2025-11-26 06:51:57.90379+00,2025-10-31,2025-10,CW44,31,P
3906,58dc9e12-c4c5-47dc-b3a2-84da54a8c420,P,CW45,CW45,2025-11-03,2025-11-03,Kyoben,LC,,2025-11-26 06:51:57.90379+00,7802c383-1ec0-41ae-9739-8ecc2faf327c,Task.xlsx,2025-11-26 06:51:57.90379+00,2025-11-26 06:51:57.90379+00,2025-11-03,2025-11,CW45,3,P
3907,58dc9e12-c4c5-47dc-b3a2-84da54a8c420,P,CW45,CW45,2025-11-04,2025-11-04,,LC,,2025-11-26 06:51:57.90379+00,7802c383-1ec0-41ae-9739-8ecc2faf327c,Task.xlsx,2025-11-26 06:51:57.90379+00,2025-11-26 06:51:57.90379+00,2025-11-04,2025-11,CW45,4,P
3908,58dc9e12-c4c5-47dc-b3a2-84da54a8c420,P,CW45,CW45,2025-11-05,2025-11-05,,LC,,2025-11-26 06:51:57.90379+00,7802c383-1ec0-41ae-9739-8ecc2faf327c,Task.xlsx,2025-11-26 06:51:57.90379+00,2025-11-26 06:51:57.90379+00,2025-11-05,2025-11,CW45,5,P
3909,58dc9e12-c4c5-47dc-b3a2-84da54a8c420,P,CW45,CW45,2025-11-06,2025-11-06,,LC,,2025-11-26 06:51:57.90379+00,7802c383-1ec0-41ae-9739-8ecc2faf327c,Task.xlsx,2025-11-26 06:51:57.90379+00,2025-11-26 06:51:57.90379+00,2025-11-06,2025-11,CW45,6,P
3910,58dc9e12-c4c5-47dc-b3a2-84da54a8c420,P,CW45,CW45,2025-11-07,2025-11-07,,LC,,2025-11-26 06:51:57.90379+00,7802c383-1ec0-41ae-9739-8ecc2faf327c,Task.xlsx,2025-11-26 06:51:57.90379+00,2025-11-26 06:51:57.90379+00,2025-11-07,2025-11,CW45,7,P
3911,58dc9e12-c4c5-47dc-b3a2-84da54a8c420,T,CW46,CW46,2025-11-11,2025-11-11,WAtS for white collar,LC,,2025-11-26 06:51:57.90379+00,7802c383-1ec0-41ae-9739-8ecc2faf327c,Task.xlsx,2025-11-26 06:51:57.90379+00,2025-11-26 06:51:57.90379+00,2025-11-11,2025-11,CW46,11,T
3912,58dc9e12-c4c5-47dc-b3a2-84da54a8c420,T,CW46,CW46,2025-11-12,2025-11-12,,LC,,2025-11-26 06:51:57.90379+00,7802c383-1ec0-41ae-9739-8ecc2faf327c,Task.xlsx,2025-11-26 06:51:57.90379+00,2025-11-26 06:51:57.90379+00,2025-11-12,2025-11,CW46,12,T
3913,58dc9e12-c4c5-47dc-b3a2-84da54a8c420,T,CW46,CW46,2025-11-13,2025-11-13,,LC,,2025-11-26 06:51:57.90379+00,7802c383-1ec0-41ae-9739-8ecc2faf327c,Task.xlsx,2025-11-26 06:51:57.90379+00,2025-11-26 06:51:57.90379+00,2025-11-13,2025-11,CW46,13,T
3914,58dc9e12-c4c5-47dc-b3a2-84da54a8c420,T,CW46,CW46,2025-11-14,2025-11-14,,LC,,2025-11-26 06:51:57.90379+00,7802c383-1ec0-41ae-9739-8ecc2faf327c,Task.xlsx,2025-11-26 06:51:57.90379+00,2025-11-26 06:51:57.90379+00,2025-11-14,2025-11,CW46,14,T
3915,58dc9e12-c4c5-47dc-b3a2-84da54a8c420,P,CW47,CW47,2025-11-17,2025-11-17,Kyoben,LC,,2025-11-26 06:51:57.90379+00,7802c383-1ec0-41ae-9739-8ecc2faf327c,Task.xlsx,2025-11-26 06:51:57.90379+00,2025-11-26 06:51:57.90379+00,2025-11-17,2025-11,CW47,17,P
3916,58dc9e12-c4c5-47dc-b3a2-84da54a8c420,P,CW47,CW47,2025-11-18,2025-11-18,,LC,,2025-11-26 06:51:57.90379+00,7802c383-1ec0-41ae-9739-8ecc2faf327c,Task.xlsx,2025-11-26 06:51:57.90379+00,2025-11-26 06:51:57.90379+00,2025-11-18,2025-11,CW47,18,P
3917,58dc9e12-c4c5-47dc-b3a2-84da54a8c420,P,CW47,CW47,2025-11-19,2025-11-19,,LC,,2025-11-26 06:51:57.90379+00,7802c383-1ec0-41ae-9739-8ecc2faf327c,Task.xlsx,2025-11-26 06:51:57.90379+00,2025-11-26 06:51:57.90379+00,2025-11-19,2025-11,CW47,19,P
3918,58dc9e12-c4c5-47dc-b3a2-84da54a8c420,P,CW47,CW47,2025-11-20,2025-11-20,,LC,,2025-11-26 06:51:57.90379+00,7802c383-1ec0-41ae-9739-8ecc2faf327c,Task.xlsx,2025-11-26 06:51:57.90379+00,2025-11-26 06:51:57.90379+00,2025-11-20,2025-11,CW47,20,P
3919,58dc9e12-c4c5-47dc-b3a2-84da54a8c420,P,CW47,CW47,2025-11-21,2025-11-21,,LC,,2025-11-26 06:51:57.90379+00,7802c383-1ec0-41ae-9739-8ecc2faf327c,Task.xlsx,2025-11-26 06:51:57.90379+00,2025-11-26 06:51:57.90379+00,2025-11-21,2025-11,CW47,21,P
3920,58dc9e12-c4c5-47dc-b3a2-84da54a8c420,M,CW48,CW48,2025-11-26,2025-11-26,BPS Assessment,LC,,2025-11-26 06:51:57.90379+00,7802c383-1ec0-41ae-9739-8ecc2faf327c,Task.xlsx,2025-11-26 06:51:57.90379+00,2025-11-26 06:51:57.90379+00,2025-11-26,2025-11,CW48,26,M
3921,58dc9e12-c4c5-47dc-b3a2-84da54a8c420,WS,CW48,CW48,2025-11-27,2025-11-27,PGL,LC,,2025-11-26 06:51:57.90379+00,7802c383-1ec0-41ae-9739-8ecc2faf327c,Task.xlsx,2025-11-26 06:51:57.90379+00,2025-11-26 06:51:57.90379+00,2025-11-27,2025-11,CW48,27,WS
3922,58dc9e12-c4c5-47dc-b3a2-84da54a8c420,P,CW49,CW49,2025-12-01,2025-12-01,Kyoben,LC,,2025-11-26 06:51:57.90379+00,7802c383-1ec0-41ae-9739-8ecc2faf327c,Task.xlsx,2025-11-26 06:51:57.90379+00,2025-11-26 06:51:57.90379+00,2025-12-01,2025-12,CW49,1,P
3923,58dc9e12-c4c5-47dc-b3a2-84da54a8c420,P,CW49,CW49,2025-12-02,2025-12-02,,LC,,2025-11-26 06:51:57.90379+00,7802c383-1ec0-41ae-9739-8ecc2faf327c,Task.xlsx,2025-11-26 06:51:57.90379+00,2025-11-26 06:51:57.90379+00,2025-12-02,2025-12,CW49,2,P
3924,58dc9e12-c4c5-47dc-b3a2-84da54a8c420,P,CW49,CW49,2025-12-03,2025-12-03,,LC,,2025-11-26 06:51:57.90379+00,7802c383-1ec0-41ae-9739-8ecc2faf327c,Task.xlsx,2025-11-26 06:51:57.90379+00,2025-11-26 06:51:57.90379+00,2025-12-03,2025-12,CW49,3,P
3925,58dc9e12-c4c5-47dc-b3a2-84da54a8c420,P,CW49,CW49,2025-12-04,2025-12-04,,LC,,2025-11-26 06:51:57.90379+00,7802c383-1ec0-41ae-9739-8ecc2faf327c,Task.xlsx,2025-11-26 06:51:57.90379+00,2025-11-26 06:51:57.90379+00,2025-12-04,2025-12,CW49,4,P
3926,58dc9e12-c4c5-47dc-b3a2-84da54a8c420,P,CW49,CW49,2025-12-05,2025-12-05,,LC,,2025-11-26 06:51:57.90379+00,7802c383-1ec0-41ae-9739-8ecc2faf327c,Task.xlsx,2025-11-26 06:51:57.90379+00,2025-11-26 06:51:57.90379+00,2025-12-05,2025-12,CW49,5,P
3927,58dc9e12-c4c5-47dc-b3a2-84da54a8c420,WS,CW50,CW50,2025-12-09,2025-12-09,CIP,LC,,2025-11-26 06:51:57.90379+00,7802c383-1ec0-41ae-9739-8ecc2faf327c,Task.xlsx,2025-11-26 06:51:57.90379+00,2025-11-26 06:51:57.90379+00,2025-12-09,2025-12,CW50,9,WS
3928,58dc9e12-c4c5-47dc-b3a2-84da54a8c420,P,CW51,CW51,2025-12-15,2025-12-15,Kyoben,LC,,2025-11-26 06:51:57.90379+00,7802c383-1ec0-41ae-9739-8ecc2faf327c,Task.xlsx,2025-11-26 06:51:57.90379+00,2025-11-26 06:51:57.90379+00,2025-12-15,2025-12,CW51,15,P
3929,58dc9e12-c4c5-47dc-b3a2-84da54a8c420,P,CW51,CW51,2025-12-16,2025-12-16,,LC,,2025-11-26 06:51:57.90379+00,7802c383-1ec0-41ae-9739-8ecc2faf327c,Task.xlsx,2025-11-26 06:51:57.90379+00,2025-11-26 06:51:57.90379+00,2025-12-16,2025-12,CW51,16,P
3930,58dc9e12-c4c5-47dc-b3a2-84da54a8c420,P,CW51,CW51,2025-12-17,2025-12-17,,LC,,2025-11-26 06:51:57.90379+00,7802c383-1ec0-41ae-9739-8ecc2faf327c,Task.xlsx,2025-11-26 06:51:57.90379+00,2025-11-26 06:51:57.90379+00,2025-12-17,2025-12,CW51,17,P
3931,58dc9e12-c4c5-47dc-b3a2-84da54a8c420,P,CW51,CW51,2025-12-18,2025-12-18,,LC,,2025-11-26 06:51:57.90379+00,7802c383-1ec0-41ae-9739-8ecc2faf327c,Task.xlsx,2025-11-26 06:51:57.90379+00,2025-11-26 06:51:57.90379+00,2025-12-18,2025-12,CW51,18,P
3932,58dc9e12-c4c5-47dc-b3a2-84da54a8c420,P,CW51,CW51,2025-12-19,2025-12-19,,LC,,2025-11-26 06:51:57.90379+00,7802c383-1ec0-41ae-9739-8ecc2faf327c,Task.xlsx,2025-11-26 06:51:57.90379+00,2025-11-26 06:51:57.90379+00,2025-12-19,2025-12,CW51,19,P
3933,e095f230-6434-44ba-a9f5-061ed19b780b,P,CW01,CW01,2025-01-02,2025-01-02,,CL,,2025-11-26 06:51:57.90379+00,7802c383-1ec0-41ae-9739-8ecc2faf327c,Task.xlsx,2025-11-26 06:51:57.90379+00,2025-11-26 06:51:57.90379+00,2025-01-02,2025-01,CW01,2,P
3934,e095f230-6434-44ba-a9f5-061ed19b780b,P,CW01,CW01,2025-01-03,2025-01-03,,CL,,2025-11-26 06:51:57.90379+00,7802c383-1ec0-41ae-9739-8ecc2faf327c,Task.xlsx,2025-11-26 06:51:57.90379+00,2025-11-26 06:51:57.90379+00,2025-01-03,2025-01,CW01,3,P
3935,e095f230-6434-44ba-a9f5-061ed19b780b,P,CW02,CW02,2025-01-06,2025-01-06,,CL,,2025-11-26 06:51:57.90379+00,7802c383-1ec0-41ae-9739-8ecc2faf327c,Task.xlsx,2025-11-26 06:51:57.90379+00,2025-11-26 06:51:57.90379+00,2025-01-06,2025-01,CW02,6,P
3936,e095f230-6434-44ba-a9f5-061ed19b780b,P,CW02,CW02,2025-01-07,2025-01-07,,CL,,2025-11-26 06:51:57.90379+00,7802c383-1ec0-41ae-9739-8ecc2faf327c,Task.xlsx,2025-11-26 06:51:57.90379+00,2025-11-26 06:51:57.90379+00,2025-01-07,2025-01,CW02,7,P
3937,e095f230-6434-44ba-a9f5-061ed19b780b,M,CW02,CW02,2025-01-08,2025-01-08,,CL,,2025-11-26 06:51:57.90379+00,7802c383-1ec0-41ae-9739-8ecc2faf327c,Task.xlsx,2025-11-26 06:51:57.90379+00,2025-11-26 06:51:57.90379+00,2025-01-08,2025-01,CW02,8,M
3938,e095f230-6434-44ba-a9f5-061ed19b780b,M,CW02,CW02,2025-01-09,2025-01-09,,CL,,2025-11-26 06:51:57.90379+00,7802c383-1ec0-41ae-9739-8ecc2faf327c,Task.xlsx,2025-11-26 06:51:57.90379+00,2025-11-26 06:51:57.90379+00,2025-01-09,2025-01,CW02,9,M
3939,e095f230-6434-44ba-a9f5-061ed19b780b,C,CW02,CW02,2025-01-10,2025-01-10,,CL,,2025-11-26 06:51:57.90379+00,7802c383-1ec0-41ae-9739-8ecc2faf327c,Task.xlsx,2025-11-26 06:51:57.90379+00,2025-11-26 06:51:57.90379+00,2025-01-10,2025-01,CW02,10,C
3940,e095f230-6434-44ba-a9f5-061ed19b780b,SW,CW03,CW03,2025-01-13,2025-01-13,,CL,,2025-11-26 06:51:57.90379+00,7802c383-1ec0-41ae-9739-8ecc2faf327c,Task.xlsx,2025-11-26 06:51:57.90379+00,2025-11-26 06:51:57.90379+00,2025-01-13,2025-01,CW03,13,SW
3941,e095f230-6434-44ba-a9f5-061ed19b780b,SW,CW03,CW03,2025-01-14,2025-01-14,,CL,,2025-11-26 06:51:57.90379+00,7802c383-1ec0-41ae-9739-8ecc2faf327c,Task.xlsx,2025-11-26 06:51:57.90379+00,2025-11-26 06:51:57.90379+00,2025-01-14,2025-01,CW03,14,SW
3942,e095f230-6434-44ba-a9f5-061ed19b780b,SW,CW03,CW03,2025-01-15,2025-01-15,,CL,,2025-11-26 06:51:57.90379+00,7802c383-1ec0-41ae-9739-8ecc2faf327c,Task.xlsx,2025-11-26 06:51:57.90379+00,2025-11-26 06:51:57.90379+00,2025-01-15,2025-01,CW03,15,SW
3943,e095f230-6434-44ba-a9f5-061ed19b780b,SW,CW03,CW03,2025-01-16,2025-01-16,,CL,,2025-11-26 06:51:57.90379+00,7802c383-1ec0-41ae-9739-8ecc2faf327c,Task.xlsx,2025-11-26 06:51:57.90379+00,2025-11-26 06:51:57.90379+00,2025-01-16,2025-01,CW03,16,SW
3944,e095f230-6434-44ba-a9f5-061ed19b780b,SW,CW03,CW03,2025-01-17,2025-01-17,,CL,,2025-11-26 06:51:57.90379+00,7802c383-1ec0-41ae-9739-8ecc2faf327c,Task.xlsx,2025-11-26 06:51:57.90379+00,2025-11-26 06:51:57.90379+00,2025-01-17,2025-01,CW03,17,SW
3945,e095f230-6434-44ba-a9f5-061ed19b780b,P,CW03,CW03,2025-01-18,2025-01-18,,CL,,2025-11-26 06:51:57.90379+00,7802c383-1ec0-41ae-9739-8ecc2faf327c,Task.xlsx,2025-11-26 06:51:57.90379+00,2025-11-26 06:51:57.90379+00,2025-01-18,2025-01,CW03,18,P
3946,e095f230-6434-44ba-a9f5-061ed19b780b,WS,CW04,CW04,2025-01-20,2025-01-20,,CL,,2025-11-26 06:51:57.90379+00,7802c383-1ec0-41ae-9739-8ecc2faf327c,Task.xlsx,2025-11-26 06:51:57.90379+00,2025-11-26 06:51:57.90379+00,2025-01-20,2025-01,CW04,20,WS
3947,e095f230-6434-44ba-a9f5-061ed19b780b,M,CW04,CW04,2025-01-21,2025-01-21,,CL,,2025-11-26 06:51:57.90379+00,7802c383-1ec0-41ae-9739-8ecc2faf327c,Task.xlsx,2025-11-26 06:51:57.90379+00,2025-11-26 06:51:57.90379+00,2025-01-21,2025-01,CW04,21,M
3948,e095f230-6434-44ba-a9f5-061ed19b780b,P,CW04,CW04,2025-01-22,2025-01-22,,CL,,2025-11-26 06:51:57.90379+00,7802c383-1ec0-41ae-9739-8ecc2faf327c,Task.xlsx,2025-11-26 06:51:57.90379+00,2025-11-26 06:51:57.90379+00,2025-01-22,2025-01,CW04,22,P
3949,e095f230-6434-44ba-a9f5-061ed19b780b,P,CW04,CW04,2025-01-23,2025-01-23,,CL,,2025-11-26 06:51:57.90379+00,7802c383-1ec0-41ae-9739-8ecc2faf327c,Task.xlsx,2025-11-26 06:51:57.90379+00,2025-11-26 06:51:57.90379+00,2025-01-23,2025-01,CW04,23,P
3950,e095f230-6434-44ba-a9f5-061ed19b780b,M,CW04,CW04,2025-01-24,2025-01-24,,CL,,2025-11-26 06:51:57.90379+00,7802c383-1ec0-41ae-9739-8ecc2faf327c,Task.xlsx,2025-11-26 06:51:57.90379+00,2025-11-26 06:51:57.90379+00,2025-01-24,2025-01,CW04,24,M
3951,e095f230-6434-44ba-a9f5-061ed19b780b,P,CW06,CW06,2025-02-05,2025-02-05,,CL,,2025-11-26 06:51:57.90379+00,7802c383-1ec0-41ae-9739-8ecc2faf327c,Task.xlsx,2025-11-26 06:51:57.90379+00,2025-11-26 06:51:57.90379+00,2025-02-05,2025-02,CW06,5,P
3952,e095f230-6434-44ba-a9f5-061ed19b780b,P,CW06,CW06,2025-02-06,2025-02-06,,CL,,2025-11-26 06:51:57.90379+00,7802c383-1ec0-41ae-9739-8ecc2faf327c,Task.xlsx,2025-11-26 06:51:57.90379+00,2025-11-26 06:51:57.90379+00,2025-02-06,2025-02,CW06,6,P
3953,e095f230-6434-44ba-a9f5-061ed19b780b,M,CW06,CW06,2025-02-07,2025-02-07,,CL,,2025-11-26 06:51:57.90379+00,7802c383-1ec0-41ae-9739-8ecc2faf327c,Task.xlsx,2025-11-26 06:51:57.90379+00,2025-11-26 06:51:57.90379+00,2025-02-07,2025-02,CW06,7,M
3954,e095f230-6434-44ba-a9f5-061ed19b780b,M,CW06,CW06,2025-02-08,2025-02-08,,CL,,2025-11-26 06:51:57.90379+00,7802c383-1ec0-41ae-9739-8ecc2faf327c,Task.xlsx,2025-11-26 06:51:57.90379+00,2025-11-26 06:51:57.90379+00,2025-02-08,2025-02,CW06,8,M
3955,e095f230-6434-44ba-a9f5-061ed19b780b,P,CW07,CW07,2025-02-10,2025-02-10,En,CL,,2025-11-26 06:51:57.90379+00,7802c383-1ec0-41ae-9739-8ecc2faf327c,Task.xlsx,2025-11-26 06:51:57.90379+00,2025-11-26 06:51:57.90379+00,2025-02-10,2025-02,CW07,10,P
3956,e095f230-6434-44ba-a9f5-061ed19b780b,P,CW07,CW07,2025-02-11,2025-02-11,En,CL,,2025-11-26 06:51:57.90379+00,7802c383-1ec0-41ae-9739-8ecc2faf327c,Task.xlsx,2025-11-26 06:51:57.90379+00,2025-11-26 06:51:57.90379+00,2025-02-11,2025-02,CW07,11,P
3957,e095f230-6434-44ba-a9f5-061ed19b780b,P,CW07,CW07,2025-02-12,2025-02-12,,CL,,2025-11-26 06:51:57.90379+00,7802c383-1ec0-41ae-9739-8ecc2faf327c,Task.xlsx,2025-11-26 06:51:57.90379+00,2025-11-26 06:51:57.90379+00,2025-02-12,2025-02,CW07,12,P
3958,e095f230-6434-44ba-a9f5-061ed19b780b,P,CW07,CW07,2025-02-13,2025-02-13,En,CL,,2025-11-26 06:51:57.90379+00,7802c383-1ec0-41ae-9739-8ecc2faf327c,Task.xlsx,2025-11-26 06:51:57.90379+00,2025-11-26 06:51:57.90379+00,2025-02-13,2025-02,CW07,13,P
3959,e095f230-6434-44ba-a9f5-061ed19b780b,P,CW07,CW07,2025-02-14,2025-02-14,,CL,,2025-11-26 06:51:57.90379+00,7802c383-1ec0-41ae-9739-8ecc2faf327c,Task.xlsx,2025-11-26 06:51:57.90379+00,2025-11-26 06:51:57.90379+00,2025-02-14,2025-02,CW07,14,P
3960,e095f230-6434-44ba-a9f5-061ed19b780b,SW,CW08,CW08,2025-02-17,2025-02-17,,CL,,2025-11-26 06:51:57.90379+00,7802c383-1ec0-41ae-9739-8ecc2faf327c,Task.xlsx,2025-11-26 06:51:57.90379+00,2025-11-26 06:51:57.90379+00,2025-02-17,2025-02,CW08,17,SW
3961,e095f230-6434-44ba-a9f5-061ed19b780b,SW,CW08,CW08,2025-02-18,2025-02-18,,CL,,2025-11-26 06:51:57.90379+00,7802c383-1ec0-41ae-9739-8ecc2faf327c,Task.xlsx,2025-11-26 06:51:57.90379+00,2025-11-26 06:51:57.90379+00,2025-02-18,2025-02,CW08,18,SW
3962,e095f230-6434-44ba-a9f5-061ed19b780b,SW,CW08,CW08,2025-02-19,2025-02-19,,CL,,2025-11-26 06:51:57.90379+00,7802c383-1ec0-41ae-9739-8ecc2faf327c,Task.xlsx,2025-11-26 06:51:57.90379+00,2025-11-26 06:51:57.90379+00,2025-02-19,2025-02,CW08,19,SW
3963,e095f230-6434-44ba-a9f5-061ed19b780b,SW,CW08,CW08,2025-02-20,2025-02-20,,CL,,2025-11-26 06:51:57.90379+00,7802c383-1ec0-41ae-9739-8ecc2faf327c,Task.xlsx,2025-11-26 06:51:57.90379+00,2025-11-26 06:51:57.90379+00,2025-02-20,2025-02,CW08,20,SW
3964,e095f230-6434-44ba-a9f5-061ed19b780b,SW,CW08,CW08,2025-02-21,2025-02-21,,CL,,2025-11-26 06:51:57.90379+00,7802c383-1ec0-41ae-9739-8ecc2faf327c,Task.xlsx,2025-11-26 06:51:57.90379+00,2025-11-26 06:51:57.90379+00,2025-02-21,2025-02,CW08,21,SW
3965,e095f230-6434-44ba-a9f5-061ed19b780b,P,CW09,CW09,2025-02-24,2025-02-24,,CL,,2025-11-26 06:51:57.90379+00,7802c383-1ec0-41ae-9739-8ecc2faf327c,Task.xlsx,2025-11-26 06:51:57.90379+00,2025-11-26 06:51:57.90379+00,2025-02-24,2025-02,CW09,24,P
3966,e095f230-6434-44ba-a9f5-061ed19b780b,P,CW09,CW09,2025-02-25,2025-02-25,En,CL,,2025-11-26 06:51:57.90379+00,7802c383-1ec0-41ae-9739-8ecc2faf327c,Task.xlsx,2025-11-26 06:51:57.90379+00,2025-11-26 06:51:57.90379+00,2025-02-25,2025-02,CW09,25,P
3967,e095f230-6434-44ba-a9f5-061ed19b780b,P,CW09,CW09,2025-02-26,2025-02-26,En,CL,,2025-11-26 06:51:57.90379+00,7802c383-1ec0-41ae-9739-8ecc2faf327c,Task.xlsx,2025-11-26 06:51:57.90379+00,2025-11-26 06:51:57.90379+00,2025-02-26,2025-02,CW09,26,P
3968,e095f230-6434-44ba-a9f5-061ed19b780b,P,CW09,CW09,2025-02-27,2025-02-27,,CL,,2025-11-26 06:51:57.90379+00,7802c383-1ec0-41ae-9739-8ecc2faf327c,Task.xlsx,2025-11-26 06:51:57.90379+00,2025-11-26 06:51:57.90379+00,2025-02-27,2025-02,CW09,27,P
3969,e095f230-6434-44ba-a9f5-061ed19b780b,P,CW10,CW10,2025-03-03,2025-03-03,,CL,,2025-11-26 06:51:57.90379+00,7802c383-1ec0-41ae-9739-8ecc2faf327c,Task.xlsx,2025-11-26 06:51:57.90379+00,2025-11-26 06:51:57.90379+00,2025-03-03,2025-03,CW10,3,P
3970,e095f230-6434-44ba-a9f5-061ed19b780b,P,CW10,CW10,2025-03-04,2025-03-04,,CL,,2025-11-26 06:51:57.90379+00,7802c383-1ec0-41ae-9739-8ecc2faf327c,Task.xlsx,2025-11-26 06:51:57.90379+00,2025-11-26 06:51:57.90379+00,2025-03-04,2025-03,CW10,4,P
3971,e095f230-6434-44ba-a9f5-061ed19b780b,T,CW10,CW10,2025-03-05,2025-03-05,,CL,,2025-11-26 06:51:57.90379+00,7802c383-1ec0-41ae-9739-8ecc2faf327c,Task.xlsx,2025-11-26 06:51:57.90379+00,2025-11-26 06:51:57.90379+00,2025-03-05,2025-03,CW10,5,T
3972,e095f230-6434-44ba-a9f5-061ed19b780b,T,CW10,CW10,2025-03-06,2025-03-06,,CL,,2025-11-26 06:51:57.90379+00,7802c383-1ec0-41ae-9739-8ecc2faf327c,Task.xlsx,2025-11-26 06:51:57.90379+00,2025-11-26 06:51:57.90379+00,2025-03-06,2025-03,CW10,6,T
3973,e095f230-6434-44ba-a9f5-061ed19b780b,T,CW10,CW10,2025-03-07,2025-03-07,,CL,,2025-11-26 06:51:57.90379+00,7802c383-1ec0-41ae-9739-8ecc2faf327c,Task.xlsx,2025-11-26 06:51:57.90379+00,2025-11-26 06:51:57.90379+00,2025-03-07,2025-03,CW10,7,T
3974,e095f230-6434-44ba-a9f5-061ed19b780b,P,CW11,CW11,2025-03-10,2025-03-10,En,CL,,2025-11-26 06:51:57.90379+00,7802c383-1ec0-41ae-9739-8ecc2faf327c,Task.xlsx,2025-11-26 06:51:57.90379+00,2025-11-26 06:51:57.90379+00,2025-03-10,2025-03,CW11,10,P
3975,e095f230-6434-44ba-a9f5-061ed19b780b,P,CW11,CW11,2025-03-11,2025-03-11,En,CL,,2025-11-26 06:51:57.90379+00,7802c383-1ec0-41ae-9739-8ecc2faf327c,Task.xlsx,2025-11-26 06:51:57.90379+00,2025-11-26 06:51:57.90379+00,2025-03-11,2025-03,CW11,11,P
3976,e095f230-6434-44ba-a9f5-061ed19b780b,P,CW11,CW11,2025-03-12,2025-03-12,En,CL,,2025-11-26 06:51:57.90379+00,7802c383-1ec0-41ae-9739-8ecc2faf327c,Task.xlsx,2025-11-26 06:51:57.90379+00,2025-11-26 06:51:57.90379+00,2025-03-12,2025-03,CW11,12,P
3977,e095f230-6434-44ba-a9f5-061ed19b780b,P,CW11,CW11,2025-03-13,2025-03-13,,CL,,2025-11-26 06:51:57.90379+00,7802c383-1ec0-41ae-9739-8ecc2faf327c,Task.xlsx,2025-11-26 06:51:57.90379+00,2025-11-26 06:51:57.90379+00,2025-03-13,2025-03,CW11,13,P
3978,e095f230-6434-44ba-a9f5-061ed19b780b,P,CW11,CW11,2025-03-14,2025-03-14,,CL,,2025-11-26 06:51:57.90379+00,7802c383-1ec0-41ae-9739-8ecc2faf327c,Task.xlsx,2025-11-26 06:51:57.90379+00,2025-11-26 06:51:57.90379+00,2025-03-14,2025-03,CW11,14,P
3979,e095f230-6434-44ba-a9f5-061ed19b780b,P,CW12,CW12,2025-03-17,2025-03-17,,CL,,2025-11-26 06:51:57.90379+00,7802c383-1ec0-41ae-9739-8ecc2faf327c,Task.xlsx,2025-11-26 06:51:57.90379+00,2025-11-26 06:51:57.90379+00,2025-03-17,2025-03,CW12,17,P
3980,e095f230-6434-44ba-a9f5-061ed19b780b,P,CW12,CW12,2025-03-18,2025-03-18,En,CL,,2025-11-26 06:51:57.90379+00,7802c383-1ec0-41ae-9739-8ecc2faf327c,Task.xlsx,2025-11-26 06:51:57.90379+00,2025-11-26 06:51:57.90379+00,2025-03-18,2025-03,CW12,18,P
3981,e095f230-6434-44ba-a9f5-061ed19b780b,P,CW12,CW12,2025-03-19,2025-03-19,,CL,,2025-11-26 06:51:57.90379+00,7802c383-1ec0-41ae-9739-8ecc2faf327c,Task.xlsx,2025-11-26 06:51:57.90379+00,2025-11-26 06:51:57.90379+00,2025-03-19,2025-03,CW12,19,P
3982,e095f230-6434-44ba-a9f5-061ed19b780b,P,CW12,CW12,2025-03-20,2025-03-20,,CL,,2025-11-26 06:51:57.90379+00,7802c383-1ec0-41ae-9739-8ecc2faf327c,Task.xlsx,2025-11-26 06:51:57.90379+00,2025-11-26 06:51:57.90379+00,2025-03-20,2025-03,CW12,20,P
3983,e095f230-6434-44ba-a9f5-061ed19b780b,C,CW12,CW12,2025-03-21,2025-03-21,,CL,,2025-11-26 06:51:57.90379+00,7802c383-1ec0-41ae-9739-8ecc2faf327c,Task.xlsx,2025-11-26 06:51:57.90379+00,2025-11-26 06:51:57.90379+00,2025-03-21,2025-03,CW12,21,C
3984,e095f230-6434-44ba-a9f5-061ed19b780b,P,CW13,CW13,2025-03-24,2025-03-24,,CL,,2025-11-26 06:51:57.90379+00,7802c383-1ec0-41ae-9739-8ecc2faf327c,Task.xlsx,2025-11-26 06:51:57.90379+00,2025-11-26 06:51:57.90379+00,2025-03-24,2025-03,CW13,24,P
3985,e095f230-6434-44ba-a9f5-061ed19b780b,P,CW13,CW13,2025-03-25,2025-03-25,En,CL,,2025-11-26 06:51:57.90379+00,7802c383-1ec0-41ae-9739-8ecc2faf327c,Task.xlsx,2025-11-26 06:51:57.90379+00,2025-11-26 06:51:57.90379+00,2025-03-25,2025-03,CW13,25,P
3986,e095f230-6434-44ba-a9f5-061ed19b780b,P,CW13,CW13,2025-03-26,2025-03-26,,SNa,,2025-11-26 06:51:57.90379+00,7802c383-1ec0-41ae-9739-8ecc2faf327c,Task.xlsx,2025-11-26 06:51:57.90379+00,2025-11-26 06:51:57.90379+00,2025-03-26,2025-03,CW13,26,P
3987,e095f230-6434-44ba-a9f5-061ed19b780b,P,CW13,CW13,2025-03-27,2025-03-27,,CL,,2025-11-26 06:51:57.90379+00,7802c383-1ec0-41ae-9739-8ecc2faf327c,Task.xlsx,2025-11-26 06:51:57.90379+00,2025-11-26 06:51:57.90379+00,2025-03-27,2025-03,CW13,27,P
3988,e095f230-6434-44ba-a9f5-061ed19b780b,P,CW13,CW13,2025-03-28,2025-03-28,En,CL,,2025-11-26 06:51:57.90379+00,7802c383-1ec0-41ae-9739-8ecc2faf327c,Task.xlsx,2025-11-26 06:51:57.90379+00,2025-11-26 06:51:57.90379+00,2025-03-28,2025-03,CW13,28,P
3989,e095f230-6434-44ba-a9f5-061ed19b780b,P,CW14,CW14,2025-03-31,2025-03-31,En,SNa,,2025-11-26 06:51:57.90379+00,7802c383-1ec0-41ae-9739-8ecc2faf327c,Task.xlsx,2025-11-26 06:51:57.90379+00,2025-11-26 06:51:57.90379+00,2025-03-31,2025-03,CW14,31,P
3990,e095f230-6434-44ba-a9f5-061ed19b780b,P,CW14,CW14,2025-04-01,2025-04-01,,CL,,2025-11-26 06:51:57.90379+00,7802c383-1ec0-41ae-9739-8ecc2faf327c,Task.xlsx,2025-11-26 06:51:57.90379+00,2025-11-26 06:51:57.90379+00,2025-04-01,2025-04,CW14,1,P
3991,e095f230-6434-44ba-a9f5-061ed19b780b,P,CW14,CW14,2025-04-02,2025-04-02,,CL,,2025-11-26 06:51:57.90379+00,7802c383-1ec0-41ae-9739-8ecc2faf327c,Task.xlsx,2025-11-26 06:51:57.90379+00,2025-11-26 06:51:57.90379+00,2025-04-02,2025-04,CW14,2,P
3992,e095f230-6434-44ba-a9f5-061ed19b780b,P,CW14,CW14,2025-04-03,2025-04-03,,CL,,2025-11-26 06:51:57.90379+00,7802c383-1ec0-41ae-9739-8ecc2faf327c,Task.xlsx,2025-11-26 06:51:57.90379+00,2025-11-26 06:51:57.90379+00,2025-04-03,2025-04,CW14,3,P
3993,e095f230-6434-44ba-a9f5-061ed19b780b,P,CW15,CW15,2025-04-07,2025-04-07,,CL,,2025-11-26 06:51:57.90379+00,7802c383-1ec0-41ae-9739-8ecc2faf327c,Task.xlsx,2025-11-26 06:51:57.90379+00,2025-11-26 06:51:57.90379+00,2025-04-07,2025-04,CW15,7,P
3994,e095f230-6434-44ba-a9f5-061ed19b780b,P,CW15,CW15,2025-04-08,2025-04-08,,CL,,2025-11-26 06:51:57.90379+00,7802c383-1ec0-41ae-9739-8ecc2faf327c,Task.xlsx,2025-11-26 06:51:57.90379+00,2025-11-26 06:51:57.90379+00,2025-04-08,2025-04,CW15,8,P
3995,e095f230-6434-44ba-a9f5-061ed19b780b,P,CW15,CW15,2025-04-09,2025-04-09,En,CL,,2025-11-26 06:51:57.90379+00,7802c383-1ec0-41ae-9739-8ecc2faf327c,Task.xlsx,2025-11-26 06:51:57.90379+00,2025-11-26 06:51:57.90379+00,2025-04-09,2025-04,CW15,9,P
3996,e095f230-6434-44ba-a9f5-061ed19b780b,P,CW15,CW15,2025-04-10,2025-04-10,,CL,,2025-11-26 06:51:57.90379+00,7802c383-1ec0-41ae-9739-8ecc2faf327c,Task.xlsx,2025-11-26 06:51:57.90379+00,2025-11-26 06:51:57.90379+00,2025-04-10,2025-04,CW15,10,P
3997,e095f230-6434-44ba-a9f5-061ed19b780b,P,CW15,CW15,2025-04-11,2025-04-11,,CL,,2025-11-26 06:51:57.90379+00,7802c383-1ec0-41ae-9739-8ecc2faf327c,Task.xlsx,2025-11-26 06:51:57.90379+00,2025-11-26 06:51:57.90379+00,2025-04-11,2025-04,CW15,11,P
3998,e095f230-6434-44ba-a9f5-061ed19b780b,P,CW16,CW16,2025-04-14,2025-04-14,En,CL,,2025-11-26 06:51:57.90379+00,7802c383-1ec0-41ae-9739-8ecc2faf327c,Task.xlsx,2025-11-26 06:51:57.90379+00,2025-11-26 06:51:57.90379+00,2025-04-14,2025-04,CW16,14,P
3999,e095f230-6434-44ba-a9f5-061ed19b780b,SW,CW16,CW16,2025-04-15,2025-04-15,En,CL,,2025-11-26 06:51:57.90379+00,7802c383-1ec0-41ae-9739-8ecc2faf327c,Task.xlsx,2025-11-26 06:51:57.90379+00,2025-11-26 06:51:57.90379+00,2025-04-15,2025-04,CW16,15,SW
4000,e095f230-6434-44ba-a9f5-061ed19b780b,P,CW16,CW16,2025-04-16,2025-04-16,,CL,,2025-11-26 06:51:57.90379+00,7802c383-1ec0-41ae-9739-8ecc2faf327c,Task.xlsx,2025-11-26 06:51:57.90379+00,2025-11-26 06:51:57.90379+00,2025-04-16,2025-04,CW16,16,P
4001,e095f230-6434-44ba-a9f5-061ed19b780b,P,CW16,CW16,2025-04-17,2025-04-17,,CL,,2025-11-26 06:51:57.90379+00,7802c383-1ec0-41ae-9739-8ecc2faf327c,Task.xlsx,2025-11-26 06:51:57.90379+00,2025-11-26 06:51:57.90379+00,2025-04-17,2025-04,CW16,17,P
4002,e095f230-6434-44ba-a9f5-061ed19b780b,P,CW16,CW16,2025-04-18,2025-04-18,,CL,,2025-11-26 06:51:57.90379+00,7802c383-1ec0-41ae-9739-8ecc2faf327c,Task.xlsx,2025-11-26 06:51:57.90379+00,2025-11-26 06:51:57.90379+00,2025-04-18,2025-04,CW16,18,P
4003,e095f230-6434-44ba-a9f5-061ed19b780b,SW,CW17,CW17,2025-04-21,2025-04-21,,CL,,2025-11-26 06:51:57.90379+00,7802c383-1ec0-41ae-9739-8ecc2faf327c,Task.xlsx,2025-11-26 06:51:57.90379+00,2025-11-26 06:51:57.90379+00,2025-04-21,2025-04,CW17,21,SW
4004,e095f230-6434-44ba-a9f5-061ed19b780b,SW,CW17,CW17,2025-04-22,2025-04-22,,CL,,2025-11-26 06:51:57.90379+00,7802c383-1ec0-41ae-9739-8ecc2faf327c,Task.xlsx,2025-11-26 06:51:57.90379+00,2025-11-26 06:51:57.90379+00,2025-04-22,2025-04,CW17,22,SW
4005,e095f230-6434-44ba-a9f5-061ed19b780b,SW,CW17,CW17,2025-04-23,2025-04-23,,CL,,2025-11-26 06:51:57.90379+00,7802c383-1ec0-41ae-9739-8ecc2faf327c,Task.xlsx,2025-11-26 06:51:57.90379+00,2025-11-26 06:51:57.90379+00,2025-04-23,2025-04,CW17,23,SW
4006,e095f230-6434-44ba-a9f5-061ed19b780b,SW,CW17,CW17,2025-04-24,2025-04-24,,CL,,2025-11-26 06:51:57.90379+00,7802c383-1ec0-41ae-9739-8ecc2faf327c,Task.xlsx,2025-11-26 06:51:57.90379+00,2025-11-26 06:51:57.90379+00,2025-04-24,2025-04,CW17,24,SW
4007,e095f230-6434-44ba-a9f5-061ed19b780b,SW,CW17,CW17,2025-04-25,2025-04-25,,CL,,2025-11-26 06:51:57.90379+00,7802c383-1ec0-41ae-9739-8ecc2faf327c,Task.xlsx,2025-11-26 06:51:57.90379+00,2025-11-26 06:51:57.90379+00,2025-04-25,2025-04,CW17,25,SW
4008,e095f230-6434-44ba-a9f5-061ed19b780b,T,CW17,CW17,2025-04-27,2025-04-27,,CL,,2025-11-26 06:51:57.90379+00,7802c383-1ec0-41ae-9739-8ecc2faf327c,Task.xlsx,2025-11-26 06:51:57.90379+00,2025-11-26 06:51:57.90379+00,2025-04-27,2025-04,CW17,27,T
4009,e095f230-6434-44ba-a9f5-061ed19b780b,M,CW18,CW18,2025-04-28,2025-04-28,En,CL,,2025-11-26 06:51:57.90379+00,7802c383-1ec0-41ae-9739-8ecc2faf327c,Task.xlsx,2025-11-26 06:51:57.90379+00,2025-11-26 06:51:57.90379+00,2025-04-28,2025-04,CW18,28,M
4010,e095f230-6434-44ba-a9f5-061ed19b780b,P,CW18,CW18,2025-04-29,2025-04-29,,CL,,2025-11-26 06:51:57.90379+00,7802c383-1ec0-41ae-9739-8ecc2faf327c,Task.xlsx,2025-11-26 06:51:57.90379+00,2025-11-26 06:51:57.90379+00,2025-04-29,2025-04,CW18,29,P
4011,e095f230-6434-44ba-a9f5-061ed19b780b,T,CW19,CW19,2025-05-06,2025-05-06,,SNa,,2025-11-26 06:51:57.90379+00,7802c383-1ec0-41ae-9739-8ecc2faf327c,Task.xlsx,2025-11-26 06:51:57.90379+00,2025-11-26 06:51:57.90379+00,2025-05-06,2025-05,CW19,6,T
4012,e095f230-6434-44ba-a9f5-061ed19b780b,T,CW19,CW19,2025-05-07,2025-05-07,,LC,,2025-11-26 06:51:57.90379+00,7802c383-1ec0-41ae-9739-8ecc2faf327c,Task.xlsx,2025-11-26 06:51:57.90379+00,2025-11-26 06:51:57.90379+00,2025-05-07,2025-05,CW19,7,T
4013,e095f230-6434-44ba-a9f5-061ed19b780b,P,CW19,CW19,2025-05-08,2025-05-08,,CL,,2025-11-26 06:51:57.90379+00,7802c383-1ec0-41ae-9739-8ecc2faf327c,Task.xlsx,2025-11-26 06:51:57.90379+00,2025-11-26 06:51:57.90379+00,2025-05-08,2025-05,CW19,8,P
4014,e095f230-6434-44ba-a9f5-061ed19b780b,P,CW19,CW19,2025-05-09,2025-05-09,En,CL,,2025-11-26 06:51:57.90379+00,7802c383-1ec0-41ae-9739-8ecc2faf327c,Task.xlsx,2025-11-26 06:51:57.90379+00,2025-11-26 06:51:57.90379+00,2025-05-09,2025-05,CW19,9,P
4015,e095f230-6434-44ba-a9f5-061ed19b780b,P,CW20,CW20,2025-05-12,2025-05-12,En,CL,,2025-11-26 06:51:57.90379+00,7802c383-1ec0-41ae-9739-8ecc2faf327c,Task.xlsx,2025-11-26 06:51:57.90379+00,2025-11-26 06:51:57.90379+00,2025-05-12,2025-05,CW20,12,P
4016,e095f230-6434-44ba-a9f5-061ed19b780b,P,CW20,CW20,2025-05-13,2025-05-13,,CL,,2025-11-26 06:51:57.90379+00,7802c383-1ec0-41ae-9739-8ecc2faf327c,Task.xlsx,2025-11-26 06:51:57.90379+00,2025-11-26 06:51:57.90379+00,2025-05-13,2025-05,CW20,13,P
4017,e095f230-6434-44ba-a9f5-061ed19b780b,P,CW20,CW20,2025-05-14,2025-05-14,,CL,,2025-11-26 06:51:57.90379+00,7802c383-1ec0-41ae-9739-8ecc2faf327c,Task.xlsx,2025-11-26 06:51:57.90379+00,2025-11-26 06:51:57.90379+00,2025-05-14,2025-05,CW20,14,P
4018,e095f230-6434-44ba-a9f5-061ed19b780b,P,CW20,CW20,2025-05-15,2025-05-15,,CL,,2025-11-26 06:51:57.90379+00,7802c383-1ec0-41ae-9739-8ecc2faf327c,Task.xlsx,2025-11-26 06:51:57.90379+00,2025-11-26 06:51:57.90379+00,2025-05-15,2025-05,CW20,15,P
4019,e095f230-6434-44ba-a9f5-061ed19b780b,P,CW20,CW20,2025-05-16,2025-05-16,,CL,,2025-11-26 06:51:57.90379+00,7802c383-1ec0-41ae-9739-8ecc2faf327c,Task.xlsx,2025-11-26 06:51:57.90379+00,2025-11-26 06:51:57.90379+00,2025-05-16,2025-05,CW20,16,P
4020,e095f230-6434-44ba-a9f5-061ed19b780b,P,CW21,CW21,2025-05-19,2025-05-19,,CL,,2025-11-26 06:51:57.90379+00,7802c383-1ec0-41ae-9739-8ecc2faf327c,Task.xlsx,2025-11-26 06:51:57.90379+00,2025-11-26 06:51:57.90379+00,2025-05-19,2025-05,CW21,19,P
4021,e095f230-6434-44ba-a9f5-061ed19b780b,P,CW21,CW21,2025-05-20,2025-05-20,En,CL,,2025-11-26 06:51:57.90379+00,7802c383-1ec0-41ae-9739-8ecc2faf327c,Task.xlsx,2025-11-26 06:51:57.90379+00,2025-11-26 06:51:57.90379+00,2025-05-20,2025-05,CW21,20,P
4022,e095f230-6434-44ba-a9f5-061ed19b780b,P,CW21,CW21,2025-05-21,2025-05-21,,CL,,2025-11-26 06:51:57.90379+00,7802c383-1ec0-41ae-9739-8ecc2faf327c,Task.xlsx,2025-11-26 06:51:57.90379+00,2025-11-26 06:51:57.90379+00,2025-05-21,2025-05,CW21,21,P
4023,e095f230-6434-44ba-a9f5-061ed19b780b,P,CW21,CW21,2025-05-22,2025-05-22,En,CL,,2025-11-26 06:51:57.90379+00,7802c383-1ec0-41ae-9739-8ecc2faf327c,Task.xlsx,2025-11-26 06:51:57.90379+00,2025-11-26 06:51:57.90379+00,2025-05-22,2025-05,CW21,22,P
4024,e095f230-6434-44ba-a9f5-061ed19b780b,P,CW21,CW21,2025-05-23,2025-05-23,,CL,,2025-11-26 06:51:57.90379+00,7802c383-1ec0-41ae-9739-8ecc2faf327c,Task.xlsx,2025-11-26 06:51:57.90379+00,2025-11-26 06:51:57.90379+00,2025-05-23,2025-05,CW21,23,P
4025,e095f230-6434-44ba-a9f5-061ed19b780b,P,CW22,CW22,2025-05-26,2025-05-26,,LN,,2025-11-26 06:51:57.90379+00,7802c383-1ec0-41ae-9739-8ecc2faf327c,Task.xlsx,2025-11-26 06:51:57.90379+00,2025-11-26 06:51:57.90379+00,2025-05-26,2025-05,CW22,26,P
4026,e095f230-6434-44ba-a9f5-061ed19b780b,P,CW22,CW22,2025-05-27,2025-05-27,,CL,,2025-11-26 06:51:57.90379+00,7802c383-1ec0-41ae-9739-8ecc2faf327c,Task.xlsx,2025-11-26 06:51:57.90379+00,2025-11-26 06:51:57.90379+00,2025-05-27,2025-05,CW22,27,P
4027,e095f230-6434-44ba-a9f5-061ed19b780b,P,CW22,CW22,2025-05-28,2025-05-28,,CL,,2025-11-26 06:51:57.90379+00,7802c383-1ec0-41ae-9739-8ecc2faf327c,Task.xlsx,2025-11-26 06:51:57.90379+00,2025-11-26 06:51:57.90379+00,2025-05-28,2025-05,CW22,28,P
4028,e095f230-6434-44ba-a9f5-061ed19b780b,T,CW22,CW22,2025-05-29,2025-05-29,WATS,LC,,2025-11-26 06:51:57.90379+00,7802c383-1ec0-41ae-9739-8ecc2faf327c,Task.xlsx,2025-11-26 06:51:57.90379+00,2025-11-26 06:51:57.90379+00,2025-05-29,2025-05,CW22,29,T
4029,e095f230-6434-44ba-a9f5-061ed19b780b,T,CW22,CW22,2025-05-30,2025-05-30,,LC,,2025-11-26 06:51:57.90379+00,7802c383-1ec0-41ae-9739-8ecc2faf327c,Task.xlsx,2025-11-26 06:51:57.90379+00,2025-11-26 06:51:57.90379+00,2025-05-30,2025-05,CW22,30,T
4030,e095f230-6434-44ba-a9f5-061ed19b780b,P,CW23,CW23,2025-06-03,2025-06-03,,CL,,2025-11-26 06:51:57.90379+00,7802c383-1ec0-41ae-9739-8ecc2faf327c,Task.xlsx,2025-11-26 06:51:57.90379+00,2025-11-26 06:51:57.90379+00,2025-06-03,2025-06,CW23,3,P
4031,e095f230-6434-44ba-a9f5-061ed19b780b,P,CW23,CW23,2025-06-04,2025-06-04,,CL,,2025-11-26 06:51:57.90379+00,7802c383-1ec0-41ae-9739-8ecc2faf327c,Task.xlsx,2025-11-26 06:51:57.90379+00,2025-11-26 06:51:57.90379+00,2025-06-04,2025-06,CW23,4,P
4032,e095f230-6434-44ba-a9f5-061ed19b780b,P,CW23,CW23,2025-06-05,2025-06-05,En,CL,,2025-11-26 06:51:57.90379+00,7802c383-1ec0-41ae-9739-8ecc2faf327c,Task.xlsx,2025-11-26 06:51:57.90379+00,2025-11-26 06:51:57.90379+00,2025-06-05,2025-06,CW23,5,P
4033,e095f230-6434-44ba-a9f5-061ed19b780b,P,CW23,CW23,2025-06-06,2025-06-06,,CL,,2025-11-26 06:51:57.90379+00,7802c383-1ec0-41ae-9739-8ecc2faf327c,Task.xlsx,2025-11-26 06:51:57.90379+00,2025-11-26 06:51:57.90379+00,2025-06-06,2025-06,CW23,6,P
4034,e095f230-6434-44ba-a9f5-061ed19b780b,WS,CW24,CW24,2025-06-09,2025-06-09,Boot Camp,EA,,2025-11-26 06:51:57.90379+00,7802c383-1ec0-41ae-9739-8ecc2faf327c,Task.xlsx,2025-11-26 06:51:57.90379+00,2025-11-26 06:51:57.90379+00,2025-06-09,2025-06,CW24,9,WS
4035,e095f230-6434-44ba-a9f5-061ed19b780b,WS,CW24,CW24,2025-06-10,2025-06-10,,HA,,2025-11-26 06:51:57.90379+00,7802c383-1ec0-41ae-9739-8ecc2faf327c,Task.xlsx,2025-11-26 06:51:57.90379+00,2025-11-26 06:51:57.90379+00,2025-06-10,2025-06,CW24,10,WS
4036,e095f230-6434-44ba-a9f5-061ed19b780b,P,CW24,CW24,2025-06-11,2025-06-11,,CL,,2025-11-26 06:51:57.90379+00,7802c383-1ec0-41ae-9739-8ecc2faf327c,Task.xlsx,2025-11-26 06:51:57.90379+00,2025-11-26 06:51:57.90379+00,2025-06-11,2025-06,CW24,11,P
4037,e095f230-6434-44ba-a9f5-061ed19b780b,P,CW24,CW24,2025-06-12,2025-06-12,En,CL,,2025-11-26 06:51:57.90379+00,7802c383-1ec0-41ae-9739-8ecc2faf327c,Task.xlsx,2025-11-26 06:51:57.90379+00,2025-11-26 06:51:57.90379+00,2025-06-12,2025-06,CW24,12,P
4038,e095f230-6434-44ba-a9f5-061ed19b780b,P,CW24,CW24,2025-06-13,2025-06-13,,CL,,2025-11-26 06:51:57.90379+00,7802c383-1ec0-41ae-9739-8ecc2faf327c,Task.xlsx,2025-11-26 06:51:57.90379+00,2025-11-26 06:51:57.90379+00,2025-06-13,2025-06,CW24,13,P
4039,e095f230-6434-44ba-a9f5-061ed19b780b,P,CW25,CW25,2025-06-16,2025-06-16,,CL,,2025-11-26 06:51:57.90379+00,7802c383-1ec0-41ae-9739-8ecc2faf327c,Task.xlsx,2025-11-26 06:51:57.90379+00,2025-11-26 06:51:57.90379+00,2025-06-16,2025-06,CW25,16,P
4040,e095f230-6434-44ba-a9f5-061ed19b780b,P,CW25,CW25,2025-06-17,2025-06-17,En,CL,,2025-11-26 06:51:57.90379+00,7802c383-1ec0-41ae-9739-8ecc2faf327c,Task.xlsx,2025-11-26 06:51:57.90379+00,2025-11-26 06:51:57.90379+00,2025-06-17,2025-06,CW25,17,P
4041,e095f230-6434-44ba-a9f5-061ed19b780b,P,CW25,CW25,2025-06-18,2025-06-18,,CL,,2025-11-26 06:51:57.90379+00,7802c383-1ec0-41ae-9739-8ecc2faf327c,Task.xlsx,2025-11-26 06:51:57.90379+00,2025-11-26 06:51:57.90379+00,2025-06-18,2025-06,CW25,18,P
4042,e095f230-6434-44ba-a9f5-061ed19b780b,P,CW25,CW25,2025-06-19,2025-06-19,En,CL,,2025-11-26 06:51:57.90379+00,7802c383-1ec0-41ae-9739-8ecc2faf327c,Task.xlsx,2025-11-26 06:51:57.90379+00,2025-11-26 06:51:57.90379+00,2025-06-19,2025-06,CW25,19,P
4043,e095f230-6434-44ba-a9f5-061ed19b780b,P,CW25,CW25,2025-06-20,2025-06-20,,CL,,2025-11-26 06:51:57.90379+00,7802c383-1ec0-41ae-9739-8ecc2faf327c,Task.xlsx,2025-11-26 06:51:57.90379+00,2025-11-26 06:51:57.90379+00,2025-06-20,2025-06,CW25,20,P
4044,e095f230-6434-44ba-a9f5-061ed19b780b,P,CW26,CW26,2025-06-23,2025-06-23,,CL,,2025-11-26 06:51:57.90379+00,7802c383-1ec0-41ae-9739-8ecc2faf327c,Task.xlsx,2025-11-26 06:51:57.90379+00,2025-11-26 06:51:57.90379+00,2025-06-23,2025-06,CW26,23,P
4045,e095f230-6434-44ba-a9f5-061ed19b780b,P,CW26,CW26,2025-06-24,2025-06-24,En,CL,,2025-11-26 06:51:57.90379+00,7802c383-1ec0-41ae-9739-8ecc2faf327c,Task.xlsx,2025-11-26 06:51:57.90379+00,2025-11-26 06:51:57.90379+00,2025-06-24,2025-06,CW26,24,P
4046,e095f230-6434-44ba-a9f5-061ed19b780b,P,CW26,CW26,2025-06-25,2025-06-25,En,CL,,2025-11-26 06:51:57.90379+00,7802c383-1ec0-41ae-9739-8ecc2faf327c,Task.xlsx,2025-11-26 06:51:57.90379+00,2025-11-26 06:51:57.90379+00,2025-06-25,2025-06,CW26,25,P
4047,e095f230-6434-44ba-a9f5-061ed19b780b,M,CW26,CW26,2025-06-26,2025-06-26,,CL,,2025-11-26 06:51:57.90379+00,7802c383-1ec0-41ae-9739-8ecc2faf327c,Task.xlsx,2025-11-26 06:51:57.90379+00,2025-11-26 06:51:57.90379+00,2025-06-26,2025-06,CW26,26,M
4048,e095f230-6434-44ba-a9f5-061ed19b780b,P,CW26,CW26,2025-06-27,2025-06-27,,CL,,2025-11-26 06:51:57.90379+00,7802c383-1ec0-41ae-9739-8ecc2faf327c,Task.xlsx,2025-11-26 06:51:57.90379+00,2025-11-26 06:51:57.90379+00,2025-06-27,2025-06,CW26,27,P
4049,e095f230-6434-44ba-a9f5-061ed19b780b,P,CW27,CW27,2025-06-30,2025-06-30,,CL,,2025-11-26 06:51:57.90379+00,7802c383-1ec0-41ae-9739-8ecc2faf327c,Task.xlsx,2025-11-26 06:51:57.90379+00,2025-11-26 06:51:57.90379+00,2025-06-30,2025-06,CW27,30,P
4050,e095f230-6434-44ba-a9f5-061ed19b780b,P,CW27,CW27,2025-07-01,2025-07-01,En,CL,,2025-11-26 06:51:57.90379+00,7802c383-1ec0-41ae-9739-8ecc2faf327c,Task.xlsx,2025-11-26 06:51:57.90379+00,2025-11-26 06:51:57.90379+00,2025-07-01,2025-07,CW27,1,P
4051,e095f230-6434-44ba-a9f5-061ed19b780b,P,CW27,CW27,2025-07-02,2025-07-02,,CL,,2025-11-26 06:51:57.90379+00,7802c383-1ec0-41ae-9739-8ecc2faf327c,Task.xlsx,2025-11-26 06:51:57.90379+00,2025-11-26 06:51:57.90379+00,2025-07-02,2025-07,CW27,2,P
4052,e095f230-6434-44ba-a9f5-061ed19b780b,P,CW27,CW27,2025-07-03,2025-07-03,En,CL,,2025-11-26 06:51:57.90379+00,7802c383-1ec0-41ae-9739-8ecc2faf327c,Task.xlsx,2025-11-26 06:51:57.90379+00,2025-11-26 06:51:57.90379+00,2025-07-03,2025-07,CW27,3,P
4053,e095f230-6434-44ba-a9f5-061ed19b780b,P,CW27,CW27,2025-07-04,2025-07-04,En,CL,,2025-11-26 06:51:57.90379+00,7802c383-1ec0-41ae-9739-8ecc2faf327c,Task.xlsx,2025-11-26 06:51:57.90379+00,2025-11-26 06:51:57.90379+00,2025-07-04,2025-07,CW27,4,P
4054,e095f230-6434-44ba-a9f5-061ed19b780b,P,CW28,CW28,2025-07-07,2025-07-07,,CL,,2025-11-26 06:51:57.90379+00,7802c383-1ec0-41ae-9739-8ecc2faf327c,Task.xlsx,2025-11-26 06:51:57.90379+00,2025-11-26 06:51:57.90379+00,2025-07-07,2025-07,CW28,7,P
4055,e095f230-6434-44ba-a9f5-061ed19b780b,P,CW28,CW28,2025-07-08,2025-07-08,En,CL,,2025-11-26 06:51:57.90379+00,7802c383-1ec0-41ae-9739-8ecc2faf327c,Task.xlsx,2025-11-26 06:51:57.90379+00,2025-11-26 06:51:57.90379+00,2025-07-08,2025-07,CW28,8,P
4056,e095f230-6434-44ba-a9f5-061ed19b780b,P,CW28,CW28,2025-07-09,2025-07-09,En,CL,,2025-11-26 06:51:57.90379+00,7802c383-1ec0-41ae-9739-8ecc2faf327c,Task.xlsx,2025-11-26 06:51:57.90379+00,2025-11-26 06:51:57.90379+00,2025-07-09,2025-07,CW28,9,P
4057,e095f230-6434-44ba-a9f5-061ed19b780b,P,CW28,CW28,2025-07-10,2025-07-10,En,CL,,2025-11-26 06:51:57.90379+00,7802c383-1ec0-41ae-9739-8ecc2faf327c,Task.xlsx,2025-11-26 06:51:57.90379+00,2025-11-26 06:51:57.90379+00,2025-07-10,2025-07,CW28,10,P
4058,e095f230-6434-44ba-a9f5-061ed19b780b,P,CW28,CW28,2025-07-11,2025-07-11,,CL,,2025-11-26 06:51:57.90379+00,7802c383-1ec0-41ae-9739-8ecc2faf327c,Task.xlsx,2025-11-26 06:51:57.90379+00,2025-11-26 06:51:57.90379+00,2025-07-11,2025-07,CW28,11,P
4059,e095f230-6434-44ba-a9f5-061ed19b780b,T,CW29,CW29,2025-07-14,2025-07-14,,CL,,2025-11-26 06:51:57.90379+00,7802c383-1ec0-41ae-9739-8ecc2faf327c,Task.xlsx,2025-11-26 06:51:57.90379+00,2025-11-26 06:51:57.90379+00,2025-07-14,2025-07,CW29,14,T
4060,e095f230-6434-44ba-a9f5-061ed19b780b,P,CW29,CW29,2025-07-15,2025-07-15,En,CL,,2025-11-26 06:51:57.90379+00,7802c383-1ec0-41ae-9739-8ecc2faf327c,Task.xlsx,2025-11-26 06:51:57.90379+00,2025-11-26 06:51:57.90379+00,2025-07-15,2025-07,CW29,15,P
4061,e095f230-6434-44ba-a9f5-061ed19b780b,P,CW29,CW29,2025-07-16,2025-07-16,,CL,,2025-11-26 06:51:57.90379+00,7802c383-1ec0-41ae-9739-8ecc2faf327c,Task.xlsx,2025-11-26 06:51:57.90379+00,2025-11-26 06:51:57.90379+00,2025-07-16,2025-07,CW29,16,P
4062,e095f230-6434-44ba-a9f5-061ed19b780b,P,CW29,CW29,2025-07-17,2025-07-17,En,CL,,2025-11-26 06:51:57.90379+00,7802c383-1ec0-41ae-9739-8ecc2faf327c,Task.xlsx,2025-11-26 06:51:57.90379+00,2025-11-26 06:51:57.90379+00,2025-07-17,2025-07,CW29,17,P
4063,e095f230-6434-44ba-a9f5-061ed19b780b,P,CW29,CW29,2025-07-18,2025-07-18,,CL,,2025-11-26 06:51:57.90379+00,7802c383-1ec0-41ae-9739-8ecc2faf327c,Task.xlsx,2025-11-26 06:51:57.90379+00,2025-11-26 06:51:57.90379+00,2025-07-18,2025-07,CW29,18,P
4064,e095f230-6434-44ba-a9f5-061ed19b780b,P,CW30,CW30,2025-07-21,2025-07-21,En,CL,,2025-11-26 06:51:57.90379+00,7802c383-1ec0-41ae-9739-8ecc2faf327c,Task.xlsx,2025-11-26 06:51:57.90379+00,2025-11-26 06:51:57.90379+00,2025-07-21,2025-07,CW30,21,P
4065,e095f230-6434-44ba-a9f5-061ed19b780b,P,CW30,CW30,2025-07-22,2025-07-22,En,CL,,2025-11-26 06:51:57.90379+00,7802c383-1ec0-41ae-9739-8ecc2faf327c,Task.xlsx,2025-11-26 06:51:57.90379+00,2025-11-26 06:51:57.90379+00,2025-07-22,2025-07,CW30,22,P
4066,e095f230-6434-44ba-a9f5-061ed19b780b,P,CW30,CW30,2025-07-23,2025-07-23,En,CL,,2025-11-26 06:51:57.90379+00,7802c383-1ec0-41ae-9739-8ecc2faf327c,Task.xlsx,2025-11-26 06:51:57.90379+00,2025-11-26 06:51:57.90379+00,2025-07-23,2025-07,CW30,23,P
4067,e095f230-6434-44ba-a9f5-061ed19b780b,P,CW30,CW30,2025-07-24,2025-07-24,,EA,,2025-11-26 06:51:57.90379+00,7802c383-1ec0-41ae-9739-8ecc2faf327c,Task.xlsx,2025-11-26 06:51:57.90379+00,2025-11-26 06:51:57.90379+00,2025-07-24,2025-07,CW30,24,P
4068,e095f230-6434-44ba-a9f5-061ed19b780b,P,CW30,CW30,2025-07-25,2025-07-25,En,CL,,2025-11-26 06:51:57.90379+00,7802c383-1ec0-41ae-9739-8ecc2faf327c,Task.xlsx,2025-11-26 06:51:57.90379+00,2025-11-26 06:51:57.90379+00,2025-07-25,2025-07,CW30,25,P
4069,e095f230-6434-44ba-a9f5-061ed19b780b,P,CW31,CW31,2025-07-28,2025-07-28,,CL,,2025-11-26 06:51:57.90379+00,7802c383-1ec0-41ae-9739-8ecc2faf327c,Task.xlsx,2025-11-26 06:51:57.90379+00,2025-11-26 06:51:57.90379+00,2025-07-28,2025-07,CW31,28,P
4070,e095f230-6434-44ba-a9f5-061ed19b780b,P,CW31,CW31,2025-07-29,2025-07-29,,CL,,2025-11-26 06:51:57.90379+00,7802c383-1ec0-41ae-9739-8ecc2faf327c,Task.xlsx,2025-11-26 06:51:57.90379+00,2025-11-26 06:51:57.90379+00,2025-07-29,2025-07,CW31,29,P
4071,e095f230-6434-44ba-a9f5-061ed19b780b,P,CW31,CW31,2025-07-30,2025-07-30,,CL,,2025-11-26 06:51:57.90379+00,7802c383-1ec0-41ae-9739-8ecc2faf327c,Task.xlsx,2025-11-26 06:51:57.90379+00,2025-11-26 06:51:57.90379+00,2025-07-30,2025-07,CW31,30,P
4072,e095f230-6434-44ba-a9f5-061ed19b780b,P,CW31,CW31,2025-07-31,2025-07-31,10KK,CL,,2025-11-26 06:51:57.90379+00,7802c383-1ec0-41ae-9739-8ecc2faf327c,Task.xlsx,2025-11-26 06:51:57.90379+00,2025-11-26 06:51:57.90379+00,2025-07-31,2025-07,CW31,31,P
4073,e095f230-6434-44ba-a9f5-061ed19b780b,P,CW31,CW31,2025-08-01,2025-08-01,,EA,,2025-11-26 06:51:57.90379+00,7802c383-1ec0-41ae-9739-8ecc2faf327c,Task.xlsx,2025-11-26 06:51:57.90379+00,2025-11-26 06:51:57.90379+00,2025-08-01,2025-08,CW31,1,P
4074,e095f230-6434-44ba-a9f5-061ed19b780b,P,CW32,CW32,2025-08-04,2025-08-04,,CL,,2025-11-26 06:51:57.90379+00,7802c383-1ec0-41ae-9739-8ecc2faf327c,Task.xlsx,2025-11-26 06:51:57.90379+00,2025-11-26 06:51:57.90379+00,2025-08-04,2025-08,CW32,4,P
4075,e095f230-6434-44ba-a9f5-061ed19b780b,P,CW32,CW32,2025-08-05,2025-08-05,En,CL,,2025-11-26 06:51:57.90379+00,7802c383-1ec0-41ae-9739-8ecc2faf327c,Task.xlsx,2025-11-26 06:51:57.90379+00,2025-11-26 06:51:57.90379+00,2025-08-05,2025-08,CW32,5,P
4076,e095f230-6434-44ba-a9f5-061ed19b780b,P,CW32,CW32,2025-08-06,2025-08-06,En,CL,,2025-11-26 06:51:57.90379+00,7802c383-1ec0-41ae-9739-8ecc2faf327c,Task.xlsx,2025-11-26 06:51:57.90379+00,2025-11-26 06:51:57.90379+00,2025-08-06,2025-08,CW32,6,P
4077,e095f230-6434-44ba-a9f5-061ed19b780b,P,CW32,CW32,2025-08-07,2025-08-07,,CL,,2025-11-26 06:51:57.90379+00,7802c383-1ec0-41ae-9739-8ecc2faf327c,Task.xlsx,2025-11-26 06:51:57.90379+00,2025-11-26 06:51:57.90379+00,2025-08-07,2025-08,CW32,7,P
4078,e095f230-6434-44ba-a9f5-061ed19b780b,P,CW32,CW32,2025-08-08,2025-08-08,,CL,,2025-11-26 06:51:57.90379+00,7802c383-1ec0-41ae-9739-8ecc2faf327c,Task.xlsx,2025-11-26 06:51:57.90379+00,2025-11-26 06:51:57.90379+00,2025-08-08,2025-08,CW32,8,P
4079,e095f230-6434-44ba-a9f5-061ed19b780b,P,CW33,CW33,2025-08-11,2025-08-11,En,CL,,2025-11-26 06:51:57.90379+00,7802c383-1ec0-41ae-9739-8ecc2faf327c,Task.xlsx,2025-11-26 06:51:57.90379+00,2025-11-26 06:51:57.90379+00,2025-08-11,2025-08,CW33,11,P
4080,e095f230-6434-44ba-a9f5-061ed19b780b,T,CW33,CW33,2025-08-12,2025-08-12,WAS,CL,,2025-11-26 06:51:57.90379+00,7802c383-1ec0-41ae-9739-8ecc2faf327c,Task.xlsx,2025-11-26 06:51:57.90379+00,2025-11-26 06:51:57.90379+00,2025-08-12,2025-08,CW33,12,T
4081,e095f230-6434-44ba-a9f5-061ed19b780b,T,CW33,CW33,2025-08-13,2025-08-13,,CL,,2025-11-26 06:51:57.90379+00,7802c383-1ec0-41ae-9739-8ecc2faf327c,Task.xlsx,2025-11-26 06:51:57.90379+00,2025-11-26 06:51:57.90379+00,2025-08-13,2025-08,CW33,13,T
4082,e095f230-6434-44ba-a9f5-061ed19b780b,T,CW33,CW33,2025-08-14,2025-08-14,,CL,,2025-11-26 06:51:57.90379+00,7802c383-1ec0-41ae-9739-8ecc2faf327c,Task.xlsx,2025-11-26 06:51:57.90379+00,2025-11-26 06:51:57.90379+00,2025-08-14,2025-08,CW33,14,T
4083,e095f230-6434-44ba-a9f5-061ed19b780b,T,CW33,CW33,2025-08-15,2025-08-15,,CL,,2025-11-26 06:51:57.90379+00,7802c383-1ec0-41ae-9739-8ecc2faf327c,Task.xlsx,2025-11-26 06:51:57.90379+00,2025-11-26 06:51:57.90379+00,2025-08-15,2025-08,CW33,15,T
4084,e095f230-6434-44ba-a9f5-061ed19b780b,P,CW34,CW34,2025-08-18,2025-08-18,,CL,,2025-11-26 06:51:57.90379+00,7802c383-1ec0-41ae-9739-8ecc2faf327c,Task.xlsx,2025-11-26 06:51:57.90379+00,2025-11-26 06:51:57.90379+00,2025-08-18,2025-08,CW34,18,P
4085,e095f230-6434-44ba-a9f5-061ed19b780b,P,CW34,CW34,2025-08-19,2025-08-19,En,CL,,2025-11-26 06:51:57.90379+00,7802c383-1ec0-41ae-9739-8ecc2faf327c,Task.xlsx,2025-11-26 06:51:57.90379+00,2025-11-26 06:51:57.90379+00,2025-08-19,2025-08,CW34,19,P
4086,e095f230-6434-44ba-a9f5-061ed19b780b,P,CW34,CW34,2025-08-20,2025-08-20,,CL,,2025-11-26 06:51:57.90379+00,7802c383-1ec0-41ae-9739-8ecc2faf327c,Task.xlsx,2025-11-26 06:51:57.90379+00,2025-11-26 06:51:57.90379+00,2025-08-20,2025-08,CW34,20,P
4087,e095f230-6434-44ba-a9f5-061ed19b780b,P,CW34,CW34,2025-08-21,2025-08-21,,CL,,2025-11-26 06:51:57.90379+00,7802c383-1ec0-41ae-9739-8ecc2faf327c,Task.xlsx,2025-11-26 06:51:57.90379+00,2025-11-26 06:51:57.90379+00,2025-08-21,2025-08,CW34,21,P
4088,e095f230-6434-44ba-a9f5-061ed19b780b,P,CW34,CW34,2025-08-22,2025-08-22,En,CL,,2025-11-26 06:51:57.90379+00,7802c383-1ec0-41ae-9739-8ecc2faf327c,Task.xlsx,2025-11-26 06:51:57.90379+00,2025-11-26 06:51:57.90379+00,2025-08-22,2025-08,CW34,22,P
4089,e095f230-6434-44ba-a9f5-061ed19b780b,P,CW35,CW35,2025-08-25,2025-08-25,,LN,,2025-11-26 06:51:57.90379+00,7802c383-1ec0-41ae-9739-8ecc2faf327c,Task.xlsx,2025-11-26 06:51:57.90379+00,2025-11-26 06:51:57.90379+00,2025-08-25,2025-08,CW35,25,P
4090,e095f230-6434-44ba-a9f5-061ed19b780b,SD,CW35,CW35,2025-08-26,2025-08-26,T,LN,,2025-11-26 06:51:57.90379+00,7802c383-1ec0-41ae-9739-8ecc2faf327c,Task.xlsx,2025-11-26 06:51:57.90379+00,2025-11-26 06:51:57.90379+00,2025-08-26,2025-08,CW35,26,SD
4091,e095f230-6434-44ba-a9f5-061ed19b780b,P,CW35,CW35,2025-08-27,2025-08-27,En,CL,,2025-11-26 06:51:57.90379+00,7802c383-1ec0-41ae-9739-8ecc2faf327c,Task.xlsx,2025-11-26 06:51:57.90379+00,2025-11-26 06:51:57.90379+00,2025-08-27,2025-08,CW35,27,P
4092,e095f230-6434-44ba-a9f5-061ed19b780b,P,CW35,CW35,2025-08-28,2025-08-28,En,CL,,2025-11-26 06:51:57.90379+00,7802c383-1ec0-41ae-9739-8ecc2faf327c,Task.xlsx,2025-11-26 06:51:57.90379+00,2025-11-26 06:51:57.90379+00,2025-08-28,2025-08,CW35,28,P
4093,e095f230-6434-44ba-a9f5-061ed19b780b,P,CW35,CW35,2025-08-29,2025-08-29,,CL,,2025-11-26 06:51:57.90379+00,7802c383-1ec0-41ae-9739-8ecc2faf327c,Task.xlsx,2025-11-26 06:51:57.90379+00,2025-11-26 06:51:57.90379+00,2025-08-29,2025-08,CW35,29,P
4094,e095f230-6434-44ba-a9f5-061ed19b780b,P,CW36,CW36,2025-09-01,2025-09-01,En,CL,,2025-11-26 06:51:57.90379+00,7802c383-1ec0-41ae-9739-8ecc2faf327c,Task.xlsx,2025-11-26 06:51:57.90379+00,2025-11-26 06:51:57.90379+00,2025-09-01,2025-09,CW36,1,P
4095,e095f230-6434-44ba-a9f5-061ed19b780b,P,CW36,CW36,2025-09-02,2025-09-02,,CL,,2025-11-26 06:51:57.90379+00,7802c383-1ec0-41ae-9739-8ecc2faf327c,Task.xlsx,2025-11-26 06:51:57.90379+00,2025-11-26 06:51:57.90379+00,2025-09-02,2025-09,CW36,2,P
4096,e095f230-6434-44ba-a9f5-061ed19b780b,P,CW36,CW36,2025-09-03,2025-09-03,En,CL,,2025-11-26 06:51:57.90379+00,7802c383-1ec0-41ae-9739-8ecc2faf327c,Task.xlsx,2025-11-26 06:51:57.90379+00,2025-11-26 06:51:57.90379+00,2025-09-03,2025-09,CW36,3,P
4097,e095f230-6434-44ba-a9f5-061ed19b780b,P,CW36,CW36,2025-09-04,2025-09-04,,CL,,2025-11-26 06:51:57.90379+00,7802c383-1ec0-41ae-9739-8ecc2faf327c,Task.xlsx,2025-11-26 06:51:57.90379+00,2025-11-26 06:51:57.90379+00,2025-09-04,2025-09,CW36,4,P
4098,e095f230-6434-44ba-a9f5-061ed19b780b,P,CW36,CW36,2025-09-05,2025-09-05,,CL,,2025-11-26 06:51:57.90379+00,7802c383-1ec0-41ae-9739-8ecc2faf327c,Task.xlsx,2025-11-26 06:51:57.90379+00,2025-11-26 06:51:57.90379+00,2025-09-05,2025-09,CW36,5,P
4099,e095f230-6434-44ba-a9f5-061ed19b780b,P,CW37,CW37,2025-09-08,2025-09-08,,CL,,2025-11-26 06:51:57.90379+00,7802c383-1ec0-41ae-9739-8ecc2faf327c,Task.xlsx,2025-11-26 06:51:57.90379+00,2025-11-26 06:51:57.90379+00,2025-09-08,2025-09,CW37,8,P
4100,e095f230-6434-44ba-a9f5-061ed19b780b,P,CW37,CW37,2025-09-09,2025-09-09,,CL,,2025-11-26 06:51:57.90379+00,7802c383-1ec0-41ae-9739-8ecc2faf327c,Task.xlsx,2025-11-26 06:51:57.90379+00,2025-11-26 06:51:57.90379+00,2025-09-09,2025-09,CW37,9,P
4101,e095f230-6434-44ba-a9f5-061ed19b780b,P,CW37,CW37,2025-09-10,2025-09-10,En,CL,,2025-11-26 06:51:57.90379+00,7802c383-1ec0-41ae-9739-8ecc2faf327c,Task.xlsx,2025-11-26 06:51:57.90379+00,2025-11-26 06:51:57.90379+00,2025-09-10,2025-09,CW37,10,P
4102,e095f230-6434-44ba-a9f5-061ed19b780b,P,CW37,CW37,2025-09-11,2025-09-11,,CL,,2025-11-26 06:51:57.90379+00,7802c383-1ec0-41ae-9739-8ecc2faf327c,Task.xlsx,2025-11-26 06:51:57.90379+00,2025-11-26 06:51:57.90379+00,2025-09-11,2025-09,CW37,11,P
4103,e095f230-6434-44ba-a9f5-061ed19b780b,L,CW37,CW37,2025-09-12,2025-09-12,L,,,2025-11-26 06:51:57.90379+00,7802c383-1ec0-41ae-9739-8ecc2faf327c,Task.xlsx,2025-11-26 06:51:57.90379+00,2025-11-26 06:51:57.90379+00,2025-09-12,2025-09,CW37,12,L
4104,e095f230-6434-44ba-a9f5-061ed19b780b,P,CW38,CW38,2025-09-15,2025-09-15,En,CL,,2025-11-26 06:51:57.90379+00,7802c383-1ec0-41ae-9739-8ecc2faf327c,Task.xlsx,2025-11-26 06:51:57.90379+00,2025-11-26 06:51:57.90379+00,2025-09-15,2025-09,CW38,15,P
4105,e095f230-6434-44ba-a9f5-061ed19b780b,P,CW38,CW38,2025-09-16,2025-09-16,,CL,,2025-11-26 06:51:57.90379+00,7802c383-1ec0-41ae-9739-8ecc2faf327c,Task.xlsx,2025-11-26 06:51:57.90379+00,2025-11-26 06:51:57.90379+00,2025-09-16,2025-09,CW38,16,P
4106,e095f230-6434-44ba-a9f5-061ed19b780b,P,CW38,CW38,2025-09-17,2025-09-17,,CL,,2025-11-26 06:51:57.90379+00,7802c383-1ec0-41ae-9739-8ecc2faf327c,Task.xlsx,2025-11-26 06:51:57.90379+00,2025-11-26 06:51:57.90379+00,2025-09-17,2025-09,CW38,17,P
4107,e095f230-6434-44ba-a9f5-061ed19b780b,C,CW38,CW38,2025-09-18,2025-09-18,,EA,,2025-11-26 06:51:57.90379+00,7802c383-1ec0-41ae-9739-8ecc2faf327c,Task.xlsx,2025-11-26 06:51:57.90379+00,2025-11-26 06:51:57.90379+00,2025-09-18,2025-09,CW38,18,C
4108,e095f230-6434-44ba-a9f5-061ed19b780b,P,CW38,CW38,2025-09-19,2025-09-19,En,CL,,2025-11-26 06:51:57.90379+00,7802c383-1ec0-41ae-9739-8ecc2faf327c,Task.xlsx,2025-11-26 06:51:57.90379+00,2025-11-26 06:51:57.90379+00,2025-09-19,2025-09,CW38,19,P
4109,e095f230-6434-44ba-a9f5-061ed19b780b,P,CW39,CW39,2025-09-22,2025-09-22,,CL,,2025-11-26 06:51:57.90379+00,7802c383-1ec0-41ae-9739-8ecc2faf327c,Task.xlsx,2025-11-26 06:51:57.90379+00,2025-11-26 06:51:57.90379+00,2025-09-22,2025-09,CW39,22,P
4110,e095f230-6434-44ba-a9f5-061ed19b780b,P,CW39,CW39,2025-09-23,2025-09-23,En,CL,,2025-11-26 06:51:57.90379+00,7802c383-1ec0-41ae-9739-8ecc2faf327c,Task.xlsx,2025-11-26 06:51:57.90379+00,2025-11-26 06:51:57.90379+00,2025-09-23,2025-09,CW39,23,P
4111,e095f230-6434-44ba-a9f5-061ed19b780b,P,CW39,CW39,2025-09-24,2025-09-24,,CL,,2025-11-26 06:51:57.90379+00,7802c383-1ec0-41ae-9739-8ecc2faf327c,Task.xlsx,2025-11-26 06:51:57.90379+00,2025-11-26 06:51:57.90379+00,2025-09-24,2025-09,CW39,24,P
4112,e095f230-6434-44ba-a9f5-061ed19b780b,P,CW39,CW39,2025-09-25,2025-09-25,,CL,,2025-11-26 06:51:57.90379+00,7802c383-1ec0-41ae-9739-8ecc2faf327c,Task.xlsx,2025-11-26 06:51:57.90379+00,2025-11-26 06:51:57.90379+00,2025-09-25,2025-09,CW39,25,P
4113,e095f230-6434-44ba-a9f5-061ed19b780b,P,CW39,CW39,2025-09-26,2025-09-26,,CL,,2025-11-26 06:51:57.90379+00,7802c383-1ec0-41ae-9739-8ecc2faf327c,Task.xlsx,2025-11-26 06:51:57.90379+00,2025-11-26 06:51:57.90379+00,2025-09-26,2025-09,CW39,26,P
4114,e095f230-6434-44ba-a9f5-061ed19b780b,L,CW39,CW39,2025-09-28,2025-09-28,,,,2025-11-26 06:51:57.90379+00,7802c383-1ec0-41ae-9739-8ecc2faf327c,Task.xlsx,2025-11-26 06:51:57.90379+00,2025-11-26 06:51:57.90379+00,2025-09-28,2025-09,CW39,28,L
4115,e095f230-6434-44ba-a9f5-061ed19b780b,P,CW40,CW40,2025-09-29,2025-09-29,,LN,,2025-11-26 06:51:57.90379+00,7802c383-1ec0-41ae-9739-8ecc2faf327c,Task.xlsx,2025-11-26 06:51:57.90379+00,2025-11-26 06:51:57.90379+00,2025-09-29,2025-09,CW40,29,P
4116,e095f230-6434-44ba-a9f5-061ed19b780b,L,CW40,CW40,2025-09-30,2025-09-30,,,,2025-11-26 06:51:57.90379+00,7802c383-1ec0-41ae-9739-8ecc2faf327c,Task.xlsx,2025-11-26 06:51:57.90379+00,2025-11-26 06:51:57.90379+00,2025-09-30,2025-09,CW40,30,L
4117,e095f230-6434-44ba-a9f5-061ed19b780b,P,CW41,CW41,2025-10-09,2025-10-09,,CL,,2025-11-26 06:51:57.90379+00,7802c383-1ec0-41ae-9739-8ecc2faf327c,Task.xlsx,2025-11-26 06:51:57.90379+00,2025-11-26 06:51:57.90379+00,2025-10-09,2025-10,CW41,9,P
4118,e095f230-6434-44ba-a9f5-061ed19b780b,P,CW41,CW41,2025-10-10,2025-10-10,En,CL,,2025-11-26 06:51:57.90379+00,7802c383-1ec0-41ae-9739-8ecc2faf327c,Task.xlsx,2025-11-26 06:51:57.90379+00,2025-11-26 06:51:57.90379+00,2025-10-10,2025-10,CW41,10,P
4119,e095f230-6434-44ba-a9f5-061ed19b780b,L,CW41,CW41,2025-10-11,2025-10-11,,,,2025-11-26 06:51:57.90379+00,7802c383-1ec0-41ae-9739-8ecc2faf327c,Task.xlsx,2025-11-26 06:51:57.90379+00,2025-11-26 06:51:57.90379+00,2025-10-11,2025-10,CW41,11,L
4120,e095f230-6434-44ba-a9f5-061ed19b780b,P,CW42,CW42,2025-10-13,2025-10-13,,CL,,2025-11-26 06:51:57.90379+00,7802c383-1ec0-41ae-9739-8ecc2faf327c,Task.xlsx,2025-11-26 06:51:57.90379+00,2025-11-26 06:51:57.90379+00,2025-10-13,2025-10,CW42,13,P
4121,e095f230-6434-44ba-a9f5-061ed19b780b,P,CW42,CW42,2025-10-14,2025-10-14,En,CL,,2025-11-26 06:51:57.90379+00,7802c383-1ec0-41ae-9739-8ecc2faf327c,Task.xlsx,2025-11-26 06:51:57.90379+00,2025-11-26 06:51:57.90379+00,2025-10-14,2025-10,CW42,14,P
4122,e095f230-6434-44ba-a9f5-061ed19b780b,T,CW42,CW42,2025-10-15,2025-10-15,JIPM,EA,,2025-11-26 06:51:57.90379+00,7802c383-1ec0-41ae-9739-8ecc2faf327c,Task.xlsx,2025-11-26 06:51:57.90379+00,2025-11-26 06:51:57.90379+00,2025-10-15,2025-10,CW42,15,T
4123,e095f230-6434-44ba-a9f5-061ed19b780b,T,CW42,CW42,2025-10-16,2025-10-16,,EA,,2025-11-26 06:51:57.90379+00,7802c383-1ec0-41ae-9739-8ecc2faf327c,Task.xlsx,2025-11-26 06:51:57.90379+00,2025-11-26 06:51:57.90379+00,2025-10-16,2025-10,CW42,16,T
4124,e095f230-6434-44ba-a9f5-061ed19b780b,P,CW42,CW42,2025-10-17,2025-10-17,,CL,,2025-11-26 06:51:57.90379+00,7802c383-1ec0-41ae-9739-8ecc2faf327c,Task.xlsx,2025-11-26 06:51:57.90379+00,2025-11-26 06:51:57.90379+00,2025-10-17,2025-10,CW42,17,P
4125,e095f230-6434-44ba-a9f5-061ed19b780b,P,CW43,CW43,2025-10-20,2025-10-20,,CL,,2025-11-26 06:51:57.90379+00,7802c383-1ec0-41ae-9739-8ecc2faf327c,Task.xlsx,2025-11-26 06:51:57.90379+00,2025-11-26 06:51:57.90379+00,2025-10-20,2025-10,CW43,20,P
4126,e095f230-6434-44ba-a9f5-061ed19b780b,P,CW43,CW43,2025-10-21,2025-10-21,En,CL,,2025-11-26 06:51:57.90379+00,7802c383-1ec0-41ae-9739-8ecc2faf327c,Task.xlsx,2025-11-26 06:51:57.90379+00,2025-11-26 06:51:57.90379+00,2025-10-21,2025-10,CW43,21,P
4127,e095f230-6434-44ba-a9f5-061ed19b780b,P,CW43,CW43,2025-10-22,2025-10-22,,CL,,2025-11-26 06:51:57.90379+00,7802c383-1ec0-41ae-9739-8ecc2faf327c,Task.xlsx,2025-11-26 06:51:57.90379+00,2025-11-26 06:51:57.90379+00,2025-10-22,2025-10,CW43,22,P
4128,e095f230-6434-44ba-a9f5-061ed19b780b,P,CW43,CW43,2025-10-23,2025-10-23,,CL,,2025-11-26 06:51:57.90379+00,7802c383-1ec0-41ae-9739-8ecc2faf327c,Task.xlsx,2025-11-26 06:51:57.90379+00,2025-11-26 06:51:57.90379+00,2025-10-23,2025-10,CW43,23,P
4129,e095f230-6434-44ba-a9f5-061ed19b780b,T,CW43,CW43,2025-10-24,2025-10-24,,HA,,2025-11-26 06:51:57.90379+00,7802c383-1ec0-41ae-9739-8ecc2faf327c,Task.xlsx,2025-11-26 06:51:57.90379+00,2025-11-26 06:51:57.90379+00,2025-10-24,2025-10,CW43,24,T
4130,e095f230-6434-44ba-a9f5-061ed19b780b,T,CW44,CW44,2025-10-27,2025-10-27,WAS,HA,,2025-11-26 06:51:57.90379+00,7802c383-1ec0-41ae-9739-8ecc2faf327c,Task.xlsx,2025-11-26 06:51:57.90379+00,2025-11-26 06:51:57.90379+00,2025-10-27,2025-10,CW44,27,T
4131,e095f230-6434-44ba-a9f5-061ed19b780b,T,CW44,CW44,2025-10-28,2025-10-28,,HA,,2025-11-26 06:51:57.90379+00,7802c383-1ec0-41ae-9739-8ecc2faf327c,Task.xlsx,2025-11-26 06:51:57.90379+00,2025-11-26 06:51:57.90379+00,2025-10-28,2025-10,CW44,28,T
4132,e095f230-6434-44ba-a9f5-061ed19b780b,T,CW44,CW44,2025-10-29,2025-10-29,,HA,,2025-11-26 06:51:57.90379+00,7802c383-1ec0-41ae-9739-8ecc2faf327c,Task.xlsx,2025-11-26 06:51:57.90379+00,2025-11-26 06:51:57.90379+00,2025-10-29,2025-10,CW44,29,T
4133,e095f230-6434-44ba-a9f5-061ed19b780b,T,CW44,CW44,2025-10-30,2025-10-30,10kk,SCh,,2025-11-26 06:51:57.90379+00,7802c383-1ec0-41ae-9739-8ecc2faf327c,Task.xlsx,2025-11-26 06:51:57.90379+00,2025-11-26 06:51:57.90379+00,2025-10-30,2025-10,CW44,30,T
4134,e095f230-6434-44ba-a9f5-061ed19b780b,P,CW44,CW44,2025-10-31,2025-10-31,,EA,,2025-11-26 06:51:57.90379+00,7802c383-1ec0-41ae-9739-8ecc2faf327c,Task.xlsx,2025-11-26 06:51:57.90379+00,2025-11-26 06:51:57.90379+00,2025-10-31,2025-10,CW44,31,P
4135,e095f230-6434-44ba-a9f5-061ed19b780b,P,CW45,CW45,2025-11-03,2025-11-03,,CL,,2025-11-26 06:51:57.90379+00,7802c383-1ec0-41ae-9739-8ecc2faf327c,Task.xlsx,2025-11-26 06:51:57.90379+00,2025-11-26 06:51:57.90379+00,2025-11-03,2025-11,CW45,3,P
4136,e095f230-6434-44ba-a9f5-061ed19b780b,P,CW45,CW45,2025-11-04,2025-11-04,En,CL,,2025-11-26 06:51:57.90379+00,7802c383-1ec0-41ae-9739-8ecc2faf327c,Task.xlsx,2025-11-26 06:51:57.90379+00,2025-11-26 06:51:57.90379+00,2025-11-04,2025-11,CW45,4,P
4137,e095f230-6434-44ba-a9f5-061ed19b780b,P,CW45,CW45,2025-11-05,2025-11-05,,CL,,2025-11-26 06:51:57.90379+00,7802c383-1ec0-41ae-9739-8ecc2faf327c,Task.xlsx,2025-11-26 06:51:57.90379+00,2025-11-26 06:51:57.90379+00,2025-11-05,2025-11,CW45,5,P
4138,e095f230-6434-44ba-a9f5-061ed19b780b,P,CW45,CW45,2025-11-06,2025-11-06,,CL,,2025-11-26 06:51:57.90379+00,7802c383-1ec0-41ae-9739-8ecc2faf327c,Task.xlsx,2025-11-26 06:51:57.90379+00,2025-11-26 06:51:57.90379+00,2025-11-06,2025-11,CW45,6,P
4139,e095f230-6434-44ba-a9f5-061ed19b780b,P,CW45,CW45,2025-11-07,2025-11-07,,CL,,2025-11-26 06:51:57.90379+00,7802c383-1ec0-41ae-9739-8ecc2faf327c,Task.xlsx,2025-11-26 06:51:57.90379+00,2025-11-26 06:51:57.90379+00,2025-11-07,2025-11,CW45,7,P
4140,e095f230-6434-44ba-a9f5-061ed19b780b,P,CW46,CW46,2025-11-10,2025-11-10,,CL,,2025-11-26 06:51:57.90379+00,7802c383-1ec0-41ae-9739-8ecc2faf327c,Task.xlsx,2025-11-26 06:51:57.90379+00,2025-11-26 06:51:57.90379+00,2025-11-10,2025-11,CW46,10,P
4141,e095f230-6434-44ba-a9f5-061ed19b780b,P,CW46,CW46,2025-11-11,2025-11-11,En,CL,,2025-11-26 06:51:57.90379+00,7802c383-1ec0-41ae-9739-8ecc2faf327c,Task.xlsx,2025-11-26 06:51:57.90379+00,2025-11-26 06:51:57.90379+00,2025-11-11,2025-11,CW46,11,P
4142,e095f230-6434-44ba-a9f5-061ed19b780b,P,CW46,CW46,2025-11-12,2025-11-12,,CL,,2025-11-26 06:51:57.90379+00,7802c383-1ec0-41ae-9739-8ecc2faf327c,Task.xlsx,2025-11-26 06:51:57.90379+00,2025-11-26 06:51:57.90379+00,2025-11-12,2025-11,CW46,12,P
4143,e095f230-6434-44ba-a9f5-061ed19b780b,P,CW46,CW46,2025-11-13,2025-11-13,,CL,,2025-11-26 06:51:57.90379+00,7802c383-1ec0-41ae-9739-8ecc2faf327c,Task.xlsx,2025-11-26 06:51:57.90379+00,2025-11-26 06:51:57.90379+00,2025-11-13,2025-11,CW46,13,P
4144,e095f230-6434-44ba-a9f5-061ed19b780b,P,CW46,CW46,2025-11-14,2025-11-14,,CL,,2025-11-26 06:51:57.90379+00,7802c383-1ec0-41ae-9739-8ecc2faf327c,Task.xlsx,2025-11-26 06:51:57.90379+00,2025-11-26 06:51:57.90379+00,2025-11-14,2025-11,CW46,14,P
4145,1c126e0f-a118-4a00-b983-fef36df9e86c,P,CW43,CW43,2025-10-20,2025-10-20,Kyoben,CL,,2025-11-26 06:51:57.90379+00,7802c383-1ec0-41ae-9739-8ecc2faf327c,Task.xlsx,2025-11-26 06:51:57.90379+00,2025-11-26 06:51:57.90379+00,2025-10-20,2025-10,CW43,20,P
4146,1c126e0f-a118-4a00-b983-fef36df9e86c,P,CW43,CW43,2025-10-21,2025-10-21,,CL,,2025-11-26 06:51:57.90379+00,7802c383-1ec0-41ae-9739-8ecc2faf327c,Task.xlsx,2025-11-26 06:51:57.90379+00,2025-11-26 06:51:57.90379+00,2025-10-21,2025-10,CW43,21,P
4147,1c126e0f-a118-4a00-b983-fef36df9e86c,P,CW43,CW43,2025-10-22,2025-10-22,,CL,,2025-11-26 06:51:57.90379+00,7802c383-1ec0-41ae-9739-8ecc2faf327c,Task.xlsx,2025-11-26 06:51:57.90379+00,2025-11-26 06:51:57.90379+00,2025-10-22,2025-10,CW43,22,P
4148,1c126e0f-a118-4a00-b983-fef36df9e86c,P,CW43,CW43,2025-10-23,2025-10-23,,CL,,2025-11-26 06:51:57.90379+00,7802c383-1ec0-41ae-9739-8ecc2faf327c,Task.xlsx,2025-11-26 06:51:57.90379+00,2025-11-26 06:51:57.90379+00,2025-10-23,2025-10,CW43,23,P
4149,1c126e0f-a118-4a00-b983-fef36df9e86c,T,CW43,CW43,2025-10-24,2025-10-24,WATS,SCh,,2025-11-26 06:51:57.90379+00,7802c383-1ec0-41ae-9739-8ecc2faf327c,Task.xlsx,2025-11-26 06:51:57.90379+00,2025-11-26 06:51:57.90379+00,2025-10-24,2025-10,CW43,24,T
4150,1c126e0f-a118-4a00-b983-fef36df9e86c,T,CW44,CW44,2025-10-27,2025-10-27,WATS,SCh,,2025-11-26 06:51:57.90379+00,7802c383-1ec0-41ae-9739-8ecc2faf327c,Task.xlsx,2025-11-26 06:51:57.90379+00,2025-11-26 06:51:57.90379+00,2025-10-27,2025-10,CW44,27,T
4151,1c126e0f-a118-4a00-b983-fef36df9e86c,T,CW44,CW44,2025-10-28,2025-10-28,,SCh,,2025-11-26 06:51:57.90379+00,7802c383-1ec0-41ae-9739-8ecc2faf327c,Task.xlsx,2025-11-26 06:51:57.90379+00,2025-11-26 06:51:57.90379+00,2025-10-28,2025-10,CW44,28,T
4152,1c126e0f-a118-4a00-b983-fef36df9e86c,T,CW44,CW44,2025-10-29,2025-10-29,,SCh,,2025-11-26 06:51:57.90379+00,7802c383-1ec0-41ae-9739-8ecc2faf327c,Task.xlsx,2025-11-26 06:51:57.90379+00,2025-11-26 06:51:57.90379+00,2025-10-29,2025-10,CW44,29,T
4153,1c126e0f-a118-4a00-b983-fef36df9e86c,T,CW44,CW44,2025-10-30,2025-10-30,TPM,SCh,,2025-11-26 06:51:57.90379+00,7802c383-1ec0-41ae-9739-8ecc2faf327c,Task.xlsx,2025-11-26 06:51:57.90379+00,2025-11-26 06:51:57.90379+00,2025-10-30,2025-10,CW44,30,T
4154,1c126e0f-a118-4a00-b983-fef36df9e86c,P,CW45,CW45,2025-11-03,2025-11-03,Kyoben,LC,,2025-11-26 06:51:57.90379+00,7802c383-1ec0-41ae-9739-8ecc2faf327c,Task.xlsx,2025-11-26 06:51:57.90379+00,2025-11-26 06:51:57.90379+00,2025-11-03,2025-11,CW45,3,P
4155,1c126e0f-a118-4a00-b983-fef36df9e86c,P,CW45,CW45,2025-11-04,2025-11-04,,LC,,2025-11-26 06:51:57.90379+00,7802c383-1ec0-41ae-9739-8ecc2faf327c,Task.xlsx,2025-11-26 06:51:57.90379+00,2025-11-26 06:51:57.90379+00,2025-11-04,2025-11,CW45,4,P
4156,1c126e0f-a118-4a00-b983-fef36df9e86c,P,CW45,CW45,2025-11-05,2025-11-05,,LC,,2025-11-26 06:51:57.90379+00,7802c383-1ec0-41ae-9739-8ecc2faf327c,Task.xlsx,2025-11-26 06:51:57.90379+00,2025-11-26 06:51:57.90379+00,2025-11-05,2025-11,CW45,5,P
4157,1c126e0f-a118-4a00-b983-fef36df9e86c,P,CW45,CW45,2025-11-06,2025-11-06,,LC,,2025-11-26 06:51:57.90379+00,7802c383-1ec0-41ae-9739-8ecc2faf327c,Task.xlsx,2025-11-26 06:51:57.90379+00,2025-11-26 06:51:57.90379+00,2025-11-06,2025-11,CW45,6,P
4158,1c126e0f-a118-4a00-b983-fef36df9e86c,P,CW45,CW45,2025-11-07,2025-11-07,,LC,,2025-11-26 06:51:57.90379+00,7802c383-1ec0-41ae-9739-8ecc2faf327c,Task.xlsx,2025-11-26 06:51:57.90379+00,2025-11-26 06:51:57.90379+00,2025-11-07,2025-11,CW45,7,P
4159,1c126e0f-a118-4a00-b983-fef36df9e86c,T,CW46,CW46,2025-11-10,2025-11-10,TPM,SCh,,2025-11-26 06:51:57.90379+00,7802c383-1ec0-41ae-9739-8ecc2faf327c,Task.xlsx,2025-11-26 06:51:57.90379+00,2025-11-26 06:51:57.90379+00,2025-11-10,2025-11,CW46,10,T
4160,1c126e0f-a118-4a00-b983-fef36df9e86c,T,CW46,CW46,2025-11-11,2025-11-11,WAtS for white collar,LC,,2025-11-26 06:51:57.90379+00,7802c383-1ec0-41ae-9739-8ecc2faf327c,Task.xlsx,2025-11-26 06:51:57.90379+00,2025-11-26 06:51:57.90379+00,2025-11-11,2025-11,CW46,11,T
4161,1c126e0f-a118-4a00-b983-fef36df9e86c,T,CW46,CW46,2025-11-12,2025-11-12,,LC,,2025-11-26 06:51:57.90379+00,7802c383-1ec0-41ae-9739-8ecc2faf327c,Task.xlsx,2025-11-26 06:51:57.90379+00,2025-11-26 06:51:57.90379+00,2025-11-12,2025-11,CW46,12,T
4162,1c126e0f-a118-4a00-b983-fef36df9e86c,T,CW46,CW46,2025-11-13,2025-11-13,,LC,,2025-11-26 06:51:57.90379+00,7802c383-1ec0-41ae-9739-8ecc2faf327c,Task.xlsx,2025-11-26 06:51:57.90379+00,2025-11-26 06:51:57.90379+00,2025-11-13,2025-11,CW46,13,T
4163,1c126e0f-a118-4a00-b983-fef36df9e86c,T,CW46,CW46,2025-11-14,2025-11-14,,LC,,2025-11-26 06:51:57.90379+00,7802c383-1ec0-41ae-9739-8ecc2faf327c,Task.xlsx,2025-11-26 06:51:57.90379+00,2025-11-26 06:51:57.90379+00,2025-11-14,2025-11,CW46,14,T
4164,1c126e0f-a118-4a00-b983-fef36df9e86c,P,CW47,CW47,2025-11-17,2025-11-17,Kyoben,LC,,2025-11-26 06:51:57.90379+00,7802c383-1ec0-41ae-9739-8ecc2faf327c,Task.xlsx,2025-11-26 06:51:57.90379+00,2025-11-26 06:51:57.90379+00,2025-11-17,2025-11,CW47,17,P
4165,1c126e0f-a118-4a00-b983-fef36df9e86c,P,CW47,CW47,2025-11-18,2025-11-18,,LC,,2025-11-26 06:51:57.90379+00,7802c383-1ec0-41ae-9739-8ecc2faf327c,Task.xlsx,2025-11-26 06:51:57.90379+00,2025-11-26 06:51:57.90379+00,2025-11-18,2025-11,CW47,18,P
4166,1c126e0f-a118-4a00-b983-fef36df9e86c,P,CW47,CW47,2025-11-19,2025-11-19,,LC,,2025-11-26 06:51:57.90379+00,7802c383-1ec0-41ae-9739-8ecc2faf327c,Task.xlsx,2025-11-26 06:51:57.90379+00,2025-11-26 06:51:57.90379+00,2025-11-19,2025-11,CW47,19,P
4167,1c126e0f-a118-4a00-b983-fef36df9e86c,P,CW47,CW47,2025-11-20,2025-11-20,,LC,,2025-11-26 06:51:57.90379+00,7802c383-1ec0-41ae-9739-8ecc2faf327c,Task.xlsx,2025-11-26 06:51:57.90379+00,2025-11-26 06:51:57.90379+00,2025-11-20,2025-11,CW47,20,P
4168,1c126e0f-a118-4a00-b983-fef36df9e86c,P,CW47,CW47,2025-11-21,2025-11-21,,LC,,2025-11-26 06:51:57.90379+00,7802c383-1ec0-41ae-9739-8ecc2faf327c,Task.xlsx,2025-11-26 06:51:57.90379+00,2025-11-26 06:51:57.90379+00,2025-11-21,2025-11,CW47,21,P
4169,1c126e0f-a118-4a00-b983-fef36df9e86c,T,CW48,CW48,2025-11-24,2025-11-24,TTT,SCh,,2025-11-26 06:51:57.90379+00,7802c383-1ec0-41ae-9739-8ecc2faf327c,Task.xlsx,2025-11-26 06:51:57.90379+00,2025-11-26 06:51:57.90379+00,2025-11-24,2025-11,CW48,24,T
4170,1c126e0f-a118-4a00-b983-fef36df9e86c,T,CW48,CW48,2025-11-25,2025-11-25,WATS,SCh,,2025-11-26 06:51:57.90379+00,7802c383-1ec0-41ae-9739-8ecc2faf327c,Task.xlsx,2025-11-26 06:51:57.90379+00,2025-11-26 06:51:57.90379+00,2025-11-25,2025-11,CW48,25,T
4171,1c126e0f-a118-4a00-b983-fef36df9e86c,T,CW48,CW48,2025-11-26,2025-11-26,,SCh,,2025-11-26 06:51:57.90379+00,7802c383-1ec0-41ae-9739-8ecc2faf327c,Task.xlsx,2025-11-26 06:51:57.90379+00,2025-11-26 06:51:57.90379+00,2025-11-26,2025-11,CW48,26,T
4172,1c126e0f-a118-4a00-b983-fef36df9e86c,T,CW48,CW48,2025-11-27,2025-11-27,,SCh,,2025-11-26 06:51:57.90379+00,7802c383-1ec0-41ae-9739-8ecc2faf327c,Task.xlsx,2025-11-26 06:51:57.90379+00,2025-11-26 06:51:57.90379+00,2025-11-27,2025-11,CW48,27,T
4173,1c126e0f-a118-4a00-b983-fef36df9e86c,T,CW48,CW48,2025-11-28,2025-11-28,,SCh,,2025-11-26 06:51:57.90379+00,7802c383-1ec0-41ae-9739-8ecc2faf327c,Task.xlsx,2025-11-26 06:51:57.90379+00,2025-11-26 06:51:57.90379+00,2025-11-28,2025-11,CW48,28,T
4174,1c126e0f-a118-4a00-b983-fef36df9e86c,P,CW49,CW49,2025-12-01,2025-12-01,Kyoben,LC,,2025-11-26 06:51:57.90379+00,7802c383-1ec0-41ae-9739-8ecc2faf327c,Task.xlsx,2025-11-26 06:51:57.90379+00,2025-11-26 06:51:57.90379+00,2025-12-01,2025-12,CW49,1,P
4175,1c126e0f-a118-4a00-b983-fef36df9e86c,P,CW49,CW49,2025-12-02,2025-12-02,,LC,,2025-11-26 06:51:57.90379+00,7802c383-1ec0-41ae-9739-8ecc2faf327c,Task.xlsx,2025-11-26 06:51:57.90379+00,2025-11-26 06:51:57.90379+00,2025-12-02,2025-12,CW49,2,P
4176,1c126e0f-a118-4a00-b983-fef36df9e86c,P,CW49,CW49,2025-12-03,2025-12-03,,LC,,2025-11-26 06:51:57.90379+00,7802c383-1ec0-41ae-9739-8ecc2faf327c,Task.xlsx,2025-11-26 06:51:57.90379+00,2025-11-26 06:51:57.90379+00,2025-12-03,2025-12,CW49,3,P
4177,1c126e0f-a118-4a00-b983-fef36df9e86c,P,CW49,CW49,2025-12-04,2025-12-04,,LC,,2025-11-26 06:51:57.90379+00,7802c383-1ec0-41ae-9739-8ecc2faf327c,Task.xlsx,2025-11-26 06:51:57.90379+00,2025-11-26 06:51:57.90379+00,2025-12-04,2025-12,CW49,4,P
4178,1c126e0f-a118-4a00-b983-fef36df9e86c,P,CW49,CW49,2025-12-05,2025-12-05,,LC,,2025-11-26 06:51:57.90379+00,7802c383-1ec0-41ae-9739-8ecc2faf327c,Task.xlsx,2025-11-26 06:51:57.90379+00,2025-11-26 06:51:57.90379+00,2025-12-05,2025-12,CW49,5,P
4179,1c126e0f-a118-4a00-b983-fef36df9e86c,T,CW50,CW50,2025-12-09,2025-12-09,TPM,SCh,,2025-11-26 06:51:57.90379+00,7802c383-1ec0-41ae-9739-8ecc2faf327c,Task.xlsx,2025-11-26 06:51:57.90379+00,2025-11-26 06:51:57.90379+00,2025-12-09,2025-12,CW50,9,T
4180,1c126e0f-a118-4a00-b983-fef36df9e86c,T,CW50,CW50,2025-12-11,2025-12-11,TTT,SCh,,2025-11-26 06:51:57.90379+00,7802c383-1ec0-41ae-9739-8ecc2faf327c,Task.xlsx,2025-11-26 06:51:57.90379+00,2025-11-26 06:51:57.90379+00,2025-12-11,2025-12,CW50,11,T
4181,1c126e0f-a118-4a00-b983-fef36df9e86c,P,CW51,CW51,2025-12-15,2025-12-15,Kyoben,LC,,2025-11-26 06:51:57.90379+00,7802c383-1ec0-41ae-9739-8ecc2faf327c,Task.xlsx,2025-11-26 06:51:57.90379+00,2025-11-26 06:51:57.90379+00,2025-12-15,2025-12,CW51,15,P
4182,1c126e0f-a118-4a00-b983-fef36df9e86c,P,CW51,CW51,2025-12-16,2025-12-16,,LC,,2025-11-26 06:51:57.90379+00,7802c383-1ec0-41ae-9739-8ecc2faf327c,Task.xlsx,2025-11-26 06:51:57.90379+00,2025-11-26 06:51:57.90379+00,2025-12-16,2025-12,CW51,16,P
4183,1c126e0f-a118-4a00-b983-fef36df9e86c,P,CW51,CW51,2025-12-17,2025-12-17,,LC,,2025-11-26 06:51:57.90379+00,7802c383-1ec0-41ae-9739-8ecc2faf327c,Task.xlsx,2025-11-26 06:51:57.90379+00,2025-11-26 06:51:57.90379+00,2025-12-17,2025-12,CW51,17,P
4184,1c126e0f-a118-4a00-b983-fef36df9e86c,P,CW51,CW51,2025-12-18,2025-12-18,,LC,,2025-11-26 06:51:57.90379+00,7802c383-1ec0-41ae-9739-8ecc2faf327c,Task.xlsx,2025-11-26 06:51:57.90379+00,2025-11-26 06:51:57.90379+00,2025-12-18,2025-12,CW51,18,P
4185,1c126e0f-a118-4a00-b983-fef36df9e86c,P,CW51,CW51,2025-12-19,2025-12-19,,LC,,2025-11-26 06:51:57.90379+00,7802c383-1ec0-41ae-9739-8ecc2faf327c,Task.xlsx,2025-11-26 06:51:57.90379+00,2025-11-26 06:51:57.90379+00,2025-12-19,2025-12,CW51,19,P